"feature","repeat_id","row_id","donor_row_id"
"signal",1,586,237
"signal",1,100,349
"signal",1,286,148
"signal",1,371,674
"signal",1,304,399
"signal",1,210,258
"signal",1,608,14
"signal",1,127,633
"signal",1,581,572
"signal",1,621,314
"signal",1,22,425
"signal",1,257,544
"signal",1,15,488
"signal",1,27,682
"signal",1,274,160
"signal",1,643,270
"signal",1,227,418
"signal",1,231,328
"signal",1,599,450
"signal",1,160,511
"signal",1,95,560
"signal",1,102,646
"signal",1,594,402
"signal",1,314,304
"signal",1,630,38
"signal",1,154,261
"signal",1,646,286
"signal",1,545,185
"signal",1,161,421
"signal",1,313,448
"signal",1,224,514
"signal",1,189,473
"signal",1,128,325
"signal",1,445,463
"signal",1,342,97
"signal",1,97,54
"signal",1,324,508
"signal",1,479,694
"signal",1,103,371
"signal",1,140,145
"signal",1,511,377
"signal",1,421,210
"signal",1,514,176
"signal",1,405,556
"signal",1,528,252
"signal",1,517,485
"signal",1,572,100
"signal",1,50,626
"signal",1,237,121
"signal",1,622,396
"signal",1,129,621
"signal",1,579,140
"signal",1,651,24
"signal",1,462,128
"signal",1,343,156
"signal",1,533,181
"signal",1,177,197
"signal",1,185,259
"signal",1,593,171
"signal",1,147,196
"signal",1,523,161
"signal",1,28,665
"signal",1,655,500
"signal",1,167,581
"signal",1,349,613
"signal",1,41,342
"signal",1,253,213
"signal",1,54,643
"signal",1,676,668
"signal",1,558,507
"signal",1,425,676
"signal",1,283,548
"signal",1,196,298
"signal",1,674,20
"signal",1,221,602
"signal",1,665,231
"signal",1,89,69
"signal",1,446,343
"signal",1,490,179
"signal",1,689,95
"signal",1,469,177
"signal",1,20,55
"signal",1,184,444
"signal",1,500,588
"signal",1,440,15
"signal",1,628,651
"signal",1,40,462
"signal",1,382,184
"signal",1,488,189
"signal",1,183,689
"signal",1,588,147
"signal",1,38,138
"signal",1,213,469
"signal",1,195,23
"signal",1,627,137
"signal",1,519,92
"signal",1,172,283
"signal",1,652,198
"signal",1,145,652
"signal",1,544,479
"signal",1,668,586
"signal",1,121,13
"signal",1,181,398
"signal",1,261,89
"signal",1,69,562
"signal",1,171,382
"signal",1,613,195
"signal",1,562,322
"signal",1,402,627
"signal",1,682,446
"signal",1,328,630
"signal",1,386,129
"signal",1,198,655
"signal",1,418,40
"signal",1,138,227
"signal",1,556,517
"signal",1,548,27
"signal",1,485,315
"signal",1,626,117
"signal",1,42,533
"signal",1,336,628
"signal",1,258,558
"signal",1,398,324
"signal",1,179,565
"signal",1,47,336
"signal",1,92,167
"signal",1,187,224
"signal",1,633,445
"signal",1,298,313
"signal",1,176,28
"signal",1,450,253
"signal",1,23,102
"signal",1,66,515
"signal",1,117,622
"signal",1,515,528
"signal",1,463,8
"signal",1,506,274
"signal",1,507,50
"signal",1,259,594
"signal",1,685,257
"signal",1,434,154
"signal",1,322,221
"signal",1,473,42
"signal",1,396,238
"signal",1,137,440
"signal",1,399,263
"signal",1,55,282
"signal",1,325,545
"signal",1,252,22
"signal",1,13,593
"signal",1,694,490
"signal",1,24,41
"signal",1,148,47
"signal",1,270,405
"signal",1,186,187
"signal",1,215,183
"signal",1,392,523
"signal",1,238,599
"signal",1,377,519
"signal",1,165,392
"signal",1,8,372
"signal",1,372,103
"signal",1,560,434
"signal",1,197,172
"signal",1,565,186
"signal",1,448,66
"signal",1,315,579
"signal",1,444,215
"signal",1,156,685
"signal",1,263,241
"signal",1,602,386
"signal",1,241,506
"signal",1,508,608
"signal",1,282,127
"signal",1,14,165
"signal",2,586,646
"signal",2,100,313
"signal",2,286,544
"signal",2,371,221
"signal",2,304,137
"signal",2,210,28
"signal",2,608,15
"signal",2,127,92
"signal",2,581,179
"signal",2,621,655
"signal",2,22,237
"signal",2,257,523
"signal",2,15,556
"signal",2,27,586
"signal",2,274,602
"signal",2,643,545
"signal",2,227,100
"signal",2,231,463
"signal",2,599,187
"signal",2,160,286
"signal",2,95,156
"signal",2,102,257
"signal",2,594,129
"signal",2,314,627
"signal",2,630,572
"signal",2,154,533
"signal",2,646,396
"signal",2,545,621
"signal",2,161,215
"signal",2,313,20
"signal",2,224,165
"signal",2,189,213
"signal",2,128,177
"signal",2,445,500
"signal",2,342,485
"signal",2,97,197
"signal",2,324,121
"signal",2,479,462
"signal",2,103,343
"signal",2,140,507
"signal",2,511,185
"signal",2,421,514
"signal",2,514,440
"signal",2,405,259
"signal",2,528,565
"signal",2,517,231
"signal",2,572,506
"signal",2,50,652
"signal",2,237,258
"signal",2,622,421
"signal",2,129,97
"signal",2,579,160
"signal",2,651,490
"signal",2,462,685
"signal",2,343,425
"signal",2,533,198
"signal",2,177,14
"signal",2,185,195
"signal",2,593,304
"signal",2,147,628
"signal",2,523,315
"signal",2,28,418
"signal",2,655,511
"signal",2,167,22
"signal",2,349,38
"signal",2,41,479
"signal",2,253,171
"signal",2,54,196
"signal",2,676,594
"signal",2,558,183
"signal",2,425,69
"signal",2,283,386
"signal",2,196,599
"signal",2,674,328
"signal",2,221,66
"signal",2,665,47
"signal",2,89,444
"signal",2,446,560
"signal",2,490,488
"signal",2,689,238
"signal",2,469,593
"signal",2,20,282
"signal",2,184,24
"signal",2,500,668
"signal",2,440,95
"signal",2,628,558
"signal",2,40,694
"signal",2,382,674
"signal",2,488,298
"signal",2,183,608
"signal",2,588,27
"signal",2,38,270
"signal",2,213,651
"signal",2,195,148
"signal",2,627,325
"signal",2,519,324
"signal",2,172,41
"signal",2,652,342
"signal",2,145,445
"signal",2,544,626
"signal",2,668,517
"signal",2,121,224
"signal",2,181,184
"signal",2,261,314
"signal",2,69,682
"signal",2,171,138
"signal",2,613,128
"signal",2,562,508
"signal",2,402,528
"signal",2,682,102
"signal",2,328,405
"signal",2,386,167
"signal",2,198,392
"signal",2,418,633
"signal",2,138,349
"signal",2,556,548
"signal",2,548,382
"signal",2,485,189
"signal",2,626,176
"signal",2,42,103
"signal",2,336,186
"signal",2,258,434
"signal",2,398,377
"signal",2,179,8
"signal",2,47,55
"signal",2,92,676
"signal",2,187,172
"signal",2,633,161
"signal",2,298,402
"signal",2,176,117
"signal",2,450,581
"signal",2,23,469
"signal",2,66,263
"signal",2,117,579
"signal",2,515,473
"signal",2,463,630
"signal",2,506,448
"signal",2,507,253
"signal",2,259,181
"signal",2,685,274
"signal",2,434,399
"signal",2,322,398
"signal",2,473,450
"signal",2,396,13
"signal",2,137,562
"signal",2,399,613
"signal",2,55,227
"signal",2,325,42
"signal",2,252,689
"signal",2,13,23
"signal",2,694,50
"signal",2,24,515
"signal",2,148,147
"signal",2,270,40
"signal",2,186,145
"signal",2,215,665
"signal",2,392,622
"signal",2,238,283
"signal",2,377,643
"signal",2,165,252
"signal",2,8,588
"signal",2,372,371
"signal",2,560,336
"signal",2,197,54
"signal",2,565,241
"signal",2,448,372
"signal",2,315,154
"signal",2,444,210
"signal",2,156,446
"signal",2,263,89
"signal",2,602,261
"signal",2,241,140
"signal",2,508,322
"signal",2,282,127
"signal",2,14,519
"signal",3,586,181
"signal",3,100,488
"signal",3,286,100
"signal",3,371,448
"signal",3,304,506
"signal",3,210,221
"signal",3,608,117
"signal",3,127,224
"signal",3,581,322
"signal",3,621,572
"signal",3,22,507
"signal",3,257,237
"signal",3,15,102
"signal",3,27,586
"signal",3,274,336
"signal",3,643,23
"signal",3,227,253
"signal",3,231,651
"signal",3,599,47
"signal",3,160,593
"signal",3,95,676
"signal",3,102,325
"signal",3,594,40
"signal",3,314,177
"signal",3,630,270
"signal",3,154,602
"signal",3,646,646
"signal",3,545,286
"signal",3,161,627
"signal",3,313,399
"signal",3,224,565
"signal",3,189,500
"signal",3,128,238
"signal",3,445,668
"signal",3,342,13
"signal",3,97,148
"signal",3,324,665
"signal",3,479,682
"signal",3,103,626
"signal",3,140,613
"signal",3,511,462
"signal",3,421,24
"signal",3,514,252
"signal",3,405,689
"signal",3,528,137
"signal",3,517,274
"signal",3,572,121
"signal",3,50,594
"signal",3,237,523
"signal",3,622,184
"signal",3,129,621
"signal",3,579,15
"signal",3,651,28
"signal",3,462,298
"signal",3,343,372
"signal",3,533,22
"signal",3,177,402
"signal",3,185,154
"signal",3,593,674
"signal",3,147,434
"signal",3,523,490
"signal",3,28,469
"signal",3,655,328
"signal",3,167,127
"signal",3,349,544
"signal",3,41,558
"signal",3,253,548
"signal",3,54,588
"signal",3,676,396
"signal",3,558,630
"signal",3,425,314
"signal",3,283,165
"signal",3,196,643
"signal",3,674,694
"signal",3,221,533
"signal",3,665,519
"signal",3,89,95
"signal",3,446,377
"signal",3,490,392
"signal",3,689,440
"signal",3,469,608
"signal",3,20,599
"signal",3,184,161
"signal",3,500,528
"signal",3,440,421
"signal",3,628,517
"signal",3,40,69
"signal",3,382,313
"signal",3,488,38
"signal",3,183,562
"signal",3,588,103
"signal",3,38,579
"signal",3,213,473
"signal",3,195,514
"signal",3,627,20
"signal",3,519,485
"signal",3,172,398
"signal",3,652,210
"signal",3,145,185
"signal",3,544,633
"signal",3,668,628
"signal",3,121,511
"signal",3,181,147
"signal",3,261,685
"signal",3,69,128
"signal",3,171,42
"signal",3,613,283
"signal",3,562,27
"signal",3,402,508
"signal",3,682,186
"signal",3,328,342
"signal",3,386,545
"signal",3,198,41
"signal",3,418,14
"signal",3,138,129
"signal",3,556,138
"signal",3,548,655
"signal",3,485,215
"signal",3,626,386
"signal",3,42,343
"signal",3,336,89
"signal",3,258,479
"signal",3,398,515
"signal",3,179,156
"signal",3,47,444
"signal",3,92,324
"signal",3,187,259
"signal",3,633,556
"signal",3,298,172
"signal",3,176,450
"signal",3,450,66
"signal",3,23,197
"signal",3,66,425
"signal",3,117,560
"signal",3,515,176
"signal",3,463,371
"signal",3,506,198
"signal",3,507,241
"signal",3,259,463
"signal",3,685,187
"signal",3,434,167
"signal",3,322,160
"signal",3,473,622
"signal",3,396,189
"signal",3,137,258
"signal",3,399,581
"signal",3,55,196
"signal",3,325,183
"signal",3,252,179
"signal",3,13,55
"signal",3,694,231
"signal",3,24,261
"signal",3,148,145
"signal",3,270,304
"signal",3,186,445
"signal",3,215,171
"signal",3,392,282
"signal",3,238,227
"signal",3,377,97
"signal",3,165,213
"signal",3,8,418
"signal",3,372,405
"signal",3,560,652
"signal",3,197,92
"signal",3,565,54
"signal",3,448,140
"signal",3,315,446
"signal",3,444,315
"signal",3,156,50
"signal",3,263,8
"signal",3,602,263
"signal",3,241,349
"signal",3,508,257
"signal",3,282,382
"signal",3,14,195
"signal",4,586,668
"signal",4,100,473
"signal",4,286,324
"signal",4,371,322
"signal",4,304,183
"signal",4,210,215
"signal",4,608,593
"signal",4,127,485
"signal",4,581,227
"signal",4,621,103
"signal",4,22,372
"signal",4,257,560
"signal",4,15,325
"signal",4,27,127
"signal",4,274,160
"signal",4,643,263
"signal",4,227,682
"signal",4,231,172
"signal",4,599,517
"signal",4,160,440
"signal",4,95,652
"signal",4,102,28
"signal",4,594,676
"signal",4,314,257
"signal",4,630,286
"signal",4,154,258
"signal",4,646,231
"signal",4,545,463
"signal",4,161,138
"signal",4,313,313
"signal",4,224,129
"signal",4,189,95
"signal",4,128,184
"signal",4,445,47
"signal",4,342,20
"signal",4,97,140
"signal",4,324,314
"signal",4,479,102
"signal",4,103,23
"signal",4,140,626
"signal",4,511,448
"signal",4,421,581
"signal",4,514,655
"signal",4,405,599
"signal",4,528,396
"signal",4,517,613
"signal",4,572,186
"signal",4,50,556
"signal",4,237,608
"signal",4,622,237
"signal",4,129,54
"signal",4,579,528
"signal",4,651,55
"signal",4,462,349
"signal",4,343,38
"signal",4,533,469
"signal",4,177,97
"signal",4,185,177
"signal",4,593,445
"signal",4,147,646
"signal",4,523,213
"signal",4,28,154
"signal",4,655,444
"signal",4,167,165
"signal",4,349,261
"signal",4,41,342
"signal",4,253,185
"signal",4,54,15
"signal",4,676,298
"signal",4,558,544
"signal",4,425,511
"signal",4,283,514
"signal",4,196,336
"signal",4,674,621
"signal",4,221,519
"signal",4,665,633
"signal",4,89,238
"signal",4,446,13
"signal",4,490,446
"signal",4,689,402
"signal",4,469,545
"signal",4,20,189
"signal",4,184,399
"signal",4,500,508
"signal",4,440,259
"signal",4,628,405
"signal",4,40,548
"signal",4,382,382
"signal",4,488,627
"signal",4,183,50
"signal",4,588,252
"signal",4,38,398
"signal",4,213,507
"signal",4,195,418
"signal",4,627,92
"signal",4,519,500
"signal",4,172,283
"signal",4,652,137
"signal",4,145,572
"signal",4,544,14
"signal",4,668,479
"signal",4,121,176
"signal",4,181,689
"signal",4,261,89
"signal",4,69,371
"signal",4,171,40
"signal",4,613,69
"signal",4,562,8
"signal",4,402,27
"signal",4,682,117
"signal",4,328,224
"signal",4,386,588
"signal",4,198,210
"signal",4,418,602
"signal",4,138,282
"signal",4,556,42
"signal",4,548,22
"signal",4,485,41
"signal",4,626,386
"signal",4,42,328
"signal",4,336,506
"signal",4,258,128
"signal",4,398,533
"signal",4,179,147
"signal",4,47,579
"signal",4,92,685
"signal",4,187,156
"signal",4,633,462
"signal",4,298,221
"signal",4,176,488
"signal",4,450,181
"signal",4,23,586
"signal",4,66,196
"signal",4,117,198
"signal",4,515,425
"signal",4,463,274
"signal",4,506,187
"signal",4,507,253
"signal",4,259,121
"signal",4,685,377
"signal",4,434,515
"signal",4,322,304
"signal",4,473,167
"signal",4,396,66
"signal",4,137,392
"signal",4,399,450
"signal",4,55,421
"signal",4,325,665
"signal",4,252,694
"signal",4,13,171
"signal",4,694,558
"signal",4,24,562
"signal",4,148,197
"signal",4,270,179
"signal",4,186,315
"signal",4,215,100
"signal",4,392,651
"signal",4,238,24
"signal",4,377,195
"signal",4,165,490
"signal",4,8,343
"signal",4,372,643
"signal",4,560,434
"signal",4,197,523
"signal",4,565,270
"signal",4,448,161
"signal",4,315,594
"signal",4,444,145
"signal",4,156,630
"signal",4,263,241
"signal",4,602,148
"signal",4,241,674
"signal",4,508,628
"signal",4,282,622
"signal",4,14,565
"signal",5,586,565
"signal",5,100,137
"signal",5,286,689
"signal",5,371,519
"signal",5,304,630
"signal",5,210,322
"signal",5,608,533
"signal",5,127,253
"signal",5,581,197
"signal",5,621,342
"signal",5,22,103
"signal",5,257,324
"signal",5,15,628
"signal",5,27,23
"signal",5,274,161
"signal",5,643,463
"signal",5,227,405
"signal",5,231,377
"signal",5,599,257
"signal",5,160,328
"signal",5,95,506
"signal",5,102,382
"signal",5,594,450
"signal",5,314,69
"signal",5,630,515
"signal",5,154,490
"signal",5,646,572
"signal",5,545,325
"signal",5,161,588
"signal",5,313,528
"signal",5,224,41
"signal",5,189,24
"signal",5,128,128
"signal",5,445,54
"signal",5,342,20
"signal",5,97,28
"signal",5,324,668
"signal",5,479,145
"signal",5,103,421
"signal",5,140,156
"signal",5,511,27
"signal",5,421,523
"signal",5,514,55
"signal",5,405,674
"signal",5,528,372
"signal",5,517,558
"signal",5,572,127
"signal",5,50,224
"signal",5,237,183
"signal",5,622,685
"signal",5,129,314
"signal",5,579,315
"signal",5,651,185
"signal",5,462,184
"signal",5,343,500
"signal",5,533,22
"signal",5,177,66
"signal",5,185,198
"signal",5,593,425
"signal",5,147,165
"signal",5,523,171
"signal",5,28,238
"signal",5,655,371
"signal",5,167,633
"signal",5,349,579
"signal",5,41,448
"signal",5,253,117
"signal",5,54,402
"signal",5,676,349
"signal",5,558,50
"signal",5,425,304
"signal",5,283,227
"signal",5,196,514
"signal",5,674,613
"signal",5,221,270
"signal",5,665,473
"signal",5,89,434
"signal",5,446,444
"signal",5,490,676
"signal",5,689,14
"signal",5,469,176
"signal",5,20,508
"signal",5,184,15
"signal",5,500,544
"signal",5,440,622
"signal",5,628,621
"signal",5,40,446
"signal",5,382,195
"signal",5,488,469
"signal",5,183,100
"signal",5,588,13
"signal",5,38,140
"signal",5,213,652
"signal",5,195,445
"signal",5,627,237
"signal",5,519,258
"signal",5,172,181
"signal",5,652,398
"signal",5,145,179
"signal",5,544,102
"signal",5,668,286
"signal",5,121,643
"signal",5,181,646
"signal",5,261,283
"signal",5,69,581
"signal",5,171,479
"signal",5,613,138
"signal",5,562,313
"signal",5,402,89
"signal",5,682,160
"signal",5,328,261
"signal",5,386,47
"signal",5,198,626
"signal",5,418,562
"signal",5,138,42
"signal",5,556,298
"signal",5,548,241
"signal",5,485,651
"signal",5,626,282
"signal",5,42,545
"signal",5,336,462
"signal",5,258,594
"signal",5,398,38
"signal",5,179,599
"signal",5,47,148
"signal",5,92,336
"signal",5,187,187
"signal",5,633,40
"signal",5,298,215
"signal",5,176,213
"signal",5,450,343
"signal",5,23,418
"signal",5,66,655
"signal",5,117,627
"signal",5,515,593
"signal",5,463,511
"signal",5,506,259
"signal",5,507,586
"signal",5,259,507
"signal",5,685,399
"signal",5,434,392
"signal",5,322,210
"signal",5,473,121
"signal",5,396,694
"signal",5,137,186
"signal",5,399,196
"signal",5,55,92
"signal",5,325,167
"signal",5,252,177
"signal",5,13,154
"signal",5,694,602
"signal",5,24,252
"signal",5,148,396
"signal",5,270,221
"signal",5,186,517
"signal",5,215,556
"signal",5,392,231
"signal",5,238,189
"signal",5,377,560
"signal",5,165,386
"signal",5,8,440
"signal",5,372,274
"signal",5,560,608
"signal",5,197,95
"signal",5,565,263
"signal",5,448,485
"signal",5,315,129
"signal",5,444,548
"signal",5,156,488
"signal",5,263,8
"signal",5,602,665
"signal",5,241,97
"signal",5,508,682
"signal",5,282,147
"signal",5,14,172
"signal",6,586,13
"signal",6,100,588
"signal",6,286,283
"signal",6,371,425
"signal",6,304,626
"signal",6,210,643
"signal",6,608,508
"signal",6,127,694
"signal",6,581,147
"signal",6,621,627
"signal",6,22,92
"signal",6,257,213
"signal",6,15,186
"signal",6,27,674
"signal",6,274,633
"signal",6,643,399
"signal",6,227,263
"signal",6,231,440
"signal",6,599,668
"signal",6,160,444
"signal",6,95,100
"signal",6,102,8
"signal",6,594,38
"signal",6,314,47
"signal",6,630,196
"signal",6,154,128
"signal",6,646,137
"signal",6,545,402
"signal",6,161,117
"signal",6,313,685
"signal",6,224,259
"signal",6,189,167
"signal",6,128,523
"signal",6,445,282
"signal",6,342,129
"signal",6,97,40
"signal",6,324,651
"signal",6,479,572
"signal",6,103,14
"signal",6,140,156
"signal",6,511,210
"signal",6,421,514
"signal",6,514,652
"signal",6,405,392
"signal",6,528,646
"signal",6,517,28
"signal",6,572,469
"signal",6,50,602
"signal",6,237,154
"signal",6,622,195
"signal",6,129,177
"signal",6,579,336
"signal",6,651,450
"signal",6,462,184
"signal",6,343,89
"signal",6,533,20
"signal",6,177,372
"signal",6,185,286
"signal",6,593,198
"signal",6,147,148
"signal",6,523,238
"signal",6,28,270
"signal",6,655,506
"signal",6,167,22
"signal",6,349,15
"signal",6,41,517
"signal",6,253,325
"signal",6,54,241
"signal",6,676,261
"signal",6,558,97
"signal",6,425,27
"signal",6,283,676
"signal",6,196,24
"signal",6,674,500
"signal",6,221,165
"signal",6,665,682
"signal",6,89,599
"signal",6,446,507
"signal",6,490,253
"signal",6,689,41
"signal",6,469,176
"signal",6,20,621
"signal",6,184,421
"signal",6,500,197
"signal",6,440,545
"signal",6,628,342
"signal",6,40,382
"signal",6,382,181
"signal",6,488,237
"signal",6,183,622
"signal",6,588,298
"signal",6,38,565
"signal",6,213,140
"signal",6,195,630
"signal",6,627,594
"signal",6,519,396
"signal",6,172,328
"signal",6,652,324
"signal",6,145,581
"signal",6,544,258
"signal",6,668,145
"signal",6,121,490
"signal",6,181,257
"signal",6,261,586
"signal",6,69,479
"signal",6,171,221
"signal",6,613,446
"signal",6,562,138
"signal",6,402,655
"signal",6,682,398
"signal",6,328,224
"signal",6,386,102
"signal",6,198,418
"signal",6,418,69
"signal",6,138,544
"signal",6,556,462
"signal",6,548,579
"signal",6,485,405
"signal",6,626,160
"signal",6,42,127
"signal",6,336,55
"signal",6,258,448
"signal",6,398,560
"signal",6,179,315
"signal",6,47,313
"signal",6,92,121
"signal",6,187,252
"signal",6,633,556
"signal",6,298,189
"signal",6,176,485
"signal",6,450,445
"signal",6,23,322
"signal",6,66,185
"signal",6,117,434
"signal",6,515,628
"signal",6,463,42
"signal",6,506,558
"signal",6,507,215
"signal",6,259,231
"signal",6,685,349
"signal",6,434,613
"signal",6,322,179
"signal",6,473,533
"signal",6,396,528
"signal",6,137,548
"signal",6,399,473
"signal",6,55,171
"signal",6,325,511
"signal",6,252,343
"signal",6,13,23
"signal",6,694,386
"signal",6,24,95
"signal",6,148,519
"signal",6,270,377
"signal",6,186,488
"signal",6,215,187
"signal",6,392,54
"signal",6,238,593
"signal",6,377,371
"signal",6,165,689
"signal",6,8,274
"signal",6,372,608
"signal",6,560,161
"signal",6,197,66
"signal",6,565,665
"signal",6,448,50
"signal",6,315,314
"signal",6,444,304
"signal",6,156,103
"signal",6,263,183
"signal",6,602,562
"signal",6,241,227
"signal",6,508,515
"signal",6,282,463
"signal",6,14,172
"signal",7,586,421
"signal",7,100,66
"signal",7,286,402
"signal",7,371,263
"signal",7,304,227
"signal",7,210,343
"signal",7,608,682
"signal",7,127,38
"signal",7,581,13
"signal",7,621,676
"signal",7,22,473
"signal",7,257,154
"signal",7,15,121
"signal",7,27,8
"signal",7,274,444
"signal",7,643,694
"signal",7,227,508
"signal",7,231,511
"signal",7,599,446
"signal",7,160,257
"signal",7,95,399
"signal",7,102,608
"signal",7,594,643
"signal",7,314,685
"signal",7,630,210
"signal",7,154,55
"signal",7,646,41
"signal",7,545,283
"signal",7,161,314
"signal",7,313,95
"signal",7,224,545
"signal",7,189,622
"signal",7,128,517
"signal",7,445,488
"signal",7,342,92
"signal",7,97,165
"signal",7,324,186
"signal",7,479,298
"signal",7,103,187
"signal",7,140,586
"signal",7,511,463
"signal",7,421,274
"signal",7,514,336
"signal",7,405,593
"signal",7,528,195
"signal",7,517,221
"signal",7,572,128
"signal",7,50,450
"signal",7,237,674
"signal",7,622,556
"signal",7,129,69
"signal",7,579,668
"signal",7,651,42
"signal",7,462,28
"signal",7,343,560
"signal",7,533,514
"signal",7,177,179
"signal",7,185,184
"signal",7,593,558
"signal",7,147,325
"signal",7,523,148
"signal",7,28,533
"signal",7,655,469
"signal",7,167,562
"signal",7,349,14
"signal",7,41,127
"signal",7,253,147
"signal",7,54,140
"signal",7,676,103
"signal",7,558,565
"signal",7,425,572
"signal",7,283,22
"signal",7,196,129
"signal",7,674,396
"signal",7,221,117
"signal",7,665,627
"signal",7,89,485
"signal",7,446,40
"signal",7,490,630
"signal",7,689,286
"signal",7,469,372
"signal",7,20,328
"signal",7,184,138
"signal",7,500,259
"signal",7,440,646
"signal",7,628,224
"signal",7,40,507
"signal",7,382,185
"signal",7,488,196
"signal",7,183,342
"signal",7,588,448
"signal",7,38,137
"signal",7,213,176
"signal",7,195,171
"signal",7,627,50
"signal",7,519,324
"signal",7,172,434
"signal",7,652,479
"signal",7,145,544
"signal",7,544,371
"signal",7,668,304
"signal",7,121,382
"signal",7,181,215
"signal",7,261,500
"signal",7,69,655
"signal",7,171,633
"signal",7,613,97
"signal",7,562,100
"signal",7,402,652
"signal",7,682,528
"signal",7,328,515
"signal",7,386,377
"signal",7,198,47
"signal",7,418,579
"signal",7,138,253
"signal",7,556,425
"signal",7,548,198
"signal",7,485,183
"signal",7,626,237
"signal",7,42,177
"signal",7,336,349
"signal",7,258,418
"signal",7,398,621
"signal",7,179,506
"signal",7,47,519
"signal",7,92,602
"signal",7,187,665
"signal",7,633,172
"signal",7,298,261
"signal",7,176,613
"signal",7,450,651
"signal",7,23,213
"signal",7,66,270
"signal",7,117,628
"signal",7,515,258
"signal",7,463,89
"signal",7,506,197
"signal",7,507,161
"signal",7,259,689
"signal",7,685,15
"signal",7,434,462
"signal",7,322,156
"signal",7,473,581
"signal",7,396,594
"signal",7,137,440
"signal",7,399,145
"signal",7,55,523
"signal",7,325,548
"signal",7,252,23
"signal",7,13,252
"signal",7,694,181
"signal",7,24,398
"signal",7,148,24
"signal",7,270,282
"signal",7,186,160
"signal",7,215,20
"signal",7,392,392
"signal",7,238,588
"signal",7,377,231
"signal",7,165,626
"signal",7,8,599
"signal",7,372,102
"signal",7,560,490
"signal",7,197,315
"signal",7,565,189
"signal",7,448,386
"signal",7,315,167
"signal",7,444,27
"signal",7,156,241
"signal",7,263,54
"signal",7,602,322
"signal",7,241,313
"signal",7,508,445
"signal",7,282,405
"signal",7,14,238
"signal",8,586,50
"signal",8,100,27
"signal",8,286,588
"signal",8,371,8
"signal",8,304,189
"signal",8,210,586
"signal",8,608,602
"signal",8,127,446
"signal",8,581,500
"signal",8,621,450
"signal",8,22,626
"signal",8,257,286
"signal",8,15,565
"signal",8,27,593
"signal",8,274,198
"signal",8,643,129
"signal",8,227,594
"signal",8,231,462
"signal",8,599,517
"signal",8,160,558
"signal",8,95,210
"signal",8,102,237
"signal",8,594,556
"signal",8,314,127
"signal",8,630,581
"signal",8,154,97
"signal",8,646,473
"signal",8,545,185
"signal",8,161,608
"signal",8,313,161
"signal",8,224,187
"signal",8,189,349
"signal",8,128,325
"signal",8,445,343
"signal",8,342,283
"signal",8,97,14
"signal",8,324,682
"signal",8,479,336
"signal",8,103,674
"signal",8,140,572
"signal",8,511,508
"signal",8,421,38
"signal",8,514,622
"signal",8,405,100
"signal",8,528,154
"signal",8,517,117
"signal",8,572,324
"signal",8,50,533
"signal",8,237,259
"signal",8,622,55
"signal",8,129,668
"signal",8,579,179
"signal",8,651,665
"signal",8,462,215
"signal",8,343,313
"signal",8,533,548
"signal",8,177,469
"signal",8,185,651
"signal",8,593,685
"signal",8,147,377
"signal",8,523,47
"signal",8,28,121
"signal",8,655,176
"signal",8,167,298
"signal",8,349,263
"signal",8,41,102
"signal",8,253,579
"signal",8,54,440
"signal",8,676,20
"signal",8,558,165
"signal",8,425,328
"signal",8,283,418
"signal",8,196,514
"signal",8,674,257
"signal",8,221,145
"signal",8,665,399
"signal",8,89,392
"signal",8,446,627
"signal",8,490,167
"signal",8,689,69
"signal",8,469,382
"signal",8,20,270
"signal",8,184,253
"signal",8,500,523
"signal",8,440,519
"signal",8,628,41
"signal",8,40,172
"signal",8,382,147
"signal",8,488,15
"signal",8,183,181
"signal",8,588,258
"signal",8,38,479
"signal",8,213,137
"signal",8,195,425
"signal",8,627,261
"signal",8,519,238
"signal",8,172,515
"signal",8,652,89
"signal",8,145,224
"signal",8,544,342
"signal",8,668,177
"signal",8,121,140
"signal",8,181,630
"signal",8,261,386
"signal",8,69,22
"signal",8,171,528
"signal",8,613,463
"signal",8,562,599
"signal",8,402,652
"signal",8,682,196
"signal",8,328,560
"signal",8,386,613
"signal",8,198,405
"signal",8,418,628
"signal",8,138,304
"signal",8,556,40
"signal",8,548,372
"signal",8,485,156
"signal",8,626,485
"signal",8,42,95
"signal",8,336,221
"signal",8,258,434
"signal",8,398,54
"signal",8,179,646
"signal",8,47,402
"signal",8,92,421
"signal",8,187,676
"signal",8,633,23
"signal",8,298,562
"signal",8,176,171
"signal",8,450,396
"signal",8,23,371
"signal",8,66,545
"signal",8,117,92
"signal",8,515,444
"signal",8,463,28
"signal",8,506,213
"signal",8,507,448
"signal",8,259,621
"signal",8,685,490
"signal",8,434,197
"signal",8,322,13
"signal",8,473,66
"signal",8,396,274
"signal",8,137,694
"signal",8,399,42
"signal",8,55,138
"signal",8,325,282
"signal",8,252,633
"signal",8,13,195
"signal",8,694,231
"signal",8,24,315
"signal",8,148,184
"signal",8,270,488
"signal",8,186,511
"signal",8,215,398
"signal",8,392,544
"signal",8,238,445
"signal",8,377,506
"signal",8,165,148
"signal",8,8,160
"signal",8,372,314
"signal",8,560,24
"signal",8,197,186
"signal",8,565,655
"signal",8,448,128
"signal",8,315,227
"signal",8,444,643
"signal",8,156,241
"signal",8,263,689
"signal",8,602,103
"signal",8,241,322
"signal",8,508,183
"signal",8,282,252
"signal",8,14,507
"signal",9,586,506
"signal",9,100,14
"signal",9,286,528
"signal",9,371,89
"signal",9,304,682
"signal",9,210,69
"signal",9,608,372
"signal",9,127,377
"signal",9,581,161
"signal",9,621,646
"signal",9,22,282
"signal",9,257,545
"signal",9,15,473
"signal",9,27,665
"signal",9,274,274
"signal",9,643,396
"signal",9,227,40
"signal",9,231,685
"signal",9,599,140
"signal",9,160,187
"signal",9,95,490
"signal",9,102,181
"signal",9,594,371
"signal",9,314,651
"signal",9,630,237
"signal",9,154,241
"signal",9,646,405
"signal",9,545,215
"signal",9,161,446
"signal",9,313,627
"signal",9,224,444
"signal",9,189,558
"signal",9,128,195
"signal",9,445,515
"signal",9,342,147
"signal",9,97,185
"signal",9,324,463
"signal",9,479,485
"signal",9,103,167
"signal",9,140,418
"signal",9,511,450
"signal",9,421,630
"signal",9,514,599
"signal",9,405,15
"signal",9,528,304
"signal",9,517,668
"signal",9,572,127
"signal",9,50,257
"signal",9,237,41
"signal",9,622,172
"signal",9,129,184
"signal",9,579,156
"signal",9,651,8
"signal",9,462,594
"signal",9,343,655
"signal",9,533,349
"signal",9,177,13
"signal",9,185,560
"signal",9,593,523
"signal",9,147,100
"signal",9,523,342
"signal",9,28,42
"signal",9,655,165
"signal",9,167,263
"signal",9,349,336
"signal",9,41,286
"signal",9,253,128
"signal",9,54,324
"signal",9,676,633
"signal",9,558,198
"signal",9,425,210
"signal",9,283,55
"signal",9,196,343
"signal",9,674,154
"signal",9,221,445
"signal",9,665,694
"signal",9,89,28
"signal",9,446,253
"signal",9,490,138
"signal",9,689,227
"signal",9,469,97
"signal",9,20,259
"signal",9,184,231
"signal",9,500,469
"signal",9,440,628
"signal",9,628,325
"signal",9,40,565
"signal",9,382,500
"signal",9,488,593
"signal",9,183,425
"signal",9,588,177
"signal",9,38,183
"signal",9,213,92
"signal",9,195,221
"signal",9,627,171
"signal",9,519,581
"signal",9,172,602
"signal",9,652,189
"signal",9,145,176
"signal",9,544,238
"signal",9,668,674
"signal",9,121,252
"signal",9,181,20
"signal",9,261,421
"signal",9,69,54
"signal",9,171,258
"signal",9,613,448
"signal",9,562,95
"signal",9,402,652
"signal",9,682,121
"signal",9,328,613
"signal",9,386,66
"signal",9,198,544
"signal",9,418,50
"signal",9,138,517
"signal",9,556,621
"signal",9,548,676
"signal",9,485,313
"signal",9,626,392
"signal",9,42,386
"signal",9,336,572
"signal",9,258,402
"signal",9,398,261
"signal",9,179,103
"signal",9,47,508
"signal",9,92,179
"signal",9,187,322
"signal",9,633,315
"signal",9,298,145
"signal",9,176,533
"signal",9,450,548
"signal",9,23,488
"signal",9,66,283
"signal",9,117,382
"signal",9,515,519
"signal",9,463,507
"signal",9,506,556
"signal",9,507,102
"signal",9,259,626
"signal",9,685,137
"signal",9,434,562
"signal",9,322,148
"signal",9,473,643
"signal",9,396,196
"signal",9,137,579
"signal",9,399,328
"signal",9,55,24
"signal",9,325,434
"signal",9,252,622
"signal",9,13,23
"signal",9,694,186
"signal",9,24,462
"signal",9,148,440
"signal",9,270,47
"signal",9,186,479
"signal",9,215,588
"signal",9,392,511
"signal",9,238,586
"signal",9,377,160
"signal",9,165,298
"signal",9,8,314
"signal",9,372,197
"signal",9,560,27
"signal",9,197,224
"signal",9,565,399
"signal",9,448,117
"signal",9,315,514
"signal",9,444,270
"signal",9,156,398
"signal",9,263,689
"signal",9,602,129
"signal",9,241,38
"signal",9,508,213
"signal",9,282,608
"signal",9,14,22
"signal",10,586,66
"signal",10,100,41
"signal",10,286,682
"signal",10,371,515
"signal",10,304,689
"signal",10,210,544
"signal",10,608,398
"signal",10,127,594
"signal",10,581,418
"signal",10,621,69
"signal",10,22,15
"signal",10,257,172
"signal",10,15,231
"signal",10,27,488
"signal",10,274,685
"signal",10,643,227
"signal",10,227,257
"signal",10,231,103
"signal",10,599,562
"signal",10,160,322
"signal",10,95,165
"signal",10,102,528
"signal",10,594,213
"signal",10,314,198
"signal",10,630,167
"signal",10,154,14
"signal",10,646,54
"signal",10,545,241
"signal",10,161,127
"signal",10,313,473
"signal",10,224,102
"signal",10,189,221
"signal",10,128,382
"signal",10,445,343
"signal",10,342,286
"signal",10,97,392
"signal",10,324,511
"signal",10,479,181
"signal",10,103,674
"signal",10,140,646
"signal",10,511,556
"signal",10,421,676
"signal",10,514,47
"signal",10,405,224
"signal",10,528,160
"signal",10,517,694
"signal",10,572,100
"signal",10,50,154
"signal",10,237,253
"signal",10,622,8
"signal",10,129,643
"signal",10,579,185
"signal",10,651,613
"signal",10,462,500
"signal",10,343,581
"signal",10,533,42
"signal",10,177,372
"signal",10,185,622
"signal",10,593,519
"signal",10,147,425
"signal",10,523,89
"signal",10,28,183
"signal",10,655,626
"signal",10,167,421
"signal",10,349,328
"signal",10,41,377
"signal",10,253,588
"signal",10,54,148
"signal",10,676,448
"signal",10,558,314
"signal",10,425,517
"signal",10,283,298
"signal",10,196,128
"signal",10,674,27
"signal",10,221,628
"signal",10,665,490
"signal",10,89,145
"signal",10,446,184
"signal",10,490,270
"signal",10,689,92
"signal",10,469,186
"signal",10,20,630
"signal",10,184,140
"signal",10,500,545
"signal",10,440,652
"signal",10,628,508
"signal",10,40,196
"signal",10,382,156
"signal",10,488,558
"signal",10,183,261
"signal",10,588,444
"signal",10,38,189
"signal",10,213,259
"signal",10,195,565
"signal",10,627,396
"signal",10,519,40
"signal",10,172,349
"signal",10,652,28
"signal",10,145,55
"signal",10,544,514
"signal",10,668,325
"signal",10,121,274
"signal",10,181,176
"signal",10,261,336
"signal",10,69,651
"signal",10,171,23
"signal",10,613,177
"signal",10,562,121
"signal",10,402,402
"signal",10,682,665
"signal",10,328,263
"signal",10,386,138
"signal",10,198,179
"signal",10,418,22
"signal",10,138,405
"signal",10,556,282
"signal",10,548,668
"signal",10,485,463
"signal",10,626,434
"signal",10,42,171
"signal",10,336,38
"signal",10,258,506
"signal",10,398,342
"signal",10,179,187
"signal",10,47,283
"signal",10,92,445
"signal",10,187,210
"signal",10,633,195
"signal",10,298,655
"signal",10,176,304
"signal",10,450,572
"signal",10,23,602
"signal",10,66,440
"signal",10,117,450
"signal",10,515,129
"signal",10,463,446
"signal",10,506,161
"signal",10,507,117
"signal",10,259,258
"signal",10,685,579
"signal",10,434,548
"signal",10,322,485
"signal",10,473,215
"signal",10,396,147
"signal",10,137,24
"signal",10,399,386
"signal",10,55,479
"signal",10,325,627
"signal",10,252,197
"signal",10,13,462
"signal",10,694,13
"signal",10,24,586
"signal",10,148,238
"signal",10,270,20
"signal",10,186,315
"signal",10,215,633
"signal",10,392,237
"signal",10,238,507
"signal",10,377,50
"signal",10,165,324
"signal",10,8,608
"signal",10,372,399
"signal",10,560,593
"signal",10,197,313
"signal",10,565,97
"signal",10,448,523
"signal",10,315,137
"signal",10,444,95
"signal",10,156,371
"signal",10,263,621
"signal",10,602,469
"signal",10,241,599
"signal",10,508,252
"signal",10,282,533
"signal",10,14,560
"signal",11,586,556
"signal",11,100,572
"signal",11,286,224
"signal",11,371,20
"signal",11,304,545
"signal",11,210,523
"signal",11,608,421
"signal",11,127,213
"signal",11,581,440
"signal",11,621,121
"signal",11,22,515
"signal",11,257,54
"signal",11,15,651
"signal",11,27,128
"signal",11,274,154
"signal",11,643,253
"signal",11,227,161
"signal",11,231,519
"signal",11,599,148
"signal",11,160,23
"signal",11,95,593
"signal",11,102,47
"signal",11,594,560
"signal",11,314,41
"signal",11,630,405
"signal",11,154,485
"signal",11,646,386
"signal",11,545,507
"signal",11,161,138
"signal",11,313,314
"signal",11,224,167
"signal",11,189,259
"signal",11,128,425
"signal",11,445,342
"signal",11,342,102
"signal",11,97,263
"signal",11,324,608
"signal",11,479,129
"signal",11,103,594
"signal",11,140,349
"signal",11,511,579
"signal",11,421,231
"signal",11,514,652
"signal",11,405,298
"signal",11,528,588
"signal",11,517,371
"signal",11,572,377
"signal",11,50,668
"signal",11,237,176
"signal",11,622,210
"signal",11,129,446
"signal",11,579,270
"signal",11,651,473
"signal",11,462,445
"signal",11,343,399
"signal",11,533,313
"signal",11,177,252
"signal",11,185,97
"signal",11,593,198
"signal",11,147,27
"signal",11,523,15
"signal",11,28,450
"signal",11,655,177
"signal",11,167,676
"signal",11,349,398
"signal",11,41,685
"signal",11,253,514
"signal",11,54,511
"signal",11,676,646
"signal",11,558,95
"signal",11,425,221
"signal",11,283,694
"signal",11,196,628
"signal",11,674,187
"signal",11,221,100
"signal",11,665,160
"signal",11,89,50
"signal",11,446,237
"signal",11,490,117
"signal",11,689,336
"signal",11,469,315
"signal",11,20,613
"signal",11,184,562
"signal",11,500,517
"signal",11,440,633
"signal",11,628,215
"signal",11,40,506
"signal",11,382,257
"signal",11,488,528
"signal",11,183,8
"signal",11,588,602
"signal",11,38,372
"signal",11,213,283
"signal",11,195,184
"signal",11,627,189
"signal",11,519,488
"signal",11,172,402
"signal",11,652,286
"signal",11,145,14
"signal",11,544,463
"signal",11,668,183
"signal",11,121,689
"signal",11,181,444
"signal",11,261,103
"signal",11,69,500
"signal",11,171,674
"signal",11,613,343
"signal",11,562,665
"signal",11,402,89
"signal",11,682,197
"signal",11,328,382
"signal",11,386,40
"signal",11,198,69
"signal",11,418,627
"signal",11,138,324
"signal",11,556,13
"signal",11,548,24
"signal",11,485,147
"signal",11,626,558
"signal",11,42,137
"signal",11,336,22
"signal",11,258,38
"signal",11,398,469
"signal",11,179,434
"signal",11,47,622
"signal",11,92,621
"signal",11,187,392
"signal",11,633,258
"signal",11,298,171
"signal",11,176,127
"signal",11,450,241
"signal",11,23,238
"signal",11,66,322
"signal",11,117,145
"signal",11,515,548
"signal",11,463,490
"signal",11,506,508
"signal",11,507,140
"signal",11,259,172
"signal",11,685,304
"signal",11,434,565
"signal",11,322,682
"signal",11,473,643
"signal",11,396,227
"signal",11,137,165
"signal",11,399,282
"signal",11,55,544
"signal",11,325,418
"signal",11,252,179
"signal",11,13,479
"signal",11,694,181
"signal",11,24,274
"signal",11,148,533
"signal",11,270,325
"signal",11,186,195
"signal",11,215,599
"signal",11,392,92
"signal",11,238,462
"signal",11,377,586
"signal",11,165,261
"signal",11,8,448
"signal",11,372,66
"signal",11,560,55
"signal",11,197,28
"signal",11,565,396
"signal",11,448,328
"signal",11,315,185
"signal",11,444,626
"signal",11,156,581
"signal",11,263,630
"signal",11,602,196
"signal",11,241,655
"signal",11,508,186
"signal",11,282,156
"signal",11,14,42
"signal",12,586,515
"signal",12,100,160
"signal",12,286,528
"signal",12,371,328
"signal",12,304,274
"signal",12,210,336
"signal",12,608,324
"signal",12,127,490
"signal",12,581,55
"signal",12,621,402
"signal",12,22,28
"signal",12,257,20
"signal",12,15,185
"signal",12,27,165
"signal",12,274,187
"signal",12,643,171
"signal",12,227,38
"signal",12,231,283
"signal",12,599,128
"signal",12,160,92
"signal",12,95,488
"signal",12,102,440
"signal",12,594,313
"signal",12,314,259
"signal",12,630,117
"signal",12,154,322
"signal",12,646,621
"signal",12,545,343
"signal",12,161,167
"signal",12,313,581
"signal",12,224,177
"signal",12,189,8
"signal",12,128,485
"signal",12,445,137
"signal",12,342,315
"signal",12,97,586
"signal",12,324,69
"signal",12,479,183
"signal",12,103,304
"signal",12,140,651
"signal",12,511,622
"signal",12,421,579
"signal",12,514,418
"signal",12,405,253
"signal",12,528,252
"signal",12,517,655
"signal",12,572,628
"signal",12,50,556
"signal",12,237,572
"signal",12,622,197
"signal",12,129,47
"signal",12,579,103
"signal",12,651,181
"signal",12,462,445
"signal",12,343,562
"signal",12,533,176
"signal",12,177,129
"signal",12,185,184
"signal",12,593,263
"signal",12,147,102
"signal",12,523,517
"signal",12,28,444
"signal",12,655,195
"signal",12,167,665
"signal",12,349,386
"signal",12,41,399
"signal",12,253,652
"signal",12,54,95
"signal",12,676,462
"signal",12,558,630
"signal",12,425,154
"signal",12,283,261
"signal",12,196,685
"signal",12,674,66
"signal",12,221,372
"signal",12,665,210
"signal",12,89,506
"signal",12,446,156
"signal",12,490,89
"signal",12,689,40
"signal",12,469,145
"signal",12,20,138
"signal",12,184,147
"signal",12,500,507
"signal",12,440,602
"signal",12,628,24
"signal",12,40,560
"signal",12,382,676
"signal",12,488,161
"signal",12,183,626
"signal",12,588,282
"signal",12,38,179
"signal",12,213,22
"signal",12,195,314
"signal",12,627,241
"signal",12,519,392
"signal",12,172,523
"signal",12,652,42
"signal",12,145,97
"signal",12,544,215
"signal",12,668,325
"signal",12,121,405
"signal",12,181,298
"signal",12,261,646
"signal",12,69,450
"signal",12,171,238
"signal",12,613,189
"signal",12,562,519
"signal",12,402,463
"signal",12,682,608
"signal",12,328,198
"signal",12,386,682
"signal",12,198,237
"signal",12,418,446
"signal",12,138,257
"signal",12,556,172
"signal",12,548,127
"signal",12,485,434
"signal",12,626,41
"signal",12,42,382
"signal",12,336,627
"signal",12,258,13
"signal",12,398,15
"signal",12,179,668
"signal",12,47,231
"signal",12,92,473
"signal",12,187,694
"signal",12,633,643
"signal",12,298,342
"signal",12,176,398
"signal",12,450,633
"signal",12,23,588
"signal",12,66,565
"signal",12,117,511
"signal",12,515,213
"signal",12,463,514
"signal",12,506,148
"signal",12,507,224
"signal",12,259,613
"signal",12,685,286
"signal",12,434,448
"signal",12,322,270
"signal",12,473,186
"signal",12,396,558
"signal",12,137,500
"signal",12,399,371
"signal",12,55,50
"signal",12,325,479
"signal",12,252,396
"signal",12,13,377
"signal",12,694,593
"signal",12,24,121
"signal",12,148,221
"signal",12,270,548
"signal",12,186,27
"signal",12,215,100
"signal",12,392,425
"signal",12,238,23
"signal",12,377,533
"signal",12,165,545
"signal",12,8,196
"signal",12,372,689
"signal",12,560,674
"signal",12,197,140
"signal",12,565,594
"signal",12,448,544
"signal",12,315,258
"signal",12,444,599
"signal",12,156,349
"signal",12,263,421
"signal",12,602,54
"signal",12,241,508
"signal",12,508,469
"signal",12,282,227
"signal",12,14,14
"signal",13,586,238
"signal",13,100,613
"signal",13,286,210
"signal",13,371,545
"signal",13,304,560
"signal",13,210,237
"signal",13,608,221
"signal",13,127,500
"signal",13,581,548
"signal",13,621,92
"signal",13,22,446
"signal",13,257,627
"signal",13,15,66
"signal",13,27,121
"signal",13,274,165
"signal",13,643,651
"signal",13,227,283
"signal",13,231,183
"signal",13,599,95
"signal",13,160,258
"signal",13,95,127
"signal",13,102,586
"signal",13,594,179
"signal",13,314,100
"signal",13,630,185
"signal",13,154,89
"signal",13,646,594
"signal",13,545,186
"signal",13,161,655
"signal",13,313,626
"signal",13,224,674
"signal",13,189,349
"signal",13,128,621
"signal",13,445,261
"signal",13,342,643
"signal",13,97,55
"signal",13,324,314
"signal",13,479,38
"signal",13,103,694
"signal",13,140,137
"signal",13,511,581
"signal",13,421,138
"signal",13,514,377
"signal",13,405,325
"signal",13,528,689
"signal",13,517,402
"signal",13,572,117
"signal",13,50,97
"signal",13,237,313
"signal",13,622,440
"signal",13,129,224
"signal",13,579,371
"signal",13,651,473
"signal",13,462,304
"signal",13,343,257
"signal",13,533,544
"signal",13,177,241
"signal",13,185,593
"signal",13,593,282
"signal",13,147,399
"signal",13,523,15
"signal",13,28,8
"signal",13,655,24
"signal",13,167,469
"signal",13,349,517
"signal",13,41,479
"signal",13,253,156
"signal",13,54,396
"signal",13,676,343
"signal",13,558,197
"signal",13,425,195
"signal",13,283,685
"signal",13,196,463
"signal",13,674,161
"signal",13,221,259
"signal",13,665,392
"signal",13,89,336
"signal",13,446,523
"signal",13,490,528
"signal",13,689,252
"signal",13,469,263
"signal",13,20,315
"signal",13,184,418
"signal",13,500,171
"signal",13,440,160
"signal",13,628,198
"signal",13,40,40
"signal",13,382,213
"signal",13,488,519
"signal",13,183,425
"signal",13,588,172
"signal",13,38,630
"signal",13,213,514
"signal",13,195,50
"signal",13,627,286
"signal",13,519,103
"signal",13,172,177
"signal",13,652,176
"signal",13,145,274
"signal",13,544,579
"signal",13,668,270
"signal",13,121,231
"signal",13,181,676
"signal",13,261,23
"signal",13,69,398
"signal",13,171,181
"signal",13,613,227
"signal",13,562,372
"signal",13,402,565
"signal",13,682,27
"signal",13,328,511
"signal",13,386,599
"signal",13,198,154
"signal",13,418,507
"signal",13,138,14
"signal",13,556,145
"signal",13,548,386
"signal",13,485,434
"signal",13,626,444
"signal",13,42,665
"signal",13,336,405
"signal",13,258,588
"signal",13,398,129
"signal",13,179,562
"signal",13,47,652
"signal",13,92,47
"signal",13,187,508
"signal",13,633,28
"signal",13,298,556
"signal",13,176,298
"signal",13,450,184
"signal",13,23,102
"signal",13,66,69
"signal",13,117,140
"signal",13,515,462
"signal",13,463,167
"signal",13,506,485
"signal",13,507,147
"signal",13,259,382
"signal",13,685,533
"signal",13,434,488
"signal",13,322,646
"signal",13,473,13
"signal",13,396,506
"signal",13,137,682
"signal",13,399,328
"signal",13,55,128
"signal",13,325,628
"signal",13,252,148
"signal",13,13,215
"signal",13,694,54
"signal",13,24,572
"signal",13,148,448
"signal",13,270,490
"signal",13,186,22
"signal",13,215,187
"signal",13,392,515
"signal",13,238,41
"signal",13,377,602
"signal",13,165,668
"signal",13,8,196
"signal",13,372,342
"signal",13,560,253
"signal",13,197,608
"signal",13,565,324
"signal",13,448,445
"signal",13,315,622
"signal",13,444,322
"signal",13,156,450
"signal",13,263,189
"signal",13,602,421
"signal",13,241,558
"signal",13,508,42
"signal",13,282,20
"signal",13,14,633
"signal",14,586,328
"signal",14,100,508
"signal",14,286,315
"signal",14,371,160
"signal",14,304,215
"signal",14,210,515
"signal",14,608,20
"signal",14,127,238
"signal",14,581,514
"signal",14,621,189
"signal",14,22,621
"signal",14,257,643
"signal",14,15,626
"signal",14,27,23
"signal",14,274,165
"signal",14,643,668
"signal",14,227,325
"signal",14,231,241
"signal",14,599,682
"signal",14,160,586
"signal",14,95,171
"signal",14,102,22
"signal",14,594,185
"signal",14,314,161
"signal",14,630,177
"signal",14,154,655
"signal",14,646,183
"signal",14,545,572
"signal",14,161,689
"signal",14,313,196
"signal",14,224,544
"signal",14,189,342
"signal",14,128,382
"signal",14,445,54
"signal",14,342,613
"signal",14,97,129
"signal",14,324,231
"signal",14,479,343
"signal",14,103,336
"signal",14,140,92
"signal",14,511,97
"signal",14,421,156
"signal",14,514,469
"signal",14,405,40
"signal",14,528,651
"signal",14,517,405
"signal",14,572,117
"signal",14,50,253
"signal",14,237,511
"signal",14,622,500
"signal",14,129,593
"signal",14,579,579
"signal",14,651,13
"signal",14,462,148
"signal",14,343,89
"signal",14,533,602
"signal",14,177,448
"signal",14,185,473
"signal",14,593,349
"signal",14,147,252
"signal",14,523,103
"signal",14,28,263
"signal",14,655,599
"signal",14,167,258
"signal",14,349,646
"signal",14,41,102
"signal",14,253,147
"signal",14,54,562
"signal",14,676,627
"signal",14,558,298
"signal",14,425,187
"signal",14,283,137
"signal",14,196,533
"signal",14,674,517
"signal",14,221,545
"signal",14,665,528
"signal",14,89,446
"signal",14,446,224
"signal",14,490,608
"signal",14,689,694
"signal",14,469,665
"signal",14,20,392
"signal",14,184,41
"signal",14,500,324
"signal",14,440,270
"signal",14,628,261
"signal",14,40,371
"signal",14,382,24
"signal",14,488,628
"signal",14,183,66
"signal",14,588,507
"signal",14,38,197
"signal",14,213,399
"signal",14,195,140
"signal",14,627,257
"signal",14,519,210
"signal",14,172,55
"signal",14,652,259
"signal",14,145,128
"signal",14,544,15
"signal",14,668,283
"signal",14,121,154
"signal",14,181,42
"signal",14,261,560
"signal",14,69,179
"signal",14,171,558
"signal",14,613,176
"signal",14,562,633
"signal",14,402,27
"signal",14,682,304
"signal",14,328,445
"signal",14,386,145
"signal",14,198,556
"signal",14,418,485
"signal",14,138,588
"signal",14,556,313
"signal",14,548,523
"signal",14,485,181
"signal",14,626,372
"signal",14,42,184
"signal",14,336,581
"signal",14,258,488
"signal",14,398,195
"signal",14,179,674
"signal",14,47,548
"signal",14,92,314
"signal",14,187,47
"signal",14,633,186
"signal",14,298,221
"signal",14,176,227
"signal",14,450,95
"signal",14,23,127
"signal",14,66,462
"signal",14,117,444
"signal",14,515,121
"signal",14,463,172
"signal",14,506,274
"signal",14,507,38
"signal",14,259,286
"signal",14,685,630
"signal",14,434,28
"signal",14,322,421
"signal",14,473,418
"signal",14,396,322
"signal",14,137,622
"signal",14,399,14
"signal",14,55,425
"signal",14,325,138
"signal",14,252,237
"signal",14,13,398
"signal",14,694,506
"signal",14,24,402
"signal",14,148,213
"signal",14,270,652
"signal",14,186,167
"signal",14,215,198
"signal",14,392,377
"signal",14,238,50
"signal",14,377,434
"signal",14,165,440
"signal",14,8,282
"signal",14,372,490
"signal",14,560,594
"signal",14,197,676
"signal",14,565,463
"signal",14,448,685
"signal",14,315,386
"signal",14,444,100
"signal",14,156,479
"signal",14,263,565
"signal",14,602,8
"signal",14,241,519
"signal",14,508,69
"signal",14,282,450
"signal",14,14,396
"signal",15,586,189
"signal",15,100,572
"signal",15,286,14
"signal",15,371,257
"signal",15,304,469
"signal",15,210,445
"signal",15,608,398
"signal",15,127,421
"signal",15,581,185
"signal",15,621,508
"signal",15,22,253
"signal",15,257,627
"signal",15,15,562
"signal",15,27,148
"signal",15,274,514
"signal",15,643,304
"signal",15,227,47
"signal",15,231,556
"signal",15,599,450
"signal",15,160,399
"signal",15,95,66
"signal",15,102,682
"signal",15,594,145
"signal",15,314,322
"signal",15,630,377
"signal",15,154,184
"signal",15,646,128
"signal",15,545,545
"signal",15,161,500
"signal",15,313,28
"signal",15,224,440
"signal",15,189,165
"signal",15,128,231
"signal",15,445,154
"signal",15,342,448
"signal",15,97,628
"signal",15,324,270
"signal",15,479,24
"signal",15,103,336
"signal",15,140,651
"signal",15,511,586
"signal",15,421,630
"signal",15,514,55
"signal",15,405,171
"signal",15,528,196
"signal",15,517,92
"signal",15,572,396
"signal",15,50,328
"signal",15,237,69
"signal",15,622,342
"signal",15,129,41
"signal",15,579,227
"signal",15,651,137
"signal",15,462,479
"signal",15,343,599
"signal",15,533,89
"signal",15,177,13
"signal",15,185,50
"signal",15,593,613
"signal",15,147,15
"signal",15,523,581
"signal",15,28,117
"signal",15,655,668
"signal",15,167,565
"signal",15,349,446
"signal",15,41,314
"signal",15,253,40
"signal",15,54,548
"signal",15,676,608
"signal",15,558,179
"signal",15,425,286
"signal",15,283,444
"signal",15,196,517
"signal",15,674,181
"signal",15,221,523
"signal",15,665,519
"signal",15,89,138
"signal",15,446,324
"signal",15,490,602
"signal",15,689,252
"signal",15,469,274
"signal",15,20,643
"signal",15,184,473
"signal",15,500,689
"signal",15,440,103
"signal",15,628,655
"signal",15,40,95
"signal",15,382,313
"signal",15,488,533
"signal",15,183,511
"signal",15,588,371
"signal",15,38,315
"signal",15,213,172
"signal",15,195,674
"signal",15,627,156
"signal",15,519,22
"signal",15,172,183
"signal",15,652,187
"signal",15,145,558
"signal",15,544,507
"signal",15,668,8
"signal",15,121,382
"signal",15,181,528
"signal",15,261,298
"signal",15,69,127
"signal",15,171,100
"signal",15,613,652
"signal",15,562,42
"signal",15,402,325
"signal",15,682,20
"signal",15,328,594
"signal",15,386,490
"signal",15,198,23
"signal",15,418,488
"signal",15,138,259
"signal",15,556,593
"signal",15,548,402
"signal",15,485,160
"signal",15,626,621
"signal",15,42,515
"signal",15,336,237
"signal",15,258,221
"signal",15,398,485
"signal",15,179,386
"signal",15,47,121
"signal",15,92,195
"signal",15,187,579
"signal",15,633,261
"signal",15,298,176
"signal",15,176,588
"signal",15,450,198
"signal",15,23,258
"signal",15,66,418
"signal",15,117,177
"signal",15,515,343
"signal",15,463,434
"signal",15,506,633
"signal",15,507,463
"signal",15,259,349
"signal",15,685,161
"signal",15,434,372
"signal",15,322,147
"signal",15,473,27
"signal",15,396,238
"signal",15,137,140
"signal",15,399,694
"signal",15,55,646
"signal",15,325,506
"signal",15,252,685
"signal",15,13,622
"signal",15,694,215
"signal",15,24,102
"signal",15,148,129
"signal",15,270,665
"signal",15,186,560
"signal",15,215,54
"signal",15,392,462
"signal",15,238,97
"signal",15,377,213
"signal",15,165,626
"signal",15,8,405
"signal",15,372,186
"signal",15,560,392
"signal",15,197,38
"signal",15,565,425
"signal",15,448,210
"signal",15,315,544
"signal",15,444,676
"signal",15,156,167
"signal",15,263,282
"signal",15,602,197
"signal",15,241,241
"signal",15,508,263
"signal",15,282,283
"signal",15,14,224
"signal",16,586,28
"signal",16,100,161
"signal",16,286,652
"signal",16,371,372
"signal",16,304,213
"signal",16,210,682
"signal",16,608,47
"signal",16,127,500
"signal",16,581,511
"signal",16,621,473
"signal",16,22,238
"signal",16,257,336
"signal",16,15,8
"signal",16,27,507
"signal",16,274,515
"signal",16,643,184
"signal",16,227,628
"signal",16,231,633
"signal",16,599,286
"signal",16,160,602
"signal",16,95,572
"signal",16,102,544
"signal",16,594,386
"signal",16,314,446
"signal",16,630,556
"signal",16,154,227
"signal",16,646,418
"signal",16,545,613
"signal",16,161,405
"signal",16,313,100
"signal",16,224,270
"signal",16,189,197
"signal",16,128,237
"signal",16,445,421
"signal",16,342,377
"signal",16,97,221
"signal",16,324,676
"signal",16,479,523
"signal",16,103,196
"signal",16,140,54
"signal",16,511,215
"signal",16,421,548
"signal",16,514,668
"signal",16,405,183
"signal",16,528,392
"signal",16,517,579
"signal",16,572,259
"signal",16,50,261
"signal",16,237,274
"signal",16,622,27
"signal",16,129,20
"signal",16,579,15
"signal",16,651,185
"signal",16,462,545
"signal",16,343,488
"signal",16,533,450
"signal",16,177,148
"signal",16,185,342
"signal",16,593,694
"signal",16,147,506
"signal",16,523,325
"signal",16,28,322
"signal",16,655,283
"signal",16,167,160
"signal",16,349,651
"signal",16,41,24
"signal",16,253,565
"signal",16,54,42
"signal",16,676,643
"signal",16,558,117
"signal",16,425,171
"signal",16,283,689
"signal",16,196,655
"signal",16,674,172
"signal",16,221,263
"signal",16,665,396
"signal",16,89,253
"signal",16,446,198
"signal",16,490,304
"signal",16,689,434
"signal",16,469,371
"signal",16,20,581
"signal",16,184,282
"signal",16,500,448
"signal",16,440,298
"signal",16,628,514
"signal",16,40,685
"signal",16,382,38
"signal",16,488,528
"signal",16,183,127
"signal",16,588,179
"signal",16,38,252
"signal",16,213,92
"signal",16,195,324
"signal",16,627,314
"signal",16,519,646
"signal",16,172,328
"signal",16,652,165
"signal",16,145,257
"signal",16,544,69
"signal",16,668,445
"signal",16,121,40
"signal",16,181,440
"signal",16,261,593
"signal",16,69,147
"signal",16,171,462
"signal",16,613,156
"signal",16,562,89
"signal",16,402,402
"signal",16,682,627
"signal",16,328,241
"signal",16,386,586
"signal",16,198,349
"signal",16,418,95
"signal",16,138,154
"signal",16,556,382
"signal",16,548,398
"signal",16,485,485
"signal",16,626,469
"signal",16,42,622
"signal",16,336,97
"signal",16,258,588
"signal",16,398,50
"signal",16,179,195
"signal",16,47,599
"signal",16,92,315
"signal",16,187,137
"signal",16,633,425
"signal",16,298,626
"signal",16,176,519
"signal",16,450,189
"signal",16,23,463
"signal",16,66,621
"signal",16,117,41
"signal",16,515,508
"signal",16,463,517
"signal",16,506,224
"signal",16,507,630
"signal",16,259,490
"signal",16,685,145
"signal",16,434,187
"signal",16,322,444
"signal",16,473,177
"signal",16,396,140
"signal",16,137,121
"signal",16,399,13
"signal",16,55,55
"signal",16,325,167
"signal",16,252,181
"signal",16,13,608
"signal",16,694,210
"signal",16,24,186
"signal",16,148,594
"signal",16,270,66
"signal",16,186,138
"signal",16,215,479
"signal",16,392,102
"signal",16,238,258
"signal",16,377,14
"signal",16,165,129
"signal",16,8,231
"signal",16,372,23
"signal",16,560,533
"signal",16,197,22
"signal",16,565,313
"signal",16,448,674
"signal",16,315,558
"signal",16,444,562
"signal",16,156,176
"signal",16,263,343
"signal",16,602,399
"signal",16,241,128
"signal",16,508,103
"signal",16,282,560
"signal",16,14,665
"signal",17,586,253
"signal",17,100,528
"signal",17,286,545
"signal",17,371,488
"signal",17,304,298
"signal",17,210,548
"signal",17,608,15
"signal",17,127,655
"signal",17,581,160
"signal",17,621,47
"signal",17,22,446
"signal",17,257,372
"signal",17,15,231
"signal",17,27,519
"signal",17,274,682
"signal",17,643,651
"signal",17,227,140
"signal",17,231,402
"signal",17,599,685
"signal",17,160,469
"signal",17,95,694
"signal",17,102,40
"signal",17,594,565
"signal",17,314,643
"signal",17,630,129
"signal",17,154,154
"signal",17,646,183
"signal",17,545,602
"signal",17,161,425
"signal",17,313,177
"signal",17,224,562
"signal",17,189,227
"signal",17,128,165
"signal",17,445,349
"signal",17,342,102
"signal",17,97,238
"signal",17,324,533
"signal",17,479,197
"signal",17,103,176
"signal",17,140,676
"signal",17,511,490
"signal",17,421,184
"signal",17,514,23
"signal",17,405,511
"signal",17,528,325
"signal",17,517,382
"signal",17,572,594
"signal",17,50,100
"signal",17,237,392
"signal",17,622,328
"signal",17,129,167
"signal",17,579,221
"signal",17,651,485
"signal",17,462,418
"signal",17,343,42
"signal",17,533,421
"signal",17,177,185
"signal",17,185,621
"signal",17,593,371
"signal",17,147,668
"signal",17,523,450
"signal",17,28,560
"signal",17,655,89
"signal",17,167,500
"signal",17,349,20
"signal",17,41,186
"signal",17,253,8
"signal",17,54,386
"signal",17,676,342
"signal",17,558,252
"signal",17,425,674
"signal",17,283,270
"signal",17,196,161
"signal",17,674,241
"signal",17,221,27
"signal",17,665,156
"signal",17,89,322
"signal",17,446,179
"signal",17,490,613
"signal",17,689,556
"signal",17,469,147
"signal",17,20,506
"signal",17,184,336
"signal",17,500,514
"signal",17,440,171
"signal",17,628,324
"signal",17,40,579
"signal",17,382,314
"signal",17,488,599
"signal",17,183,396
"signal",17,588,55
"signal",17,38,377
"signal",17,213,259
"signal",17,195,283
"signal",17,627,313
"signal",17,519,50
"signal",17,172,258
"signal",17,652,145
"signal",17,145,399
"signal",17,544,462
"signal",17,668,448
"signal",17,121,195
"signal",17,181,440
"signal",17,261,224
"signal",17,69,434
"signal",17,171,121
"signal",17,613,38
"signal",17,562,128
"signal",17,402,14
"signal",17,682,215
"signal",17,328,444
"signal",17,386,263
"signal",17,198,665
"signal",17,418,517
"signal",17,138,22
"signal",17,556,652
"signal",17,548,581
"signal",17,485,627
"signal",17,626,544
"signal",17,42,628
"signal",17,336,588
"signal",17,258,187
"signal",17,398,507
"signal",17,179,558
"signal",17,47,172
"signal",17,92,633
"signal",17,187,138
"signal",17,633,689
"signal",17,298,593
"signal",17,176,237
"signal",17,450,608
"signal",17,23,315
"signal",17,66,196
"signal",17,117,304
"signal",17,515,463
"signal",17,463,445
"signal",17,506,257
"signal",17,507,479
"signal",17,259,515
"signal",17,685,117
"signal",17,434,181
"signal",17,322,523
"signal",17,473,210
"signal",17,396,586
"signal",17,137,137
"signal",17,399,103
"signal",17,55,282
"signal",17,325,69
"signal",17,252,66
"signal",17,13,286
"signal",17,694,405
"signal",17,24,13
"signal",17,148,54
"signal",17,270,24
"signal",17,186,261
"signal",17,215,343
"signal",17,392,398
"signal",17,238,622
"signal",17,377,41
"signal",17,165,508
"signal",17,8,92
"signal",17,372,626
"signal",17,560,630
"signal",17,197,274
"signal",17,565,646
"signal",17,448,473
"signal",17,315,189
"signal",17,444,213
"signal",17,156,28
"signal",17,263,198
"signal",17,602,127
"signal",17,241,148
"signal",17,508,95
"signal",17,282,97
"signal",17,14,572
"signal",18,586,8
"signal",18,100,396
"signal",18,286,185
"signal",18,371,89
"signal",18,304,66
"signal",18,210,161
"signal",18,608,28
"signal",18,127,694
"signal",18,581,490
"signal",18,621,270
"signal",18,22,418
"signal",18,257,231
"signal",18,15,263
"signal",18,27,257
"signal",18,274,448
"signal",18,643,38
"signal",18,227,197
"signal",18,231,593
"signal",18,599,138
"signal",18,160,463
"signal",18,95,655
"signal",18,102,171
"signal",18,594,485
"signal",18,314,27
"signal",18,630,22
"signal",18,154,210
"signal",18,646,440
"signal",18,545,148
"signal",18,161,24
"signal",18,313,184
"signal",18,224,325
"signal",18,189,630
"signal",18,128,425
"signal",18,445,519
"signal",18,342,156
"signal",18,97,137
"signal",18,324,469
"signal",18,479,674
"signal",18,103,523
"signal",18,140,399
"signal",18,511,548
"signal",18,421,95
"signal",18,514,421
"signal",18,405,40
"signal",18,528,195
"signal",18,517,274
"signal",18,572,54
"signal",18,50,23
"signal",18,237,626
"signal",18,622,402
"signal",18,129,55
"signal",18,579,533
"signal",18,651,13
"signal",18,462,176
"signal",18,343,283
"signal",18,533,627
"signal",18,177,127
"signal",18,185,313
"signal",18,593,676
"signal",18,147,372
"signal",18,523,121
"signal",18,28,186
"signal",18,655,15
"signal",18,167,685
"signal",18,349,581
"signal",18,41,298
"signal",18,253,371
"signal",18,54,14
"signal",18,676,261
"signal",18,558,343
"signal",18,425,196
"signal",18,283,20
"signal",18,196,198
"signal",18,674,633
"signal",18,221,315
"signal",18,665,651
"signal",18,89,545
"signal",18,446,181
"signal",18,490,398
"signal",18,689,579
"signal",18,469,599
"signal",18,20,668
"signal",18,184,50
"signal",18,500,145
"signal",18,440,215
"signal",18,628,140
"signal",18,40,189
"signal",18,382,613
"signal",18,488,434
"signal",18,183,102
"signal",18,588,147
"signal",18,38,241
"signal",18,213,405
"signal",18,195,377
"signal",18,627,560
"signal",18,519,508
"signal",18,172,282
"signal",18,652,646
"signal",18,145,473
"signal",18,544,586
"signal",18,668,103
"signal",18,121,622
"signal",18,181,117
"signal",18,261,258
"signal",18,69,565
"signal",18,171,445
"signal",18,613,462
"signal",18,562,221
"signal",18,402,514
"signal",18,682,183
"signal",18,328,237
"signal",18,386,165
"signal",18,198,322
"signal",18,418,506
"signal",18,138,304
"signal",18,556,172
"signal",18,548,227
"signal",18,485,517
"signal",18,626,643
"signal",18,42,179
"signal",18,336,128
"signal",18,258,224
"signal",18,398,69
"signal",18,179,511
"signal",18,47,450
"signal",18,92,682
"signal",18,187,392
"signal",18,633,47
"signal",18,298,594
"signal",18,176,562
"signal",18,450,167
"signal",18,23,97
"signal",18,66,259
"signal",18,117,588
"signal",18,515,253
"signal",18,463,328
"signal",18,506,602
"signal",18,507,444
"signal",18,259,689
"signal",18,685,608
"signal",18,434,129
"signal",18,322,349
"signal",18,473,556
"signal",18,396,544
"signal",18,137,314
"signal",18,399,286
"signal",18,55,100
"signal",18,325,324
"signal",18,252,621
"signal",18,13,213
"signal",18,694,382
"signal",18,24,528
"signal",18,148,154
"signal",18,270,252
"signal",18,186,42
"signal",18,215,92
"signal",18,392,336
"signal",18,238,488
"signal",18,377,177
"signal",18,165,479
"signal",18,8,446
"signal",18,372,507
"signal",18,560,160
"signal",18,197,342
"signal",18,565,572
"signal",18,448,515
"signal",18,315,238
"signal",18,444,665
"signal",18,156,558
"signal",18,263,386
"signal",18,602,500
"signal",18,241,41
"signal",18,508,187
"signal",18,282,628
"signal",18,14,652
"signal",19,586,694
"signal",19,100,286
"signal",19,286,511
"signal",19,371,655
"signal",19,304,304
"signal",19,210,179
"signal",19,608,336
"signal",19,127,674
"signal",19,581,665
"signal",19,621,181
"signal",19,22,103
"signal",19,257,445
"signal",19,15,349
"signal",19,27,160
"signal",19,274,630
"signal",19,643,621
"signal",19,227,283
"signal",19,231,274
"signal",19,599,24
"signal",19,160,237
"signal",19,95,117
"signal",19,102,545
"signal",19,594,324
"signal",19,314,55
"signal",19,630,167
"signal",19,154,315
"signal",19,646,258
"signal",19,545,418
"signal",19,161,224
"signal",19,313,47
"signal",19,224,97
"signal",19,189,100
"signal",19,128,221
"signal",19,445,227
"signal",19,342,172
"signal",19,97,197
"signal",19,324,405
"signal",19,479,189
"signal",19,103,27
"signal",19,140,490
"signal",19,511,342
"signal",19,421,102
"signal",19,514,148
"signal",19,405,171
"signal",19,528,544
"signal",19,517,396
"signal",19,572,40
"signal",19,50,138
"signal",19,237,314
"signal",19,622,448
"signal",19,129,261
"signal",19,579,66
"signal",19,651,325
"signal",19,462,38
"signal",19,343,463
"signal",19,533,128
"signal",19,177,372
"signal",19,185,259
"signal",19,593,450
"signal",19,147,270
"signal",19,523,533
"signal",19,28,127
"signal",19,655,263
"signal",19,167,402
"signal",19,349,22
"signal",19,41,147
"signal",19,253,488
"signal",19,54,558
"signal",19,676,613
"signal",19,558,643
"signal",19,425,92
"signal",19,283,479
"signal",19,196,183
"signal",19,674,586
"signal",19,221,313
"signal",19,665,185
"signal",19,89,626
"signal",19,446,54
"signal",19,490,23
"signal",19,689,41
"signal",19,469,238
"signal",19,20,377
"signal",19,184,507
"signal",19,500,473
"signal",19,440,594
"signal",19,628,572
"signal",19,40,195
"signal",19,382,514
"signal",19,488,517
"signal",19,183,556
"signal",19,588,371
"signal",19,38,343
"signal",19,213,508
"signal",19,195,42
"signal",19,627,176
"signal",19,519,282
"signal",19,172,69
"signal",19,652,608
"signal",19,145,198
"signal",19,544,651
"signal",19,668,161
"signal",19,121,154
"signal",19,181,485
"signal",19,261,399
"signal",19,69,628
"signal",19,171,462
"signal",19,613,28
"signal",19,562,565
"signal",19,402,137
"signal",19,682,213
"signal",19,328,13
"signal",19,386,196
"signal",19,198,156
"signal",19,418,8
"signal",19,138,177
"signal",19,556,588
"signal",19,548,231
"signal",19,485,440
"signal",19,626,676
"signal",19,42,14
"signal",19,336,562
"signal",19,258,253
"signal",19,398,446
"signal",19,179,560
"signal",19,47,257
"signal",19,92,89
"signal",19,187,633
"signal",19,633,500
"signal",19,298,298
"signal",19,176,506
"signal",19,450,241
"signal",19,23,215
"signal",19,66,685
"signal",19,117,210
"signal",19,515,184
"signal",19,463,581
"signal",19,506,519
"signal",19,507,392
"signal",19,259,50
"signal",19,685,622
"signal",19,434,187
"signal",19,322,548
"signal",19,473,322
"signal",19,396,140
"signal",19,137,425
"signal",19,399,434
"signal",19,55,444
"signal",19,325,386
"signal",19,252,121
"signal",19,13,602
"signal",19,694,95
"signal",19,24,165
"signal",19,148,682
"signal",19,270,252
"signal",19,186,599
"signal",19,215,186
"signal",19,392,593
"signal",19,238,523
"signal",19,377,15
"signal",19,165,668
"signal",19,8,145
"signal",19,372,398
"signal",19,560,689
"signal",19,197,579
"signal",19,565,652
"signal",19,448,469
"signal",19,315,627
"signal",19,444,382
"signal",19,156,515
"signal",19,263,421
"signal",19,602,20
"signal",19,241,646
"signal",19,508,528
"signal",19,282,129
"signal",19,14,328
"signal",20,586,562
"signal",20,100,405
"signal",20,286,187
"signal",20,371,215
"signal",20,304,324
"signal",20,210,448
"signal",20,608,572
"signal",20,127,665
"signal",20,581,286
"signal",20,621,196
"signal",20,22,95
"signal",20,257,186
"signal",20,15,257
"signal",20,27,183
"signal",20,274,506
"signal",20,643,694
"signal",20,227,560
"signal",20,231,197
"signal",20,599,41
"signal",20,160,343
"signal",20,95,322
"signal",20,102,514
"signal",20,594,519
"signal",20,314,185
"signal",20,630,66
"signal",20,154,652
"signal",20,646,599
"signal",20,545,676
"signal",20,161,127
"signal",20,313,342
"signal",20,224,38
"signal",20,189,198
"signal",20,128,440
"signal",20,445,22
"signal",20,342,154
"signal",20,97,622
"signal",20,324,594
"signal",20,479,586
"signal",20,103,386
"signal",20,140,434
"signal",20,511,253
"signal",20,421,184
"signal",20,514,221
"signal",20,405,102
"signal",20,528,137
"signal",20,517,147
"signal",20,572,508
"signal",20,50,172
"signal",20,237,304
"signal",20,622,314
"signal",20,129,556
"signal",20,579,27
"signal",20,651,138
"signal",20,462,283
"signal",20,343,181
"signal",20,533,444
"signal",20,177,14
"signal",20,185,258
"signal",20,593,479
"signal",20,147,177
"signal",20,523,103
"signal",20,28,528
"signal",20,655,621
"signal",20,167,418
"signal",20,349,20
"signal",20,41,315
"signal",20,253,128
"signal",20,54,23
"signal",20,676,298
"signal",20,558,627
"signal",20,425,593
"signal",20,283,89
"signal",20,196,8
"signal",20,674,145
"signal",20,221,558
"signal",20,665,54
"signal",20,89,646
"signal",20,446,396
"signal",20,490,689
"signal",20,689,685
"signal",20,469,263
"signal",20,20,167
"signal",20,184,382
"signal",20,500,485
"signal",20,440,425
"signal",20,628,377
"signal",20,40,328
"signal",20,382,227
"signal",20,488,176
"signal",20,183,97
"signal",20,588,469
"signal",20,38,507
"signal",20,213,13
"signal",20,195,92
"signal",20,627,655
"signal",20,519,500
"signal",20,172,392
"signal",20,652,165
"signal",20,145,682
"signal",20,544,237
"signal",20,668,643
"signal",20,121,533
"signal",20,181,421
"signal",20,261,55
"signal",20,69,189
"signal",20,171,238
"signal",20,613,633
"signal",20,562,651
"signal",20,402,28
"signal",20,682,50
"signal",20,328,156
"signal",20,386,282
"signal",20,198,565
"signal",20,418,140
"signal",20,138,210
"signal",20,556,231
"signal",20,548,613
"signal",20,485,160
"signal",20,626,195
"signal",20,42,608
"signal",20,336,179
"signal",20,258,523
"signal",20,398,579
"signal",20,179,446
"signal",20,47,463
"signal",20,92,270
"signal",20,187,261
"signal",20,633,581
"signal",20,298,372
"signal",20,176,399
"signal",20,450,371
"signal",20,23,445
"signal",20,66,42
"signal",20,117,100
"signal",20,515,40
"signal",20,463,252
"signal",20,506,450
"signal",20,507,630
"signal",20,259,213
"signal",20,685,544
"signal",20,434,402
"signal",20,322,69
"signal",20,473,129
"signal",20,396,325
"signal",20,137,517
"signal",20,399,674
"signal",20,55,171
"signal",20,325,462
"signal",20,252,548
"signal",20,13,148
"signal",20,694,47
"signal",20,24,602
"signal",20,148,488
"signal",20,270,241
"signal",20,186,473
"signal",20,215,349
"signal",20,392,515
"signal",20,238,490
"signal",20,377,259
"signal",20,165,626
"signal",20,8,274
"signal",20,372,545
"signal",20,560,161
"signal",20,197,121
"signal",20,565,336
"signal",20,448,628
"signal",20,315,224
"signal",20,444,588
"signal",20,156,668
"signal",20,263,15
"signal",20,602,117
"signal",20,241,313
"signal",20,508,24
"signal",20,282,511
"signal",20,14,398
"signal",21,586,399
"signal",21,100,221
"signal",21,286,198
"signal",21,371,533
"signal",21,304,210
"signal",21,210,252
"signal",21,608,313
"signal",21,127,54
"signal",21,581,47
"signal",21,621,594
"signal",21,22,197
"signal",21,257,161
"signal",21,15,682
"signal",21,27,515
"signal",21,274,315
"signal",21,643,274
"signal",21,227,544
"signal",21,231,473
"signal",21,599,183
"signal",21,160,20
"signal",21,95,185
"signal",21,102,186
"signal",21,594,514
"signal",21,314,42
"signal",21,630,646
"signal",21,154,511
"signal",21,646,100
"signal",21,545,627
"signal",21,161,371
"signal",21,313,602
"signal",21,224,349
"signal",21,189,138
"signal",21,128,23
"signal",21,445,148
"signal",21,342,528
"signal",21,97,259
"signal",21,324,440
"signal",21,479,121
"signal",21,103,66
"signal",21,140,558
"signal",21,511,213
"signal",21,421,599
"signal",21,514,372
"signal",21,405,322
"signal",21,528,147
"signal",21,517,176
"signal",21,572,55
"signal",21,50,621
"signal",21,237,628
"signal",21,622,490
"signal",21,129,545
"signal",21,579,519
"signal",21,651,523
"signal",21,462,676
"signal",21,343,15
"signal",21,533,565
"signal",21,177,165
"signal",21,185,643
"signal",21,593,261
"signal",21,147,560
"signal",21,523,450
"signal",21,28,102
"signal",21,655,40
"signal",21,167,92
"signal",21,349,448
"signal",21,41,479
"signal",21,253,445
"signal",21,54,172
"signal",21,676,405
"signal",21,558,588
"signal",21,425,258
"signal",21,283,562
"signal",21,196,129
"signal",21,674,14
"signal",21,221,8
"signal",21,665,286
"signal",21,89,463
"signal",21,446,382
"signal",21,490,324
"signal",21,689,668
"signal",21,469,238
"signal",21,20,171
"signal",21,184,13
"signal",21,500,227
"signal",21,440,689
"signal",21,628,189
"signal",21,40,283
"signal",21,382,137
"signal",21,488,336
"signal",21,183,179
"signal",21,588,655
"signal",21,38,517
"signal",21,213,69
"signal",21,195,127
"signal",21,627,328
"signal",21,519,140
"signal",21,172,630
"signal",21,652,22
"signal",21,145,586
"signal",21,544,187
"signal",21,668,270
"signal",21,121,28
"signal",21,181,613
"signal",21,261,342
"signal",21,69,128
"signal",21,171,402
"signal",21,613,418
"signal",21,562,89
"signal",21,402,325
"signal",21,682,263
"signal",21,328,685
"signal",21,386,231
"signal",21,198,343
"signal",21,418,507
"signal",21,138,626
"signal",21,556,548
"signal",21,548,469
"signal",21,485,665
"signal",21,626,444
"signal",21,42,633
"signal",21,336,694
"signal",21,258,506
"signal",21,398,177
"signal",21,179,298
"signal",21,47,145
"signal",21,92,488
"signal",21,187,167
"signal",21,633,282
"signal",21,298,462
"signal",21,176,500
"signal",21,450,398
"signal",21,23,27
"signal",21,66,579
"signal",21,117,446
"signal",21,515,314
"signal",21,463,41
"signal",21,506,50
"signal",21,507,434
"signal",21,259,224
"signal",21,685,392
"signal",21,434,253
"signal",21,322,237
"signal",21,473,593
"signal",21,396,215
"signal",21,137,556
"signal",21,399,38
"signal",21,55,184
"signal",21,325,154
"signal",21,252,652
"signal",21,13,581
"signal",21,694,608
"signal",21,24,181
"signal",21,148,304
"signal",21,270,156
"signal",21,186,674
"signal",21,215,241
"signal",21,392,103
"signal",21,238,485
"signal",21,377,622
"signal",21,165,95
"signal",21,8,97
"signal",21,372,508
"signal",21,560,196
"signal",21,197,386
"signal",21,565,160
"signal",21,448,195
"signal",21,315,651
"signal",21,444,257
"signal",21,156,377
"signal",21,263,421
"signal",21,602,572
"signal",21,241,396
"signal",21,508,117
"signal",21,282,24
"signal",21,14,425
"signal",22,586,627
"signal",22,100,689
"signal",22,286,20
"signal",22,371,95
"signal",22,304,398
"signal",22,210,128
"signal",22,608,440
"signal",22,127,259
"signal",22,581,23
"signal",22,621,8
"signal",22,22,186
"signal",22,257,176
"signal",22,15,594
"signal",22,27,103
"signal",22,274,167
"signal",22,643,392
"signal",22,227,314
"signal",22,231,38
"signal",22,599,172
"signal",22,160,602
"signal",22,95,613
"signal",22,102,579
"signal",22,594,154
"signal",22,314,50
"signal",22,630,261
"signal",22,154,189
"signal",22,646,328
"signal",22,545,608
"signal",22,161,215
"signal",22,313,399
"signal",22,224,325
"signal",22,189,425
"signal",22,128,160
"signal",22,445,238
"signal",22,342,565
"signal",22,97,47
"signal",22,324,674
"signal",22,479,630
"signal",22,103,270
"signal",22,140,418
"signal",22,511,221
"signal",22,421,237
"signal",22,514,402
"signal",22,405,185
"signal",22,528,197
"signal",22,517,322
"signal",22,572,485
"signal",22,50,581
"signal",22,237,165
"signal",22,622,283
"signal",22,129,421
"signal",22,579,22
"signal",22,651,210
"signal",22,462,263
"signal",22,343,198
"signal",22,533,24
"signal",22,177,377
"signal",22,185,54
"signal",22,593,304
"signal",22,147,544
"signal",22,523,196
"signal",22,28,448
"signal",22,655,187
"signal",22,167,315
"signal",22,349,227
"signal",22,41,621
"signal",22,253,633
"signal",22,54,469
"signal",22,676,586
"signal",22,558,434
"signal",22,425,646
"signal",22,283,488
"signal",22,196,183
"signal",22,674,562
"signal",22,221,184
"signal",22,665,533
"signal",22,89,572
"signal",22,446,507
"signal",22,490,676
"signal",22,689,148
"signal",22,469,42
"signal",22,20,490
"signal",22,184,241
"signal",22,500,100
"signal",22,440,462
"signal",22,628,665
"signal",22,40,450
"signal",22,382,372
"signal",22,488,179
"signal",22,183,336
"signal",22,588,129
"signal",22,38,213
"signal",22,213,117
"signal",22,195,506
"signal",22,627,298
"signal",22,519,257
"signal",22,172,145
"signal",22,652,682
"signal",22,145,446
"signal",22,544,140
"signal",22,668,171
"signal",22,121,89
"signal",22,181,668
"signal",22,261,694
"signal",22,69,282
"signal",22,171,599
"signal",22,613,405
"signal",22,562,643
"signal",22,402,519
"signal",22,682,28
"signal",22,328,463
"signal",22,386,13
"signal",22,198,652
"signal",22,418,127
"signal",22,138,511
"signal",22,556,445
"signal",22,548,274
"signal",22,485,231
"signal",22,626,500
"signal",22,42,69
"signal",22,336,92
"signal",22,258,588
"signal",22,398,138
"signal",22,179,343
"signal",22,47,258
"signal",22,92,514
"signal",22,187,286
"signal",22,633,655
"signal",22,298,15
"signal",22,176,253
"signal",22,450,55
"signal",22,23,517
"signal",22,66,508
"signal",22,117,313
"signal",22,515,224
"signal",22,463,97
"signal",22,506,147
"signal",22,507,386
"signal",22,259,324
"signal",22,685,342
"signal",22,434,515
"signal",22,322,181
"signal",22,473,545
"signal",22,396,685
"signal",22,137,628
"signal",22,399,41
"signal",22,55,177
"signal",22,325,14
"signal",22,252,556
"signal",22,13,27
"signal",22,694,156
"signal",22,24,622
"signal",22,148,479
"signal",22,270,371
"signal",22,186,102
"signal",22,215,137
"signal",22,392,528
"signal",22,238,523
"signal",22,377,593
"signal",22,165,558
"signal",22,8,66
"signal",22,372,396
"signal",22,560,548
"signal",22,197,473
"signal",22,565,121
"signal",22,448,560
"signal",22,315,161
"signal",22,444,651
"signal",22,156,195
"signal",22,263,382
"signal",22,602,349
"signal",22,241,444
"signal",22,508,252
"signal",22,282,626
"signal",22,14,40
"signal",23,586,121
"signal",23,100,283
"signal",23,286,386
"signal",23,371,694
"signal",23,304,556
"signal",23,210,418
"signal",23,608,343
"signal",23,127,184
"signal",23,581,252
"signal",23,621,186
"signal",23,22,103
"signal",23,257,89
"signal",23,15,621
"signal",23,27,215
"signal",23,274,313
"signal",23,643,324
"signal",23,227,263
"signal",23,231,450
"signal",23,599,270
"signal",23,160,646
"signal",23,95,558
"signal",23,102,655
"signal",23,594,128
"signal",23,314,161
"signal",23,630,630
"signal",23,154,511
"signal",23,646,241
"signal",23,545,8
"signal",23,161,102
"signal",23,313,183
"signal",23,224,565
"signal",23,189,515
"signal",23,128,258
"signal",23,445,440
"signal",23,342,165
"signal",23,97,147
"signal",23,324,171
"signal",23,479,651
"signal",23,103,213
"signal",23,140,100
"signal",23,511,485
"signal",23,421,560
"signal",23,514,626
"signal",23,405,117
"signal",23,528,47
"signal",23,517,176
"signal",23,572,533
"signal",23,50,396
"signal",23,237,140
"signal",23,622,425
"signal",23,129,488
"signal",23,579,627
"signal",23,651,507
"signal",23,462,665
"signal",23,343,55
"signal",23,533,40
"signal",23,177,210
"signal",23,185,628
"signal",23,593,608
"signal",23,147,38
"signal",23,523,253
"signal",23,28,548
"signal",23,655,127
"signal",23,167,689
"signal",23,349,257
"signal",23,41,304
"signal",23,253,92
"signal",23,54,508
"signal",23,676,599
"signal",23,558,562
"signal",23,425,66
"signal",23,283,398
"signal",23,196,177
"signal",23,674,261
"signal",23,221,342
"signal",23,665,579
"signal",23,89,399
"signal",23,446,633
"signal",23,490,602
"signal",23,689,469
"signal",23,469,581
"signal",23,20,544
"signal",23,184,196
"signal",23,500,15
"signal",23,440,298
"signal",23,628,286
"signal",23,40,643
"signal",23,382,517
"signal",23,488,325
"signal",23,183,224
"signal",23,588,138
"signal",23,38,674
"signal",23,213,156
"signal",23,195,145
"signal",23,627,473
"signal",23,519,372
"signal",23,172,519
"signal",23,652,622
"signal",23,145,490
"signal",23,544,185
"signal",23,668,181
"signal",23,121,588
"signal",23,181,405
"signal",23,261,27
"signal",23,69,195
"signal",23,171,377
"signal",23,613,238
"signal",23,562,148
"signal",23,402,421
"signal",23,682,22
"signal",23,328,137
"signal",23,386,13
"signal",23,198,54
"signal",23,418,167
"signal",23,138,42
"signal",23,556,545
"signal",23,548,315
"signal",23,485,20
"signal",23,626,172
"signal",23,42,198
"signal",23,336,445
"signal",23,258,668
"signal",23,398,652
"signal",23,179,523
"signal",23,47,221
"signal",23,92,336
"signal",23,187,463
"signal",23,633,514
"signal",23,298,676
"signal",23,176,349
"signal",23,450,24
"signal",23,23,69
"signal",23,66,197
"signal",23,117,586
"signal",23,515,479
"signal",23,463,179
"signal",23,506,97
"signal",23,507,572
"signal",23,259,685
"signal",23,685,23
"signal",23,434,129
"signal",23,322,506
"signal",23,473,259
"signal",23,396,237
"signal",23,137,392
"signal",23,399,682
"signal",23,55,402
"signal",23,325,14
"signal",23,252,462
"signal",23,13,28
"signal",23,694,154
"signal",23,24,314
"signal",23,148,50
"signal",23,270,382
"signal",23,186,231
"signal",23,215,371
"signal",23,392,613
"signal",23,238,160
"signal",23,377,187
"signal",23,165,41
"signal",23,8,95
"signal",23,372,434
"signal",23,560,593
"signal",23,197,282
"signal",23,565,500
"signal",23,448,528
"signal",23,315,227
"signal",23,444,189
"signal",23,156,322
"signal",23,263,446
"signal",23,602,448
"signal",23,241,274
"signal",23,508,594
"signal",23,282,444
"signal",23,14,328
"signal",24,586,258
"signal",24,100,448
"signal",24,286,421
"signal",24,371,270
"signal",24,304,161
"signal",24,210,231
"signal",24,608,485
"signal",24,127,594
"signal",24,581,55
"signal",24,621,210
"signal",24,22,274
"signal",24,257,434
"signal",24,15,167
"signal",24,27,523
"signal",24,274,314
"signal",24,643,22
"signal",24,227,402
"signal",24,231,392
"signal",24,599,581
"signal",24,160,186
"signal",24,95,261
"signal",24,102,179
"signal",24,594,176
"signal",24,314,259
"signal",24,630,20
"signal",24,154,127
"signal",24,646,137
"signal",24,545,253
"signal",24,161,655
"signal",24,313,599
"signal",24,224,579
"signal",24,189,89
"signal",24,128,50
"signal",24,445,651
"signal",24,342,372
"signal",24,97,140
"signal",24,324,213
"signal",24,479,286
"signal",24,103,238
"signal",24,140,562
"signal",24,511,8
"signal",24,421,165
"signal",24,514,446
"signal",24,405,328
"signal",24,528,336
"signal",24,517,440
"signal",24,572,171
"signal",24,50,565
"signal",24,237,154
"signal",24,622,588
"signal",24,129,398
"signal",24,579,556
"signal",24,651,24
"signal",24,462,508
"signal",24,343,450
"signal",24,533,197
"signal",24,177,313
"signal",24,185,241
"signal",24,593,69
"signal",24,147,613
"signal",24,523,138
"signal",24,28,488
"signal",24,655,156
"signal",24,167,630
"signal",24,349,325
"signal",24,41,425
"signal",24,253,224
"signal",24,54,27
"signal",24,676,181
"signal",24,558,444
"signal",24,425,15
"signal",24,283,324
"signal",24,196,386
"signal",24,674,506
"signal",24,221,221
"signal",24,665,396
"signal",24,89,676
"signal",24,446,405
"signal",24,490,665
"signal",24,689,382
"signal",24,469,463
"signal",24,20,515
"signal",24,184,469
"signal",24,500,252
"signal",24,440,304
"signal",24,628,322
"signal",24,40,668
"signal",24,382,342
"signal",24,488,147
"signal",24,183,548
"signal",24,588,689
"signal",24,38,377
"signal",24,213,117
"signal",24,195,237
"signal",24,627,514
"signal",24,519,42
"signal",24,172,490
"signal",24,652,517
"signal",24,145,54
"signal",24,544,349
"signal",24,668,215
"signal",24,121,652
"signal",24,181,298
"signal",24,261,674
"signal",24,69,519
"signal",24,171,183
"signal",24,613,185
"signal",24,562,128
"signal",24,402,257
"signal",24,682,544
"signal",24,328,533
"signal",24,386,646
"signal",24,198,685
"signal",24,418,14
"signal",24,138,103
"signal",24,556,95
"signal",24,548,621
"signal",24,485,627
"signal",24,626,40
"signal",24,42,694
"signal",24,336,586
"signal",24,258,593
"signal",24,398,187
"signal",24,179,100
"signal",24,47,643
"signal",24,92,528
"signal",24,187,628
"signal",24,633,172
"signal",24,298,28
"signal",24,176,343
"signal",24,450,227
"signal",24,23,626
"signal",24,66,500
"signal",24,117,196
"signal",24,515,184
"signal",24,463,622
"signal",24,506,558
"signal",24,507,198
"signal",24,259,602
"signal",24,685,13
"signal",24,434,41
"signal",24,322,66
"signal",24,473,121
"signal",24,396,129
"signal",24,137,445
"signal",24,399,38
"signal",24,55,572
"signal",24,325,195
"signal",24,252,371
"signal",24,13,102
"signal",24,694,462
"signal",24,24,315
"signal",24,148,263
"signal",24,270,148
"signal",24,186,145
"signal",24,215,189
"signal",24,392,633
"signal",24,238,23
"signal",24,377,511
"signal",24,165,283
"signal",24,8,479
"signal",24,372,545
"signal",24,560,282
"signal",24,197,47
"signal",24,565,473
"signal",24,448,507
"signal",24,315,92
"signal",24,444,608
"signal",24,156,682
"signal",24,263,418
"signal",24,602,160
"signal",24,241,560
"signal",24,508,97
"signal",24,282,399
"signal",24,14,177
"signal",25,586,448
"signal",25,100,15
"signal",25,286,565
"signal",25,371,20
"signal",25,304,473
"signal",25,210,545
"signal",25,608,160
"signal",25,127,274
"signal",25,581,103
"signal",25,621,633
"signal",25,22,185
"signal",25,257,176
"signal",25,15,148
"signal",25,27,560
"signal",25,274,128
"signal",25,643,14
"signal",25,227,283
"signal",25,231,50
"signal",25,599,469
"signal",25,160,315
"signal",25,95,117
"signal",25,102,628
"signal",25,594,23
"signal",25,314,55
"signal",25,630,298
"signal",25,154,304
"signal",25,646,676
"signal",25,545,313
"signal",25,161,488
"signal",25,313,398
"signal",25,224,24
"signal",25,189,508
"signal",25,128,47
"signal",25,445,261
"signal",25,342,27
"signal",25,97,511
"signal",25,324,652
"signal",25,479,689
"signal",25,103,227
"signal",25,140,349
"signal",25,511,322
"signal",25,421,100
"signal",25,514,655
"signal",25,405,13
"signal",25,528,167
"signal",25,517,314
"signal",25,572,519
"signal",25,50,421
"signal",25,237,377
"signal",25,622,324
"signal",25,129,630
"signal",25,579,140
"signal",25,651,382
"signal",25,462,231
"signal",25,343,440
"signal",25,533,210
"signal",25,177,184
"signal",25,185,399
"signal",25,593,257
"signal",25,147,392
"signal",25,523,371
"signal",25,28,608
"signal",25,655,238
"signal",25,167,462
"signal",25,349,187
"signal",25,41,237
"signal",25,253,172
"signal",25,54,102
"signal",25,676,626
"signal",25,558,92
"signal",25,425,252
"signal",25,283,259
"signal",25,196,138
"signal",25,674,621
"signal",25,221,514
"signal",25,665,528
"signal",25,89,95
"signal",25,446,594
"signal",25,490,22
"signal",25,689,613
"signal",25,469,89
"signal",25,20,523
"signal",25,184,572
"signal",25,500,253
"signal",25,440,694
"signal",25,628,336
"signal",25,40,372
"signal",25,382,69
"signal",25,488,485
"signal",25,183,198
"signal",25,588,186
"signal",25,38,446
"signal",25,213,579
"signal",25,195,517
"signal",25,627,196
"signal",25,519,343
"signal",25,172,500
"signal",25,652,66
"signal",25,145,121
"signal",25,544,548
"signal",25,668,581
"signal",25,121,685
"signal",25,181,42
"signal",25,261,556
"signal",25,69,154
"signal",25,171,28
"signal",25,613,241
"signal",25,562,129
"signal",25,402,599
"signal",25,682,41
"signal",25,328,270
"signal",25,386,325
"signal",25,198,263
"signal",25,418,402
"signal",25,138,627
"signal",25,556,479
"signal",25,548,328
"signal",25,485,588
"signal",25,626,593
"signal",25,42,97
"signal",25,336,195
"signal",25,258,286
"signal",25,398,127
"signal",25,179,444
"signal",25,47,386
"signal",25,92,586
"signal",25,187,54
"signal",25,633,533
"signal",25,298,668
"signal",25,176,643
"signal",25,450,213
"signal",25,23,8
"signal",25,66,181
"signal",25,117,197
"signal",25,515,189
"signal",25,463,137
"signal",25,506,646
"signal",25,507,434
"signal",25,259,147
"signal",25,685,562
"signal",25,434,445
"signal",25,322,183
"signal",25,473,161
"signal",25,396,651
"signal",25,137,224
"signal",25,399,165
"signal",25,55,602
"signal",25,325,145
"signal",25,252,622
"signal",25,13,179
"signal",25,694,156
"signal",25,24,258
"signal",25,148,396
"signal",25,270,490
"signal",25,186,558
"signal",25,215,177
"signal",25,392,463
"signal",25,238,38
"signal",25,377,544
"signal",25,165,507
"signal",25,8,450
"signal",25,372,674
"signal",25,560,282
"signal",25,197,221
"signal",25,565,682
"signal",25,448,506
"signal",25,315,40
"signal",25,444,215
"signal",25,156,342
"signal",25,263,665
"signal",25,602,171
"signal",25,241,405
"signal",25,508,425
"signal",25,282,418
"signal",25,14,515
"signal",26,586,336
"signal",26,100,185
"signal",26,286,402
"signal",26,371,633
"signal",26,304,548
"signal",26,210,282
"signal",26,608,161
"signal",26,127,189
"signal",26,581,372
"signal",26,621,652
"signal",26,22,259
"signal",26,257,446
"signal",26,15,286
"signal",26,27,20
"signal",26,274,500
"signal",26,643,181
"signal",26,227,313
"signal",26,231,324
"signal",26,599,392
"signal",26,160,602
"signal",26,95,523
"signal",26,102,651
"signal",26,594,263
"signal",26,314,514
"signal",26,630,556
"signal",26,154,665
"signal",26,646,689
"signal",26,545,558
"signal",26,161,682
"signal",26,313,92
"signal",26,224,342
"signal",26,189,258
"signal",26,128,270
"signal",26,445,371
"signal",26,342,628
"signal",26,97,655
"signal",26,324,515
"signal",26,479,238
"signal",26,103,274
"signal",26,140,304
"signal",26,511,140
"signal",26,421,148
"signal",26,514,399
"signal",26,405,198
"signal",26,528,95
"signal",26,517,507
"signal",26,572,572
"signal",26,50,22
"signal",26,237,55
"signal",26,622,167
"signal",26,129,38
"signal",26,579,421
"signal",26,651,231
"signal",26,462,47
"signal",26,343,283
"signal",26,533,588
"signal",26,177,41
"signal",26,185,579
"signal",26,593,646
"signal",26,147,176
"signal",26,523,138
"signal",26,28,621
"signal",26,655,117
"signal",26,167,594
"signal",26,349,154
"signal",26,41,314
"signal",26,253,533
"signal",26,54,674
"signal",26,676,172
"signal",26,558,643
"signal",26,425,89
"signal",26,283,42
"signal",26,196,196
"signal",26,674,257
"signal",26,221,128
"signal",26,665,54
"signal",26,89,685
"signal",26,446,462
"signal",26,490,210
"signal",26,689,183
"signal",26,469,445
"signal",26,20,506
"signal",26,184,694
"signal",26,500,593
"signal",26,440,227
"signal",26,628,565
"signal",26,40,66
"signal",26,382,252
"signal",26,488,14
"signal",26,183,102
"signal",26,588,386
"signal",26,38,490
"signal",26,213,177
"signal",26,195,627
"signal",26,627,508
"signal",26,519,382
"signal",26,172,626
"signal",26,652,425
"signal",26,145,195
"signal",26,544,377
"signal",26,668,608
"signal",26,121,488
"signal",26,181,463
"signal",26,261,528
"signal",26,69,349
"signal",26,171,24
"signal",26,613,103
"signal",26,562,519
"signal",26,402,40
"signal",26,682,171
"signal",26,328,544
"signal",26,386,448
"signal",26,198,165
"signal",26,418,418
"signal",26,138,241
"signal",26,556,469
"signal",26,548,405
"signal",26,485,50
"signal",26,626,145
"signal",26,42,599
"signal",26,336,485
"signal",26,258,8
"signal",26,398,213
"signal",26,179,630
"signal",26,47,396
"signal",26,92,237
"signal",26,187,160
"signal",26,633,13
"signal",26,298,622
"signal",26,176,27
"signal",26,450,343
"signal",26,23,15
"signal",26,66,450
"signal",26,117,676
"signal",26,515,253
"signal",26,463,473
"signal",26,506,129
"signal",26,507,434
"signal",26,259,97
"signal",26,685,147
"signal",26,434,187
"signal",26,322,197
"signal",26,473,221
"signal",26,396,186
"signal",26,137,215
"signal",26,399,511
"signal",26,55,398
"signal",26,325,137
"signal",26,252,261
"signal",26,13,328
"signal",26,694,28
"signal",26,24,581
"signal",26,148,23
"signal",26,270,479
"signal",26,186,315
"signal",26,215,560
"signal",26,392,562
"signal",26,238,184
"signal",26,377,613
"signal",26,165,322
"signal",26,8,668
"signal",26,372,325
"signal",26,560,69
"signal",26,197,517
"signal",26,565,100
"signal",26,448,545
"signal",26,315,156
"signal",26,444,444
"signal",26,156,440
"signal",26,263,127
"signal",26,602,298
"signal",26,241,224
"signal",26,508,586
"signal",26,282,179
"signal",26,14,121
"signal",27,586,558
"signal",27,100,140
"signal",27,286,186
"signal",27,371,523
"signal",27,304,100
"signal",27,210,622
"signal",27,608,560
"signal",27,127,322
"signal",27,581,469
"signal",27,621,507
"signal",27,22,343
"signal",27,257,38
"signal",27,15,519
"signal",27,27,40
"signal",27,274,446
"signal",27,643,626
"signal",27,227,418
"signal",27,231,147
"signal",27,599,117
"signal",27,160,270
"signal",27,95,274
"signal",27,102,336
"signal",27,594,252
"signal",27,314,89
"signal",27,630,187
"signal",27,154,237
"signal",27,646,171
"signal",27,545,172
"signal",27,161,184
"signal",27,313,167
"signal",27,224,14
"signal",27,189,627
"signal",27,128,15
"signal",27,445,324
"signal",27,342,434
"signal",27,97,328
"signal",27,324,581
"signal",27,479,258
"signal",27,103,398
"signal",27,140,396
"signal",27,511,633
"signal",27,421,599
"signal",27,514,602
"signal",27,405,651
"signal",27,528,13
"signal",27,517,621
"signal",27,572,241
"signal",27,50,24
"signal",27,237,95
"signal",27,622,66
"signal",27,129,137
"signal",27,579,160
"signal",27,651,579
"signal",27,462,55
"signal",27,343,372
"signal",27,533,533
"signal",27,177,215
"signal",27,185,286
"signal",27,593,263
"signal",27,147,450
"signal",27,523,463
"signal",27,28,224
"signal",27,655,50
"signal",27,167,593
"signal",27,349,127
"signal",27,41,628
"signal",27,253,97
"signal",27,54,473
"signal",27,676,41
"signal",27,558,179
"signal",27,425,349
"signal",27,283,283
"signal",27,196,181
"signal",27,674,177
"signal",27,221,128
"signal",27,665,154
"signal",27,89,42
"signal",27,446,371
"signal",27,490,613
"signal",27,689,195
"signal",27,469,448
"signal",27,20,315
"signal",27,184,517
"signal",27,500,28
"signal",27,440,405
"signal",27,628,210
"signal",27,40,69
"signal",27,382,121
"signal",27,488,462
"signal",27,183,444
"signal",27,588,27
"signal",27,38,665
"signal",27,213,221
"signal",27,195,138
"signal",27,627,440
"signal",27,519,253
"signal",27,172,196
"signal",27,652,231
"signal",27,145,488
"signal",27,544,257
"signal",27,668,183
"signal",27,121,588
"signal",27,181,165
"signal",27,261,129
"signal",27,69,102
"signal",27,171,689
"signal",27,613,325
"signal",27,562,485
"signal",27,402,572
"signal",27,682,392
"signal",27,328,148
"signal",27,386,382
"signal",27,198,314
"signal",27,418,490
"signal",27,138,304
"signal",27,556,544
"signal",27,548,313
"signal",27,485,23
"signal",27,626,259
"signal",27,42,156
"signal",27,336,8
"signal",27,258,176
"signal",27,398,197
"signal",27,179,652
"signal",27,47,500
"signal",27,92,515
"signal",27,187,528
"signal",27,633,92
"signal",27,298,646
"signal",27,176,630
"signal",27,450,676
"signal",27,23,402
"signal",27,66,511
"signal",27,117,213
"signal",27,515,506
"signal",27,463,103
"signal",27,506,421
"signal",27,507,608
"signal",27,259,479
"signal",27,685,185
"signal",27,434,682
"signal",27,322,565
"signal",27,473,20
"signal",27,396,22
"signal",27,137,298
"signal",27,399,399
"signal",27,55,685
"signal",27,325,514
"signal",27,252,548
"signal",27,13,643
"signal",27,694,238
"signal",27,24,694
"signal",27,148,261
"signal",27,270,54
"signal",27,186,282
"signal",27,215,189
"signal",27,392,586
"signal",27,238,386
"signal",27,377,47
"signal",27,165,198
"signal",27,8,342
"signal",27,372,161
"signal",27,560,545
"signal",27,197,508
"signal",27,565,562
"signal",27,448,425
"signal",27,315,377
"signal",27,444,145
"signal",27,156,674
"signal",27,263,668
"signal",27,602,594
"signal",27,241,556
"signal",27,508,445
"signal",27,282,227
"signal",27,14,655
"signal",28,586,237
"signal",28,100,399
"signal",28,286,506
"signal",28,371,186
"signal",28,304,689
"signal",28,210,102
"signal",28,608,100
"signal",28,127,685
"signal",28,581,298
"signal",28,621,54
"signal",28,22,655
"signal",28,257,469
"signal",28,15,621
"signal",28,27,241
"signal",28,274,479
"signal",28,643,286
"signal",28,227,372
"signal",28,231,8
"signal",28,599,179
"signal",28,160,127
"signal",28,95,198
"signal",28,102,651
"signal",28,594,448
"signal",28,314,628
"signal",28,630,517
"signal",28,154,38
"signal",28,646,514
"signal",28,545,261
"signal",28,161,224
"signal",28,313,20
"signal",28,224,270
"signal",28,189,622
"signal",28,128,586
"signal",28,445,66
"signal",28,342,608
"signal",28,97,252
"signal",28,324,593
"signal",28,479,565
"signal",28,103,213
"signal",28,140,490
"signal",28,511,445
"signal",28,421,343
"signal",28,514,304
"signal",28,405,425
"signal",28,528,95
"signal",28,517,274
"signal",28,572,325
"signal",28,50,165
"signal",28,237,446
"signal",28,622,511
"signal",28,129,28
"signal",28,579,24
"signal",28,651,473
"signal",28,462,259
"signal",28,343,382
"signal",28,533,398
"signal",28,177,324
"signal",28,185,14
"signal",28,593,405
"signal",28,147,694
"signal",28,523,556
"signal",28,28,560
"signal",28,655,507
"signal",28,167,160
"signal",28,349,227
"signal",28,41,128
"signal",28,253,594
"signal",28,54,92
"signal",28,676,41
"signal",28,558,253
"signal",28,425,50
"signal",28,283,181
"signal",28,196,117
"signal",28,674,121
"signal",28,221,138
"signal",28,665,315
"signal",28,89,167
"signal",28,446,89
"signal",28,490,313
"signal",28,689,519
"signal",28,469,392
"signal",28,20,322
"signal",28,184,599
"signal",28,500,371
"signal",28,440,377
"signal",28,628,148
"signal",28,40,562
"signal",28,382,463
"signal",28,488,508
"signal",28,183,129
"signal",28,588,434
"signal",28,38,187
"signal",28,213,421
"signal",28,195,613
"signal",28,627,314
"signal",28,519,462
"signal",28,172,263
"signal",28,652,13
"signal",28,145,581
"signal",28,544,646
"signal",28,668,342
"signal",28,121,40
"signal",28,181,23
"signal",28,261,450
"signal",28,69,674
"signal",28,171,210
"signal",28,613,140
"signal",28,562,533
"signal",28,402,185
"signal",28,682,500
"signal",28,328,161
"signal",28,386,488
"signal",28,198,195
"signal",28,418,515
"signal",28,138,652
"signal",28,556,633
"signal",28,548,154
"signal",28,485,145
"signal",28,626,402
"signal",28,42,572
"signal",28,336,171
"signal",28,258,588
"signal",28,398,396
"signal",28,179,15
"signal",28,47,544
"signal",28,92,283
"signal",28,187,221
"signal",28,633,682
"signal",28,298,665
"signal",28,176,22
"signal",28,450,172
"signal",28,23,55
"signal",28,66,643
"signal",28,117,668
"signal",28,515,103
"signal",28,463,258
"signal",28,506,485
"signal",28,507,238
"signal",28,259,602
"signal",28,685,196
"signal",28,434,282
"signal",28,322,42
"signal",28,473,257
"signal",28,396,336
"signal",28,137,630
"signal",28,399,528
"signal",28,55,558
"signal",28,325,444
"signal",28,252,137
"signal",28,13,183
"signal",28,694,147
"signal",28,24,626
"signal",28,148,627
"signal",28,270,349
"signal",28,186,189
"signal",28,215,97
"signal",28,392,579
"signal",28,238,523
"signal",28,377,215
"signal",28,165,184
"signal",28,8,676
"signal",28,372,440
"signal",28,560,47
"signal",28,197,231
"signal",28,565,156
"signal",28,448,197
"signal",28,315,69
"signal",28,444,418
"signal",28,156,548
"signal",28,263,545
"signal",28,602,328
"signal",28,241,176
"signal",28,508,386
"signal",28,282,27
"signal",28,14,177
"signal",29,586,100
"signal",29,100,633
"signal",29,286,20
"signal",29,371,565
"signal",29,304,13
"signal",29,210,195
"signal",29,608,298
"signal",29,127,172
"signal",29,581,485
"signal",29,621,627
"signal",29,22,558
"signal",29,257,533
"signal",29,15,630
"signal",29,27,515
"signal",29,274,500
"signal",29,643,544
"signal",29,227,445
"signal",29,231,270
"signal",29,599,181
"signal",29,160,28
"signal",29,95,177
"signal",29,102,196
"signal",29,594,138
"signal",29,314,89
"signal",29,630,324
"signal",29,154,560
"signal",29,646,186
"signal",29,545,258
"signal",29,161,253
"signal",29,313,185
"signal",29,224,252
"signal",29,189,399
"signal",29,128,405
"signal",29,445,694
"signal",29,342,128
"signal",29,97,167
"signal",29,324,396
"signal",29,479,448
"signal",29,103,8
"signal",29,140,283
"signal",29,511,47
"signal",29,421,418
"signal",29,514,27
"signal",29,405,556
"signal",29,528,140
"signal",29,517,286
"signal",29,572,519
"signal",29,50,22
"signal",29,237,156
"signal",29,622,514
"signal",29,129,261
"signal",29,579,507
"signal",29,651,97
"signal",29,462,371
"signal",29,343,14
"signal",29,533,154
"signal",29,177,528
"signal",29,185,349
"signal",29,593,674
"signal",29,147,622
"signal",29,523,282
"signal",29,28,398
"signal",29,655,652
"signal",29,167,488
"signal",29,349,608
"signal",29,41,621
"signal",29,253,183
"signal",29,54,523
"signal",29,676,446
"signal",29,558,314
"signal",29,425,343
"signal",29,283,179
"signal",29,196,210
"signal",29,674,473
"signal",29,221,421
"signal",29,665,425
"signal",29,89,572
"signal",29,446,54
"signal",29,490,127
"signal",29,689,668
"signal",29,469,42
"signal",29,20,602
"signal",29,184,593
"signal",29,500,221
"signal",29,440,506
"signal",29,628,40
"signal",29,40,440
"signal",29,382,548
"signal",29,488,38
"signal",29,183,227
"signal",29,588,626
"signal",29,38,588
"signal",29,213,508
"signal",29,195,581
"signal",29,627,147
"signal",29,519,224
"signal",29,172,257
"signal",29,652,198
"signal",29,145,689
"signal",29,544,646
"signal",29,668,328
"signal",29,121,511
"signal",29,181,184
"signal",29,261,189
"signal",29,69,382
"signal",29,171,463
"signal",29,613,450
"signal",29,562,148
"signal",29,402,682
"signal",29,682,313
"signal",29,328,215
"signal",29,386,55
"signal",29,198,655
"signal",29,418,579
"signal",29,138,50
"signal",29,556,145
"signal",29,548,41
"signal",29,485,628
"signal",29,626,102
"signal",29,42,643
"signal",29,336,315
"signal",29,258,562
"signal",29,398,238
"signal",29,179,372
"signal",29,47,161
"signal",29,92,586
"signal",29,187,599
"signal",29,633,651
"signal",29,298,676
"signal",29,176,263
"signal",29,450,137
"signal",29,23,377
"signal",29,66,117
"signal",29,117,241
"signal",29,515,197
"signal",29,463,129
"signal",29,506,386
"signal",29,507,160
"signal",29,259,685
"signal",29,685,66
"signal",29,434,336
"signal",29,322,325
"signal",29,473,402
"signal",29,396,304
"signal",29,137,231
"signal",29,399,392
"signal",29,55,69
"signal",29,325,322
"signal",29,252,594
"signal",29,13,213
"signal",29,694,490
"signal",29,24,237
"signal",29,148,545
"signal",29,270,187
"signal",29,186,165
"signal",29,215,103
"signal",29,392,342
"signal",29,238,24
"signal",29,377,176
"signal",29,165,434
"signal",29,8,92
"signal",29,372,444
"signal",29,560,259
"signal",29,197,462
"signal",29,565,665
"signal",29,448,517
"signal",29,315,95
"signal",29,444,15
"signal",29,156,469
"signal",29,263,479
"signal",29,602,274
"signal",29,241,121
"signal",29,508,171
"signal",29,282,23
"signal",29,14,613
"signal",30,586,463
"signal",30,100,165
"signal",30,286,238
"signal",30,371,399
"signal",30,304,446
"signal",30,210,507
"signal",30,608,160
"signal",30,127,479
"signal",30,581,102
"signal",30,621,14
"signal",30,22,560
"signal",30,257,405
"signal",30,15,92
"signal",30,27,304
"signal",30,274,621
"signal",30,643,148
"signal",30,227,371
"signal",30,231,434
"signal",30,599,556
"signal",30,160,588
"signal",30,95,100
"signal",30,102,231
"signal",30,594,224
"signal",30,314,140
"signal",30,630,514
"signal",30,154,643
"signal",30,646,651
"signal",30,545,41
"signal",30,161,270
"signal",30,313,523
"signal",30,224,69
"signal",30,189,544
"signal",30,128,349
"signal",30,445,613
"signal",30,342,665
"signal",30,97,594
"signal",30,324,315
"signal",30,479,473
"signal",30,103,421
"signal",30,140,425
"signal",30,511,608
"signal",30,421,127
"signal",30,514,562
"signal",30,405,221
"signal",30,528,227
"signal",30,517,506
"signal",30,572,185
"signal",30,50,171
"signal",30,237,517
"signal",30,622,528
"signal",30,129,40
"signal",30,579,89
"signal",30,651,24
"signal",30,462,274
"signal",30,343,508
"signal",30,533,674
"signal",30,177,488
"signal",30,185,15
"signal",30,593,183
"signal",30,147,298
"signal",30,523,22
"signal",30,28,444
"signal",30,655,511
"signal",30,167,28
"signal",30,349,545
"signal",30,41,325
"signal",30,253,565
"signal",30,54,336
"signal",30,676,154
"signal",30,558,8
"signal",30,425,628
"signal",30,283,392
"signal",30,196,38
"signal",30,674,189
"signal",30,221,129
"signal",30,665,500
"signal",30,89,386
"signal",30,446,313
"signal",30,490,490
"signal",30,689,533
"signal",30,469,263
"signal",30,20,117
"signal",30,184,198
"signal",30,500,572
"signal",30,440,179
"signal",30,628,187
"signal",30,40,602
"signal",30,382,176
"signal",30,488,138
"signal",30,183,215
"signal",30,588,197
"signal",30,38,258
"signal",30,213,195
"signal",30,195,328
"signal",30,627,241
"signal",30,519,55
"signal",30,172,342
"signal",30,652,440
"signal",30,145,682
"signal",30,544,581
"signal",30,668,95
"signal",30,121,314
"signal",30,181,237
"signal",30,261,186
"signal",30,69,156
"signal",30,171,627
"signal",30,613,445
"signal",30,562,259
"signal",30,402,402
"signal",30,682,652
"signal",30,328,622
"signal",30,386,252
"signal",30,198,128
"signal",30,418,469
"signal",30,138,398
"signal",30,556,377
"signal",30,548,121
"signal",30,485,396
"signal",30,626,343
"signal",30,42,50
"signal",30,336,177
"signal",30,258,322
"signal",30,398,593
"signal",30,179,103
"signal",30,47,253
"signal",30,92,382
"signal",30,187,462
"signal",30,633,646
"signal",30,298,97
"signal",30,176,167
"signal",30,450,418
"signal",30,23,161
"signal",30,66,147
"signal",30,117,47
"signal",30,515,450
"signal",30,463,213
"signal",30,506,13
"signal",30,507,599
"signal",30,259,372
"signal",30,685,257
"signal",30,434,181
"signal",30,322,286
"signal",30,473,676
"signal",30,396,137
"signal",30,137,172
"signal",30,399,633
"signal",30,55,685
"signal",30,325,448
"signal",30,252,515
"signal",30,13,548
"signal",30,694,184
"signal",30,24,20
"signal",30,148,558
"signal",30,270,668
"signal",30,186,324
"signal",30,215,196
"signal",30,392,694
"signal",30,238,283
"signal",30,377,145
"signal",30,165,655
"signal",30,8,27
"signal",30,372,485
"signal",30,560,689
"signal",30,197,210
"signal",30,565,586
"signal",30,448,626
"signal",30,315,630
"signal",30,444,282
"signal",30,156,42
"signal",30,263,519
"signal",30,602,261
"signal",30,241,579
"signal",30,508,66
"signal",30,282,54
"signal",30,14,23
"proxy",1,586,22
"proxy",1,100,283
"proxy",1,286,102
"proxy",1,371,485
"proxy",1,304,227
"proxy",1,210,325
"proxy",1,608,343
"proxy",1,127,528
"proxy",1,581,304
"proxy",1,621,633
"proxy",1,22,92
"proxy",1,257,252
"proxy",1,15,448
"proxy",1,27,183
"proxy",1,274,434
"proxy",1,643,176
"proxy",1,227,523
"proxy",1,231,500
"proxy",1,599,274
"proxy",1,160,399
"proxy",1,95,377
"proxy",1,102,66
"proxy",1,594,314
"proxy",1,314,224
"proxy",1,630,444
"proxy",1,154,282
"proxy",1,646,593
"proxy",1,545,322
"proxy",1,161,544
"proxy",1,313,613
"proxy",1,224,286
"proxy",1,189,630
"proxy",1,128,198
"proxy",1,445,38
"proxy",1,342,231
"proxy",1,97,97
"proxy",1,324,103
"proxy",1,479,336
"proxy",1,103,165
"proxy",1,140,328
"proxy",1,511,117
"proxy",1,421,588
"proxy",1,514,14
"proxy",1,405,237
"proxy",1,528,372
"proxy",1,517,507
"proxy",1,572,69
"proxy",1,50,694
"proxy",1,237,382
"proxy",1,622,515
"proxy",1,129,259
"proxy",1,579,463
"proxy",1,651,392
"proxy",1,462,100
"proxy",1,343,181
"proxy",1,533,579
"proxy",1,177,665
"proxy",1,185,342
"proxy",1,593,646
"proxy",1,147,608
"proxy",1,523,519
"proxy",1,28,398
"proxy",1,655,156
"proxy",1,167,626
"proxy",1,349,572
"proxy",1,41,506
"proxy",1,253,488
"proxy",1,54,238
"proxy",1,676,41
"proxy",1,558,147
"proxy",1,425,349
"proxy",1,283,556
"proxy",1,196,196
"proxy",1,674,241
"proxy",1,221,517
"proxy",1,665,622
"proxy",1,89,186
"proxy",1,446,148
"proxy",1,490,189
"proxy",1,689,402
"proxy",1,469,167
"proxy",1,20,643
"proxy",1,184,138
"proxy",1,500,195
"proxy",1,440,418
"proxy",1,628,462
"proxy",1,40,652
"proxy",1,382,689
"proxy",1,488,50
"proxy",1,183,161
"proxy",1,588,533
"proxy",1,38,184
"proxy",1,213,8
"proxy",1,195,127
"proxy",1,627,160
"proxy",1,519,298
"proxy",1,172,651
"proxy",1,652,129
"proxy",1,145,396
"proxy",1,544,13
"proxy",1,668,137
"proxy",1,121,263
"proxy",1,181,55
"proxy",1,261,682
"proxy",1,69,197
"proxy",1,171,490
"proxy",1,613,621
"proxy",1,562,172
"proxy",1,402,95
"proxy",1,682,560
"proxy",1,328,185
"proxy",1,386,602
"proxy",1,198,171
"proxy",1,418,179
"proxy",1,138,24
"proxy",1,556,514
"proxy",1,548,386
"proxy",1,485,425
"proxy",1,626,599
"proxy",1,42,28
"proxy",1,336,215
"proxy",1,258,253
"proxy",1,398,469
"proxy",1,179,594
"proxy",1,47,140
"proxy",1,92,627
"proxy",1,187,257
"proxy",1,633,54
"proxy",1,298,558
"proxy",1,176,187
"proxy",1,450,177
"proxy",1,23,405
"proxy",1,66,668
"proxy",1,117,128
"proxy",1,515,440
"proxy",1,463,450
"proxy",1,506,23
"proxy",1,507,258
"proxy",1,259,586
"proxy",1,685,27
"proxy",1,434,473
"proxy",1,322,121
"proxy",1,473,628
"proxy",1,396,508
"proxy",1,137,685
"proxy",1,399,145
"proxy",1,55,479
"proxy",1,325,676
"proxy",1,252,562
"proxy",1,13,324
"proxy",1,694,270
"proxy",1,24,89
"proxy",1,148,545
"proxy",1,270,40
"proxy",1,186,221
"proxy",1,215,210
"proxy",1,392,548
"proxy",1,238,421
"proxy",1,377,47
"proxy",1,165,371
"proxy",1,8,445
"proxy",1,372,315
"proxy",1,560,581
"proxy",1,197,674
"proxy",1,565,20
"proxy",1,448,15
"proxy",1,315,213
"proxy",1,444,655
"proxy",1,156,313
"proxy",1,263,42
"proxy",1,602,511
"proxy",1,241,154
"proxy",1,508,446
"proxy",1,282,261
"proxy",1,14,565
"proxy",2,586,322
"proxy",2,100,231
"proxy",2,286,304
"proxy",2,371,558
"proxy",2,304,418
"proxy",2,210,186
"proxy",2,608,479
"proxy",2,127,386
"proxy",2,581,473
"proxy",2,621,402
"proxy",2,22,544
"proxy",2,257,176
"proxy",2,15,40
"proxy",2,27,100
"proxy",2,274,185
"proxy",2,643,253
"proxy",2,227,528
"proxy",2,231,102
"proxy",2,599,450
"proxy",2,160,324
"proxy",2,95,138
"proxy",2,102,252
"proxy",2,594,263
"proxy",2,314,47
"proxy",2,630,196
"proxy",2,154,156
"proxy",2,646,572
"proxy",2,545,336
"proxy",2,161,533
"proxy",2,313,172
"proxy",2,224,511
"proxy",2,189,314
"proxy",2,128,66
"proxy",2,445,237
"proxy",2,342,274
"proxy",2,97,257
"proxy",2,324,13
"proxy",2,479,282
"proxy",2,103,313
"proxy",2,140,28
"proxy",2,511,565
"proxy",2,421,183
"proxy",2,514,630
"proxy",2,405,674
"proxy",2,528,298
"proxy",2,517,137
"proxy",2,572,490
"proxy",2,50,154
"proxy",2,237,462
"proxy",2,622,198
"proxy",2,129,121
"proxy",2,579,128
"proxy",2,651,622
"proxy",2,462,221
"proxy",2,343,556
"proxy",2,533,92
"proxy",2,177,507
"proxy",2,185,682
"proxy",2,593,643
"proxy",2,147,210
"proxy",2,523,227
"proxy",2,28,434
"proxy",2,655,187
"proxy",2,167,445
"proxy",2,349,440
"proxy",2,41,69
"proxy",2,253,177
"proxy",2,54,215
"proxy",2,676,181
"proxy",2,558,399
"proxy",2,425,140
"proxy",2,283,579
"proxy",2,196,646
"proxy",2,674,421
"proxy",2,221,488
"proxy",2,665,372
"proxy",2,89,315
"proxy",2,446,195
"proxy",2,490,224
"proxy",2,689,213
"proxy",2,469,371
"proxy",2,20,184
"proxy",2,184,325
"proxy",2,500,38
"proxy",2,440,594
"proxy",2,628,241
"proxy",2,40,628
"proxy",2,382,562
"proxy",2,488,613
"proxy",2,183,54
"proxy",2,588,377
"proxy",2,38,523
"proxy",2,213,599
"proxy",2,195,593
"proxy",2,627,97
"proxy",2,519,689
"proxy",2,172,621
"proxy",2,652,328
"proxy",2,145,508
"proxy",2,544,517
"proxy",2,668,171
"proxy",2,121,602
"proxy",2,181,425
"proxy",2,261,668
"proxy",2,69,633
"proxy",2,171,160
"proxy",2,613,342
"proxy",2,562,165
"proxy",2,402,8
"proxy",2,682,651
"proxy",2,328,258
"proxy",2,386,485
"proxy",2,198,448
"proxy",2,418,129
"proxy",2,138,50
"proxy",2,556,519
"proxy",2,548,89
"proxy",2,485,349
"proxy",2,626,103
"proxy",2,42,586
"proxy",2,336,23
"proxy",2,258,463
"proxy",2,398,665
"proxy",2,179,55
"proxy",2,47,396
"proxy",2,92,189
"proxy",2,187,238
"proxy",2,633,588
"proxy",2,298,398
"proxy",2,176,627
"proxy",2,450,500
"proxy",2,23,15
"proxy",2,66,560
"proxy",2,117,42
"proxy",2,515,22
"proxy",2,463,117
"proxy",2,506,694
"proxy",2,507,392
"proxy",2,259,676
"proxy",2,685,405
"proxy",2,434,20
"proxy",2,322,514
"proxy",2,473,283
"proxy",2,396,515
"proxy",2,137,545
"proxy",2,399,197
"proxy",2,55,286
"proxy",2,325,167
"proxy",2,252,343
"proxy",2,13,382
"proxy",2,694,506
"proxy",2,24,41
"proxy",2,148,685
"proxy",2,270,14
"proxy",2,186,626
"proxy",2,215,259
"proxy",2,392,270
"proxy",2,238,148
"proxy",2,377,127
"proxy",2,165,261
"proxy",2,8,147
"proxy",2,372,444
"proxy",2,560,469
"proxy",2,197,655
"proxy",2,565,581
"proxy",2,448,179
"proxy",2,315,145
"proxy",2,444,161
"proxy",2,156,608
"proxy",2,263,652
"proxy",2,602,446
"proxy",2,241,27
"proxy",2,508,548
"proxy",2,282,24
"proxy",2,14,95
"proxy",3,586,128
"proxy",3,100,103
"proxy",3,286,325
"proxy",3,371,674
"proxy",3,304,270
"proxy",3,210,69
"proxy",3,608,463
"proxy",3,127,425
"proxy",3,581,187
"proxy",3,621,473
"proxy",3,22,282
"proxy",3,257,682
"proxy",3,15,14
"proxy",3,27,213
"proxy",3,274,508
"proxy",3,643,324
"proxy",3,227,179
"proxy",3,231,181
"proxy",3,599,652
"proxy",3,160,479
"proxy",3,95,490
"proxy",3,102,444
"proxy",3,594,565
"proxy",3,314,20
"proxy",3,630,252
"proxy",3,154,646
"proxy",3,646,140
"proxy",3,545,377
"proxy",3,161,189
"proxy",3,313,507
"proxy",3,224,450
"proxy",3,189,156
"proxy",3,128,446
"proxy",3,445,448
"proxy",3,342,198
"proxy",3,97,548
"proxy",3,324,613
"proxy",3,479,622
"proxy",3,103,336
"proxy",3,140,581
"proxy",3,511,27
"proxy",3,421,372
"proxy",3,514,405
"proxy",3,405,599
"proxy",3,528,514
"proxy",3,517,231
"proxy",3,572,186
"proxy",3,50,399
"proxy",3,237,197
"proxy",3,622,462
"proxy",3,129,167
"proxy",3,579,221
"proxy",3,651,382
"proxy",3,462,258
"proxy",3,343,544
"proxy",3,533,402
"proxy",3,177,127
"proxy",3,185,445
"proxy",3,593,42
"proxy",3,147,171
"proxy",3,523,343
"proxy",3,28,165
"proxy",3,655,421
"proxy",3,167,66
"proxy",3,349,50
"proxy",3,41,15
"proxy",3,253,643
"proxy",3,54,342
"proxy",3,676,89
"proxy",3,558,528
"proxy",3,425,627
"proxy",3,283,154
"proxy",3,196,579
"proxy",3,674,145
"proxy",3,221,626
"proxy",3,665,315
"proxy",3,89,386
"proxy",3,446,628
"proxy",3,490,54
"proxy",3,689,434
"proxy",3,469,621
"proxy",3,20,588
"proxy",3,184,500
"proxy",3,500,210
"proxy",3,440,593
"proxy",3,628,23
"proxy",3,40,47
"proxy",3,382,572
"proxy",3,488,176
"proxy",3,183,102
"proxy",3,588,519
"proxy",3,38,602
"proxy",3,213,224
"proxy",3,195,137
"proxy",3,627,274
"proxy",3,519,469
"proxy",3,172,161
"proxy",3,652,40
"proxy",3,145,651
"proxy",3,544,147
"proxy",3,668,97
"proxy",3,121,371
"proxy",3,181,259
"proxy",3,261,13
"proxy",3,69,227
"proxy",3,171,55
"proxy",3,613,241
"proxy",3,562,668
"proxy",3,402,185
"proxy",3,682,689
"proxy",3,328,160
"proxy",3,386,328
"proxy",3,198,298
"proxy",3,418,533
"proxy",3,138,195
"proxy",3,556,314
"proxy",3,548,304
"proxy",3,485,560
"proxy",3,626,313
"proxy",3,42,38
"proxy",3,336,392
"proxy",3,258,138
"proxy",3,398,676
"proxy",3,179,630
"proxy",3,47,100
"proxy",3,92,253
"proxy",3,187,488
"proxy",3,633,349
"proxy",3,298,511
"proxy",3,176,177
"proxy",3,450,665
"proxy",3,23,517
"proxy",3,66,196
"proxy",3,117,515
"proxy",3,515,148
"proxy",3,463,485
"proxy",3,506,398
"proxy",3,507,183
"proxy",3,259,396
"proxy",3,685,24
"proxy",3,434,562
"proxy",3,322,586
"proxy",3,473,22
"proxy",3,396,261
"proxy",3,137,8
"proxy",3,399,685
"proxy",3,55,694
"proxy",3,325,238
"proxy",3,252,633
"proxy",3,13,28
"proxy",3,694,440
"proxy",3,24,257
"proxy",3,148,558
"proxy",3,270,129
"proxy",3,186,215
"proxy",3,215,95
"proxy",3,392,655
"proxy",3,238,172
"proxy",3,377,322
"proxy",3,165,286
"proxy",3,8,237
"proxy",3,372,263
"proxy",3,560,117
"proxy",3,197,41
"proxy",3,565,283
"proxy",3,448,556
"proxy",3,315,184
"proxy",3,444,594
"proxy",3,156,608
"proxy",3,263,523
"proxy",3,602,121
"proxy",3,241,418
"proxy",3,508,545
"proxy",3,282,506
"proxy",3,14,92
"proxy",4,586,304
"proxy",4,100,129
"proxy",4,286,652
"proxy",4,371,462
"proxy",4,304,13
"proxy",4,210,270
"proxy",4,608,515
"proxy",4,127,167
"proxy",4,581,14
"proxy",4,621,382
"proxy",4,22,627
"proxy",4,257,66
"proxy",4,15,165
"proxy",4,27,398
"proxy",4,274,328
"proxy",4,643,665
"proxy",4,227,402
"proxy",4,231,418
"proxy",4,599,172
"proxy",4,160,572
"proxy",4,95,643
"proxy",4,102,533
"proxy",4,594,147
"proxy",4,314,181
"proxy",4,630,651
"proxy",4,154,507
"proxy",4,646,479
"proxy",4,545,448
"proxy",4,161,450
"proxy",4,313,41
"proxy",4,224,676
"proxy",4,189,558
"proxy",4,128,593
"proxy",4,445,286
"proxy",4,342,20
"proxy",4,97,392
"proxy",4,324,183
"proxy",4,479,633
"proxy",4,103,237
"proxy",4,140,138
"proxy",4,511,314
"proxy",4,421,646
"proxy",4,514,586
"proxy",4,405,485
"proxy",4,528,421
"proxy",4,517,469
"proxy",4,572,511
"proxy",4,50,241
"proxy",4,237,148
"proxy",4,622,386
"proxy",4,129,298
"proxy",4,579,177
"proxy",4,651,197
"proxy",4,462,161
"proxy",4,343,445
"proxy",4,533,588
"proxy",4,177,506
"proxy",4,185,189
"proxy",4,593,50
"proxy",4,147,184
"proxy",4,523,176
"proxy",4,28,434
"proxy",4,655,508
"proxy",4,167,69
"proxy",4,349,215
"proxy",4,41,545
"proxy",4,253,38
"proxy",4,54,92
"proxy",4,676,23
"proxy",4,558,396
"proxy",4,425,674
"proxy",4,283,54
"proxy",4,196,621
"proxy",4,674,519
"proxy",4,221,490
"proxy",4,665,343
"proxy",4,89,694
"proxy",4,446,95
"proxy",4,490,560
"proxy",4,689,117
"proxy",4,469,140
"proxy",4,20,440
"proxy",4,184,22
"proxy",4,500,24
"proxy",4,440,425
"proxy",4,628,446
"proxy",4,40,102
"proxy",4,382,89
"proxy",4,488,261
"proxy",4,183,187
"proxy",4,588,613
"proxy",4,38,528
"proxy",4,213,128
"proxy",4,195,227
"proxy",4,627,198
"proxy",4,519,195
"proxy",4,172,156
"proxy",4,652,626
"proxy",4,145,224
"proxy",4,544,488
"proxy",4,668,602
"proxy",4,121,325
"proxy",4,181,100
"proxy",4,261,668
"proxy",4,69,622
"proxy",4,171,599
"proxy",4,613,517
"proxy",4,562,282
"proxy",4,402,313
"proxy",4,682,213
"proxy",4,328,179
"proxy",4,386,221
"proxy",4,198,514
"proxy",4,418,28
"proxy",4,138,685
"proxy",4,556,253
"proxy",4,548,581
"proxy",4,485,97
"proxy",4,626,27
"proxy",4,42,399
"proxy",4,336,349
"proxy",4,258,160
"proxy",4,398,324
"proxy",4,179,463
"proxy",4,47,444
"proxy",4,92,42
"proxy",4,187,682
"proxy",4,633,565
"proxy",4,298,500
"proxy",4,176,196
"proxy",4,450,322
"proxy",4,23,238
"proxy",4,66,548
"proxy",4,117,473
"proxy",4,515,628
"proxy",4,463,655
"proxy",4,506,231
"proxy",4,507,258
"proxy",4,259,8
"proxy",4,685,252
"proxy",4,434,263
"proxy",4,322,154
"proxy",4,473,55
"proxy",4,396,185
"proxy",4,137,210
"proxy",4,399,608
"proxy",4,55,544
"proxy",4,325,145
"proxy",4,252,283
"proxy",4,13,47
"proxy",4,694,259
"proxy",4,24,40
"proxy",4,148,315
"proxy",4,270,137
"proxy",4,186,257
"proxy",4,215,171
"proxy",4,392,121
"proxy",4,238,371
"proxy",4,377,579
"proxy",4,165,15
"proxy",4,8,594
"proxy",4,372,372
"proxy",4,560,377
"proxy",4,197,523
"proxy",4,565,274
"proxy",4,448,556
"proxy",4,315,127
"proxy",4,444,630
"proxy",4,156,405
"proxy",4,263,562
"proxy",4,602,336
"proxy",4,241,186
"proxy",4,508,103
"proxy",4,282,342
"proxy",4,14,689
"proxy",5,586,519
"proxy",5,100,187
"proxy",5,286,463
"proxy",5,371,38
"proxy",5,304,325
"proxy",5,210,581
"proxy",5,608,184
"proxy",5,127,646
"proxy",5,581,630
"proxy",5,621,210
"proxy",5,22,405
"proxy",5,257,138
"proxy",5,15,343
"proxy",5,27,161
"proxy",5,274,462
"proxy",5,643,258
"proxy",5,227,324
"proxy",5,231,314
"proxy",5,599,315
"proxy",5,160,613
"proxy",5,95,342
"proxy",5,102,485
"proxy",5,594,565
"proxy",5,314,434
"proxy",5,630,147
"proxy",5,154,171
"proxy",5,646,23
"proxy",5,545,172
"proxy",5,161,195
"proxy",5,313,97
"proxy",5,224,165
"proxy",5,189,128
"proxy",5,128,263
"proxy",5,445,608
"proxy",5,342,189
"proxy",5,97,198
"proxy",5,324,176
"proxy",5,479,593
"proxy",5,103,372
"proxy",5,140,628
"proxy",5,511,313
"proxy",5,421,95
"proxy",5,514,129
"proxy",5,405,402
"proxy",5,528,282
"proxy",5,517,304
"proxy",5,572,237
"proxy",5,50,121
"proxy",5,237,298
"proxy",5,622,450
"proxy",5,129,421
"proxy",5,579,92
"proxy",5,651,685
"proxy",5,462,231
"proxy",5,343,588
"proxy",5,533,586
"proxy",5,177,286
"proxy",5,185,511
"proxy",5,593,160
"proxy",5,147,252
"proxy",5,523,633
"proxy",5,28,479
"proxy",5,655,377
"proxy",5,167,599
"proxy",5,349,213
"proxy",5,41,440
"proxy",5,253,446
"proxy",5,54,627
"proxy",5,676,473
"proxy",5,558,398
"proxy",5,425,8
"proxy",5,283,533
"proxy",5,196,47
"proxy",5,674,259
"proxy",5,221,676
"proxy",5,665,283
"proxy",5,89,500
"proxy",5,446,102
"proxy",5,490,24
"proxy",5,689,227
"proxy",5,469,514
"proxy",5,20,185
"proxy",5,184,179
"proxy",5,500,137
"proxy",5,440,579
"proxy",5,628,177
"proxy",5,40,22
"proxy",5,382,238
"proxy",5,488,20
"proxy",5,183,328
"proxy",5,588,103
"proxy",5,38,425
"proxy",5,213,183
"proxy",5,195,556
"proxy",5,627,490
"proxy",5,519,594
"proxy",5,172,253
"proxy",5,652,626
"proxy",5,145,336
"proxy",5,544,621
"proxy",5,668,241
"proxy",5,121,548
"proxy",5,181,66
"proxy",5,261,15
"proxy",5,69,545
"proxy",5,171,508
"proxy",5,613,274
"proxy",5,562,674
"proxy",5,402,196
"proxy",5,682,523
"proxy",5,328,261
"proxy",5,386,55
"proxy",5,198,42
"proxy",5,418,418
"proxy",5,138,69
"proxy",5,556,54
"proxy",5,548,544
"proxy",5,485,50
"proxy",5,626,444
"proxy",5,42,572
"proxy",5,336,665
"proxy",5,258,668
"proxy",5,398,689
"proxy",5,179,655
"proxy",5,47,371
"proxy",5,92,197
"proxy",5,187,167
"proxy",5,633,40
"proxy",5,298,145
"proxy",5,176,469
"proxy",5,450,386
"proxy",5,23,270
"proxy",5,66,506
"proxy",5,117,181
"proxy",5,515,154
"proxy",5,463,392
"proxy",5,506,488
"proxy",5,507,127
"proxy",5,259,558
"proxy",5,685,643
"proxy",5,434,28
"proxy",5,322,622
"proxy",5,473,396
"proxy",5,396,349
"proxy",5,137,399
"proxy",5,399,221
"proxy",5,55,448
"proxy",5,325,445
"proxy",5,252,156
"proxy",5,13,100
"proxy",5,694,27
"proxy",5,24,507
"proxy",5,148,322
"proxy",5,270,89
"proxy",5,186,562
"proxy",5,215,560
"proxy",5,392,13
"proxy",5,238,215
"proxy",5,377,14
"proxy",5,165,528
"proxy",5,8,602
"proxy",5,372,515
"proxy",5,560,517
"proxy",5,197,682
"proxy",5,565,382
"proxy",5,448,186
"proxy",5,315,117
"proxy",5,444,652
"proxy",5,156,694
"proxy",5,263,224
"proxy",5,602,41
"proxy",5,241,651
"proxy",5,508,257
"proxy",5,282,140
"proxy",5,14,148
"proxy",6,586,121
"proxy",6,100,448
"proxy",6,286,313
"proxy",6,371,314
"proxy",6,304,324
"proxy",6,210,545
"proxy",6,608,95
"proxy",6,127,490
"proxy",6,581,210
"proxy",6,621,445
"proxy",6,22,171
"proxy",6,257,23
"proxy",6,15,179
"proxy",6,27,304
"proxy",6,274,213
"proxy",6,643,215
"proxy",6,227,15
"proxy",6,231,674
"proxy",6,599,189
"proxy",6,160,519
"proxy",6,95,342
"proxy",6,102,315
"proxy",6,594,402
"proxy",6,314,599
"proxy",6,630,694
"proxy",6,154,651
"proxy",6,646,371
"proxy",6,545,47
"proxy",6,161,665
"proxy",6,313,485
"proxy",6,224,92
"proxy",6,189,13
"proxy",6,128,100
"proxy",6,445,22
"proxy",6,342,602
"proxy",6,97,147
"proxy",6,324,488
"proxy",6,479,377
"proxy",6,103,382
"proxy",6,140,398
"proxy",6,511,257
"proxy",6,421,156
"proxy",6,514,42
"proxy",6,405,252
"proxy",6,528,372
"proxy",6,517,145
"proxy",6,572,102
"proxy",6,50,434
"proxy",6,237,668
"proxy",6,622,20
"proxy",6,129,588
"proxy",6,579,562
"proxy",6,651,259
"proxy",6,462,183
"proxy",6,343,165
"proxy",6,533,328
"proxy",6,177,440
"proxy",6,185,386
"proxy",6,593,103
"proxy",6,147,646
"proxy",6,523,533
"proxy",6,28,507
"proxy",6,655,38
"proxy",6,167,196
"proxy",6,349,176
"proxy",6,41,181
"proxy",6,253,241
"proxy",6,54,628
"proxy",6,676,586
"proxy",6,558,148
"proxy",6,425,506
"proxy",6,283,89
"proxy",6,196,479
"proxy",6,674,655
"proxy",6,221,626
"proxy",6,665,128
"proxy",6,89,572
"proxy",6,446,594
"proxy",6,490,514
"proxy",6,689,652
"proxy",6,469,349
"proxy",6,20,184
"proxy",6,184,41
"proxy",6,500,560
"proxy",6,440,523
"proxy",6,628,399
"proxy",6,40,237
"proxy",6,382,54
"proxy",6,488,283
"proxy",6,183,463
"proxy",6,588,224
"proxy",6,38,117
"proxy",6,213,613
"proxy",6,195,69
"proxy",6,627,630
"proxy",6,519,195
"proxy",6,172,462
"proxy",6,652,177
"proxy",6,145,581
"proxy",6,544,676
"proxy",6,668,50
"proxy",6,121,66
"proxy",6,181,528
"proxy",6,261,685
"proxy",6,69,396
"proxy",6,171,473
"proxy",6,613,444
"proxy",6,562,282
"proxy",6,402,322
"proxy",6,682,127
"proxy",6,328,24
"proxy",6,386,160
"proxy",6,198,392
"proxy",6,418,593
"proxy",6,138,274
"proxy",6,556,197
"proxy",6,548,40
"proxy",6,485,161
"proxy",6,626,28
"proxy",6,42,231
"proxy",6,336,253
"proxy",6,258,579
"proxy",6,398,608
"proxy",6,179,154
"proxy",6,47,129
"proxy",6,92,227
"proxy",6,187,556
"proxy",6,633,187
"proxy",6,298,446
"proxy",6,176,14
"proxy",6,450,558
"proxy",6,23,682
"proxy",6,66,343
"proxy",6,117,186
"proxy",6,515,167
"proxy",6,463,185
"proxy",6,506,325
"proxy",6,507,55
"proxy",6,259,8
"proxy",6,685,450
"proxy",6,434,515
"proxy",6,322,405
"proxy",6,473,286
"proxy",6,396,418
"proxy",6,137,627
"proxy",6,399,548
"proxy",6,55,643
"proxy",6,325,198
"proxy",6,252,336
"proxy",6,13,622
"proxy",6,694,298
"proxy",6,24,469
"proxy",6,148,27
"proxy",6,270,517
"proxy",6,186,621
"proxy",6,215,511
"proxy",6,392,633
"proxy",6,238,137
"proxy",6,377,565
"proxy",6,165,425
"proxy",6,8,689
"proxy",6,372,258
"proxy",6,560,172
"proxy",6,197,261
"proxy",6,565,544
"proxy",6,448,97
"proxy",6,315,500
"proxy",6,444,238
"proxy",6,156,138
"proxy",6,263,221
"proxy",6,602,263
"proxy",6,241,508
"proxy",6,508,140
"proxy",6,282,421
"proxy",6,14,270
"proxy",7,586,148
"proxy",7,100,560
"proxy",7,286,221
"proxy",7,371,197
"proxy",7,304,450
"proxy",7,210,231
"proxy",7,608,258
"proxy",7,127,562
"proxy",7,581,371
"proxy",7,621,626
"proxy",7,22,252
"proxy",7,257,382
"proxy",7,15,189
"proxy",7,27,511
"proxy",7,274,405
"proxy",7,643,227
"proxy",7,227,238
"proxy",7,231,283
"proxy",7,599,28
"proxy",7,160,343
"proxy",7,95,314
"proxy",7,102,167
"proxy",7,594,500
"proxy",7,314,186
"proxy",7,630,628
"proxy",7,154,315
"proxy",7,646,215
"proxy",7,545,100
"proxy",7,161,138
"proxy",7,313,652
"proxy",7,224,533
"proxy",7,189,463
"proxy",7,128,434
"proxy",7,445,445
"proxy",7,342,490
"proxy",7,97,257
"proxy",7,324,263
"proxy",7,479,156
"proxy",7,103,127
"proxy",7,140,198
"proxy",7,511,274
"proxy",7,421,646
"proxy",7,514,47
"proxy",7,405,128
"proxy",7,528,548
"proxy",7,517,377
"proxy",7,572,593
"proxy",7,50,506
"proxy",7,237,298
"proxy",7,622,270
"proxy",7,129,425
"proxy",7,579,14
"proxy",7,651,515
"proxy",7,462,602
"proxy",7,343,665
"proxy",7,533,97
"proxy",7,177,259
"proxy",7,185,517
"proxy",7,593,651
"proxy",7,147,633
"proxy",7,523,507
"proxy",7,28,398
"proxy",7,655,15
"proxy",7,167,102
"proxy",7,349,469
"proxy",7,41,261
"proxy",7,253,508
"proxy",7,54,608
"proxy",7,676,558
"proxy",7,558,286
"proxy",7,425,187
"proxy",7,283,23
"proxy",7,196,224
"proxy",7,674,121
"proxy",7,221,129
"proxy",7,665,668
"proxy",7,89,399
"proxy",7,446,685
"proxy",7,490,196
"proxy",7,689,282
"proxy",7,469,694
"proxy",7,20,446
"proxy",7,184,195
"proxy",7,500,676
"proxy",7,440,183
"proxy",7,628,599
"proxy",7,40,20
"proxy",7,382,674
"proxy",7,488,421
"proxy",7,183,27
"proxy",7,588,519
"proxy",7,38,176
"proxy",7,213,13
"proxy",7,195,54
"proxy",7,627,42
"proxy",7,519,655
"proxy",7,172,171
"proxy",7,652,137
"proxy",7,145,349
"proxy",7,544,237
"proxy",7,668,440
"proxy",7,121,8
"proxy",7,181,324
"proxy",7,261,241
"proxy",7,69,328
"proxy",7,171,643
"proxy",7,613,92
"proxy",7,562,66
"proxy",7,402,479
"proxy",7,682,181
"proxy",7,328,622
"proxy",7,386,514
"proxy",7,198,95
"proxy",7,418,485
"proxy",7,138,304
"proxy",7,556,545
"proxy",7,548,444
"proxy",7,485,682
"proxy",7,626,336
"proxy",7,42,322
"proxy",7,336,396
"proxy",7,258,572
"proxy",7,398,325
"proxy",7,179,613
"proxy",7,47,38
"proxy",7,92,544
"proxy",7,187,24
"proxy",7,633,160
"proxy",7,298,402
"proxy",7,176,165
"proxy",7,450,392
"proxy",7,23,556
"proxy",7,66,689
"proxy",7,117,41
"proxy",7,515,103
"proxy",7,463,89
"proxy",7,506,147
"proxy",7,507,630
"proxy",7,259,342
"proxy",7,685,140
"proxy",7,434,50
"proxy",7,322,621
"proxy",7,473,386
"proxy",7,396,117
"proxy",7,137,579
"proxy",7,399,372
"proxy",7,55,448
"proxy",7,325,418
"proxy",7,252,69
"proxy",7,13,154
"proxy",7,694,581
"proxy",7,24,22
"proxy",7,148,528
"proxy",7,270,40
"proxy",7,186,565
"proxy",7,215,210
"proxy",7,392,177
"proxy",7,238,473
"proxy",7,377,185
"proxy",7,165,588
"proxy",7,8,586
"proxy",7,372,55
"proxy",7,560,145
"proxy",7,197,462
"proxy",7,565,523
"proxy",7,448,213
"proxy",7,315,627
"proxy",7,444,488
"proxy",7,156,161
"proxy",7,263,172
"proxy",7,602,594
"proxy",7,241,184
"proxy",7,508,179
"proxy",7,282,253
"proxy",7,14,313
"proxy",8,586,100
"proxy",8,100,434
"proxy",8,286,176
"proxy",8,371,652
"proxy",8,304,469
"proxy",8,210,187
"proxy",8,608,528
"proxy",8,127,506
"proxy",8,581,324
"proxy",8,621,138
"proxy",8,22,42
"proxy",8,257,665
"proxy",8,15,473
"proxy",8,27,41
"proxy",8,274,448
"proxy",8,643,197
"proxy",8,227,514
"proxy",8,231,544
"proxy",8,599,261
"proxy",8,160,533
"proxy",8,95,386
"proxy",8,102,24
"proxy",8,594,286
"proxy",8,314,479
"proxy",8,630,421
"proxy",8,154,674
"proxy",8,646,622
"proxy",8,545,314
"proxy",8,161,517
"proxy",8,313,336
"proxy",8,224,621
"proxy",8,189,215
"proxy",8,128,685
"proxy",8,445,38
"proxy",8,342,500
"proxy",8,97,298
"proxy",8,324,405
"proxy",8,479,304
"proxy",8,103,507
"proxy",8,140,651
"proxy",8,511,402
"proxy",8,421,328
"proxy",8,514,185
"proxy",8,405,140
"proxy",8,528,444
"proxy",8,517,676
"proxy",8,572,15
"proxy",8,50,55
"proxy",8,237,129
"proxy",8,622,167
"proxy",8,129,148
"proxy",8,579,572
"proxy",8,651,177
"proxy",8,462,22
"proxy",8,343,89
"proxy",8,533,450
"proxy",8,177,399
"proxy",8,185,102
"proxy",8,593,643
"proxy",8,147,608
"proxy",8,523,183
"proxy",8,28,189
"proxy",8,655,283
"proxy",8,167,145
"proxy",8,349,121
"proxy",8,41,462
"proxy",8,253,50
"proxy",8,54,14
"proxy",8,676,103
"proxy",8,558,588
"proxy",8,425,511
"proxy",8,283,13
"proxy",8,196,485
"proxy",8,674,224
"proxy",8,221,270
"proxy",8,665,127
"proxy",8,89,156
"proxy",8,446,579
"proxy",8,490,655
"proxy",8,689,257
"proxy",8,469,425
"proxy",8,20,160
"proxy",8,184,241
"proxy",8,500,23
"proxy",8,440,593
"proxy",8,628,165
"proxy",8,40,322
"proxy",8,382,694
"proxy",8,488,488
"proxy",8,183,628
"proxy",8,588,28
"proxy",8,38,613
"proxy",8,213,599
"proxy",8,195,508
"proxy",8,627,238
"proxy",8,519,626
"proxy",8,172,668
"proxy",8,652,227
"proxy",8,145,128
"proxy",8,544,210
"proxy",8,668,372
"proxy",8,121,313
"proxy",8,181,545
"proxy",8,261,95
"proxy",8,69,562
"proxy",8,171,342
"proxy",8,613,263
"proxy",8,562,282
"proxy",8,402,274
"proxy",8,682,515
"proxy",8,328,325
"proxy",8,386,47
"proxy",8,198,221
"proxy",8,418,382
"proxy",8,138,519
"proxy",8,556,92
"proxy",8,548,630
"proxy",8,485,586
"proxy",8,626,371
"proxy",8,42,97
"proxy",8,336,565
"proxy",8,258,154
"proxy",8,398,581
"proxy",8,179,646
"proxy",8,47,440
"proxy",8,92,117
"proxy",8,187,258
"proxy",8,633,69
"proxy",8,298,377
"proxy",8,176,523
"proxy",8,450,556
"proxy",8,23,633
"proxy",8,66,66
"proxy",8,117,213
"proxy",8,515,445
"proxy",8,463,627
"proxy",8,506,198
"proxy",8,507,315
"proxy",8,259,396
"proxy",8,685,184
"proxy",8,434,490
"proxy",8,322,20
"proxy",8,473,172
"proxy",8,396,40
"proxy",8,137,161
"proxy",8,399,137
"proxy",8,55,558
"proxy",8,325,179
"proxy",8,252,398
"proxy",8,13,548
"proxy",8,694,349
"proxy",8,24,231
"proxy",8,148,8
"proxy",8,270,560
"proxy",8,186,195
"proxy",8,215,171
"proxy",8,392,446
"proxy",8,238,147
"proxy",8,377,186
"proxy",8,165,418
"proxy",8,8,392
"proxy",8,372,259
"proxy",8,560,54
"proxy",8,197,682
"proxy",8,565,602
"proxy",8,448,689
"proxy",8,315,253
"proxy",8,444,463
"proxy",8,156,27
"proxy",8,263,343
"proxy",8,602,181
"proxy",8,241,237
"proxy",8,508,252
"proxy",8,282,594
"proxy",8,14,196
"proxy",9,586,533
"proxy",9,100,627
"proxy",9,286,42
"proxy",9,371,156
"proxy",9,304,377
"proxy",9,210,628
"proxy",9,608,643
"proxy",9,127,148
"proxy",9,581,562
"proxy",9,621,147
"proxy",9,22,342
"proxy",9,257,418
"proxy",9,15,621
"proxy",9,27,421
"proxy",9,274,548
"proxy",9,643,253
"proxy",9,227,20
"proxy",9,231,171
"proxy",9,599,371
"proxy",9,160,283
"proxy",9,95,515
"proxy",9,102,588
"proxy",9,594,398
"proxy",9,314,137
"proxy",9,630,324
"proxy",9,154,224
"proxy",9,646,523
"proxy",9,545,685
"proxy",9,161,258
"proxy",9,313,50
"proxy",9,224,343
"proxy",9,189,165
"proxy",9,128,237
"proxy",9,445,14
"proxy",9,342,286
"proxy",9,97,117
"proxy",9,324,674
"proxy",9,479,189
"proxy",9,103,227
"proxy",9,140,448
"proxy",9,511,572
"proxy",9,421,15
"proxy",9,514,599
"proxy",9,405,145
"proxy",9,528,213
"proxy",9,517,462
"proxy",9,572,382
"proxy",9,50,652
"proxy",9,237,544
"proxy",9,622,473
"proxy",9,129,328
"proxy",9,579,161
"proxy",9,651,54
"proxy",9,462,100
"proxy",9,343,238
"proxy",9,533,386
"proxy",9,177,399
"proxy",9,185,446
"proxy",9,593,633
"proxy",9,147,184
"proxy",9,523,181
"proxy",9,28,651
"proxy",9,655,622
"proxy",9,167,396
"proxy",9,349,187
"proxy",9,41,121
"proxy",9,253,349
"proxy",9,54,154
"proxy",9,676,506
"proxy",9,558,514
"proxy",9,425,593
"proxy",9,283,579
"proxy",9,196,252
"proxy",9,674,511
"proxy",9,221,479
"proxy",9,665,560
"proxy",9,89,444
"proxy",9,446,594
"proxy",9,490,183
"proxy",9,689,322
"proxy",9,469,102
"proxy",9,20,507
"proxy",9,184,626
"proxy",9,500,270
"proxy",9,440,40
"proxy",9,628,92
"proxy",9,40,545
"proxy",9,382,314
"proxy",9,488,38
"proxy",9,183,41
"proxy",9,588,179
"proxy",9,38,508
"proxy",9,213,445
"proxy",9,195,405
"proxy",9,627,488
"proxy",9,519,176
"proxy",9,172,282
"proxy",9,652,392
"proxy",9,145,313
"proxy",9,544,8
"proxy",9,668,682
"proxy",9,121,23
"proxy",9,181,263
"proxy",9,261,315
"proxy",9,69,138
"proxy",9,171,129
"proxy",9,613,558
"proxy",9,562,490
"proxy",9,402,304
"proxy",9,682,195
"proxy",9,328,198
"proxy",9,386,565
"proxy",9,198,689
"proxy",9,418,630
"proxy",9,138,655
"proxy",9,556,261
"proxy",9,548,325
"proxy",9,485,440
"proxy",9,626,172
"proxy",9,42,485
"proxy",9,336,24
"proxy",9,258,127
"proxy",9,398,231
"proxy",9,179,69
"proxy",9,47,89
"proxy",9,92,434
"proxy",9,187,103
"proxy",9,633,586
"proxy",9,298,463
"proxy",9,176,197
"proxy",9,450,241
"proxy",9,23,646
"proxy",9,66,221
"proxy",9,117,128
"proxy",9,515,196
"proxy",9,463,336
"proxy",9,506,22
"proxy",9,507,186
"proxy",9,259,694
"proxy",9,685,13
"proxy",9,434,581
"proxy",9,322,55
"proxy",9,473,668
"proxy",9,396,215
"proxy",9,137,177
"proxy",9,399,210
"proxy",9,55,402
"proxy",9,325,28
"proxy",9,252,160
"proxy",9,13,500
"proxy",9,694,140
"proxy",9,24,519
"proxy",9,148,47
"proxy",9,270,425
"proxy",9,186,257
"proxy",9,215,556
"proxy",9,392,676
"proxy",9,238,613
"proxy",9,377,298
"proxy",9,165,608
"proxy",9,8,528
"proxy",9,372,450
"proxy",9,560,372
"proxy",9,197,602
"proxy",9,565,66
"proxy",9,448,665
"proxy",9,315,469
"proxy",9,444,517
"proxy",9,156,274
"proxy",9,263,167
"proxy",9,602,97
"proxy",9,241,259
"proxy",9,508,185
"proxy",9,282,95
"proxy",9,14,27
"proxy",10,586,558
"proxy",10,100,215
"proxy",10,286,528
"proxy",10,371,545
"proxy",10,304,185
"proxy",10,210,519
"proxy",10,608,187
"proxy",10,127,102
"proxy",10,581,682
"proxy",10,621,469
"proxy",10,22,128
"proxy",10,257,314
"proxy",10,15,184
"proxy",10,27,189
"proxy",10,274,674
"proxy",10,643,450
"proxy",10,227,315
"proxy",10,231,263
"proxy",10,599,508
"proxy",10,160,523
"proxy",10,95,398
"proxy",10,102,399
"proxy",10,594,490
"proxy",10,314,22
"proxy",10,630,198
"proxy",10,154,445
"proxy",10,646,145
"proxy",10,545,167
"proxy",10,161,626
"proxy",10,313,283
"proxy",10,224,646
"proxy",10,189,652
"proxy",10,128,213
"proxy",10,445,377
"proxy",10,342,562
"proxy",10,97,643
"proxy",10,324,23
"proxy",10,479,221
"proxy",10,103,511
"proxy",10,140,560
"proxy",10,511,95
"proxy",10,421,627
"proxy",10,514,177
"proxy",10,405,507
"proxy",10,528,630
"proxy",10,517,176
"proxy",10,572,129
"proxy",10,50,54
"proxy",10,237,165
"proxy",10,622,147
"proxy",10,129,602
"proxy",10,579,27
"proxy",10,651,515
"proxy",10,462,286
"proxy",10,343,140
"proxy",10,533,342
"proxy",10,177,622
"proxy",10,185,196
"proxy",10,593,40
"proxy",10,147,506
"proxy",10,523,500
"proxy",10,28,137
"proxy",10,655,117
"proxy",10,167,324
"proxy",10,349,227
"proxy",10,41,298
"proxy",10,253,665
"proxy",10,54,186
"proxy",10,676,325
"proxy",10,558,685
"proxy",10,425,224
"proxy",10,283,181
"proxy",10,196,633
"proxy",10,674,20
"proxy",10,221,621
"proxy",10,665,274
"proxy",10,89,261
"proxy",10,446,608
"proxy",10,490,371
"proxy",10,689,195
"proxy",10,469,28
"proxy",10,20,121
"proxy",10,184,322
"proxy",10,500,69
"proxy",10,440,548
"proxy",10,628,473
"proxy",10,40,241
"proxy",10,382,343
"proxy",10,488,588
"proxy",10,183,42
"proxy",10,588,556
"proxy",10,38,586
"proxy",10,213,396
"proxy",10,195,197
"proxy",10,627,593
"proxy",10,519,24
"proxy",10,172,328
"proxy",10,652,138
"proxy",10,145,572
"proxy",10,544,434
"proxy",10,668,402
"proxy",10,121,253
"proxy",10,181,270
"proxy",10,261,668
"proxy",10,69,172
"proxy",10,171,579
"proxy",10,613,418
"proxy",10,562,581
"proxy",10,402,405
"proxy",10,682,651
"proxy",10,328,8
"proxy",10,386,156
"proxy",10,198,425
"proxy",10,418,148
"proxy",10,138,171
"proxy",10,556,183
"proxy",10,548,15
"proxy",10,485,47
"proxy",10,626,372
"proxy",10,42,689
"proxy",10,336,282
"proxy",10,258,479
"proxy",10,398,154
"proxy",10,179,382
"proxy",10,47,55
"proxy",10,92,313
"proxy",10,187,336
"proxy",10,633,92
"proxy",10,298,386
"proxy",10,176,41
"proxy",10,450,514
"proxy",10,23,97
"proxy",10,66,50
"proxy",10,117,179
"proxy",10,515,238
"proxy",10,463,89
"proxy",10,506,533
"proxy",10,507,231
"proxy",10,259,259
"proxy",10,685,14
"proxy",10,434,613
"proxy",10,322,444
"proxy",10,473,392
"proxy",10,396,565
"proxy",10,137,257
"proxy",10,399,252
"proxy",10,55,446
"proxy",10,325,488
"proxy",10,252,237
"proxy",10,13,349
"proxy",10,694,599
"proxy",10,24,628
"proxy",10,148,38
"proxy",10,270,440
"proxy",10,186,655
"proxy",10,215,66
"proxy",10,392,463
"proxy",10,238,13
"proxy",10,377,210
"proxy",10,165,462
"proxy",10,8,421
"proxy",10,372,448
"proxy",10,560,544
"proxy",10,197,304
"proxy",10,565,694
"proxy",10,448,594
"proxy",10,315,103
"proxy",10,444,160
"proxy",10,156,258
"proxy",10,263,485
"proxy",10,602,100
"proxy",10,241,127
"proxy",10,508,517
"proxy",10,282,676
"proxy",10,14,161
"proxy",11,586,622
"proxy",11,100,177
"proxy",11,286,579
"proxy",11,371,565
"proxy",11,304,556
"proxy",11,210,257
"proxy",11,608,646
"proxy",11,127,147
"proxy",11,581,682
"proxy",11,621,398
"proxy",11,22,533
"proxy",11,257,507
"proxy",11,15,372
"proxy",11,27,50
"proxy",11,274,89
"proxy",11,643,196
"proxy",11,227,129
"proxy",11,231,13
"proxy",11,599,24
"proxy",11,160,282
"proxy",11,95,473
"proxy",11,102,121
"proxy",11,594,674
"proxy",11,314,685
"proxy",11,630,322
"proxy",11,154,325
"proxy",11,646,103
"proxy",11,545,608
"proxy",11,161,562
"proxy",11,313,425
"proxy",11,224,154
"proxy",11,189,304
"proxy",11,128,371
"proxy",11,445,593
"proxy",11,342,633
"proxy",11,97,446
"proxy",11,324,261
"proxy",11,479,421
"proxy",11,103,42
"proxy",11,140,238
"proxy",11,511,434
"proxy",11,421,528
"proxy",11,514,479
"proxy",11,405,221
"proxy",11,528,197
"proxy",11,517,181
"proxy",11,572,668
"proxy",11,50,100
"proxy",11,237,627
"proxy",11,622,286
"proxy",11,129,402
"proxy",11,579,377
"proxy",11,651,588
"proxy",11,462,213
"proxy",11,343,187
"proxy",11,533,215
"proxy",11,177,263
"proxy",11,185,224
"proxy",11,593,253
"proxy",11,147,184
"proxy",11,523,314
"proxy",11,28,172
"proxy",11,655,313
"proxy",11,167,27
"proxy",11,349,558
"proxy",11,41,463
"proxy",11,253,145
"proxy",11,54,40
"proxy",11,676,418
"proxy",11,558,138
"proxy",11,425,241
"proxy",11,283,55
"proxy",11,196,97
"proxy",11,674,28
"proxy",11,221,396
"proxy",11,665,343
"proxy",11,89,485
"proxy",11,446,382
"proxy",11,490,594
"proxy",11,689,386
"proxy",11,469,586
"proxy",11,20,444
"proxy",11,184,523
"proxy",11,500,544
"proxy",11,440,405
"proxy",11,628,66
"proxy",11,40,41
"proxy",11,382,148
"proxy",11,488,195
"proxy",11,183,599
"proxy",11,588,689
"proxy",11,38,186
"proxy",11,213,315
"proxy",11,195,156
"proxy",11,627,392
"proxy",11,519,69
"proxy",11,172,160
"proxy",11,652,342
"proxy",11,145,651
"proxy",11,544,488
"proxy",11,668,399
"proxy",11,121,22
"proxy",11,181,47
"proxy",11,261,185
"proxy",11,69,189
"proxy",11,171,613
"proxy",11,613,445
"proxy",11,562,117
"proxy",11,402,548
"proxy",11,682,694
"proxy",11,328,628
"proxy",11,386,462
"proxy",11,198,665
"proxy",11,418,237
"proxy",11,138,183
"proxy",11,556,448
"proxy",11,548,336
"proxy",11,485,630
"proxy",11,626,349
"proxy",11,42,140
"proxy",11,336,328
"proxy",11,258,259
"proxy",11,398,602
"proxy",11,179,560
"proxy",11,47,581
"proxy",11,92,511
"proxy",11,187,252
"proxy",11,633,621
"proxy",11,298,519
"proxy",11,176,270
"proxy",11,450,508
"proxy",11,23,676
"proxy",11,66,517
"proxy",11,117,54
"proxy",11,515,227
"proxy",11,463,161
"proxy",11,506,179
"proxy",11,507,198
"proxy",11,259,128
"proxy",11,685,506
"proxy",11,434,298
"proxy",11,322,643
"proxy",11,473,514
"proxy",11,396,23
"proxy",11,137,626
"proxy",11,399,38
"proxy",11,55,14
"proxy",11,325,137
"proxy",11,252,8
"proxy",11,13,440
"proxy",11,694,231
"proxy",11,24,283
"proxy",11,148,15
"proxy",11,270,176
"proxy",11,186,450
"proxy",11,215,324
"proxy",11,392,171
"proxy",11,238,490
"proxy",11,377,545
"proxy",11,165,210
"proxy",11,8,165
"proxy",11,372,127
"proxy",11,560,652
"proxy",11,197,572
"proxy",11,565,274
"proxy",11,448,655
"proxy",11,315,167
"proxy",11,444,92
"proxy",11,156,102
"proxy",11,263,469
"proxy",11,602,95
"proxy",11,241,515
"proxy",11,508,500
"proxy",11,282,20
"proxy",11,14,258
"proxy",12,586,27
"proxy",12,100,282
"proxy",12,286,117
"proxy",12,371,463
"proxy",12,304,231
"proxy",12,210,186
"proxy",12,608,500
"proxy",12,127,523
"proxy",12,581,382
"proxy",12,621,646
"proxy",12,22,450
"proxy",12,257,622
"proxy",12,15,195
"proxy",12,27,446
"proxy",12,274,252
"proxy",12,643,517
"proxy",12,227,8
"proxy",12,231,148
"proxy",12,599,237
"proxy",12,160,371
"proxy",12,95,92
"proxy",12,102,399
"proxy",12,594,304
"proxy",12,314,179
"proxy",12,630,97
"proxy",12,154,196
"proxy",12,646,145
"proxy",12,545,473
"proxy",12,161,479
"proxy",12,313,140
"proxy",12,224,241
"proxy",12,189,342
"proxy",12,128,172
"proxy",12,445,694
"proxy",12,342,89
"proxy",12,97,689
"proxy",12,324,238
"proxy",12,479,626
"proxy",12,103,187
"proxy",12,140,224
"proxy",12,511,593
"proxy",12,421,418
"proxy",12,514,100
"proxy",12,405,54
"proxy",12,528,50
"proxy",12,517,42
"proxy",12,572,215
"proxy",12,50,643
"proxy",12,237,24
"proxy",12,622,176
"proxy",12,129,579
"proxy",12,579,602
"proxy",12,651,588
"proxy",12,462,630
"proxy",12,343,69
"proxy",12,533,685
"proxy",12,177,651
"proxy",12,185,261
"proxy",12,593,445
"proxy",12,147,40
"proxy",12,523,545
"proxy",12,28,283
"proxy",12,655,171
"proxy",12,167,508
"proxy",12,349,665
"proxy",12,41,405
"proxy",12,253,349
"proxy",12,54,138
"proxy",12,676,668
"proxy",12,558,258
"proxy",12,425,15
"proxy",12,283,328
"proxy",12,196,13
"proxy",12,674,425
"proxy",12,221,185
"proxy",12,665,562
"proxy",12,89,210
"proxy",12,446,621
"proxy",12,490,47
"proxy",12,689,398
"proxy",12,469,227
"proxy",12,20,213
"proxy",12,184,628
"proxy",12,500,22
"proxy",12,440,167
"proxy",12,628,183
"proxy",12,40,127
"proxy",12,382,315
"proxy",12,488,221
"proxy",12,183,147
"proxy",12,588,402
"proxy",12,38,23
"proxy",12,213,511
"proxy",12,195,565
"proxy",12,627,488
"proxy",12,519,270
"proxy",12,172,674
"proxy",12,652,121
"proxy",12,145,102
"proxy",12,544,599
"proxy",12,668,572
"proxy",12,121,41
"proxy",12,181,128
"proxy",12,261,38
"proxy",12,69,103
"proxy",12,171,95
"proxy",12,613,165
"proxy",12,562,528
"proxy",12,402,627
"proxy",12,682,325
"proxy",12,328,343
"proxy",12,386,198
"proxy",12,198,396
"proxy",12,418,177
"proxy",12,138,469
"proxy",12,556,286
"proxy",12,548,336
"proxy",12,485,655
"proxy",12,626,608
"proxy",12,42,20
"proxy",12,336,421
"proxy",12,258,490
"proxy",12,398,462
"proxy",12,179,586
"proxy",12,47,392
"proxy",12,92,377
"proxy",12,187,519
"proxy",12,633,386
"proxy",12,298,440
"proxy",12,176,257
"proxy",12,450,682
"proxy",12,23,507
"proxy",12,66,298
"proxy",12,117,676
"proxy",12,515,161
"proxy",12,463,154
"proxy",12,506,14
"proxy",12,507,448
"proxy",12,259,372
"proxy",12,685,322
"proxy",12,434,314
"proxy",12,322,556
"proxy",12,473,633
"proxy",12,396,652
"proxy",12,137,594
"proxy",12,399,515
"proxy",12,55,66
"proxy",12,325,558
"proxy",12,252,324
"proxy",12,13,274
"proxy",12,694,160
"proxy",12,24,129
"proxy",12,148,613
"proxy",12,270,548
"proxy",12,186,506
"proxy",12,215,560
"proxy",12,392,253
"proxy",12,238,28
"proxy",12,377,156
"proxy",12,165,263
"proxy",12,8,259
"proxy",12,372,313
"proxy",12,560,434
"proxy",12,197,184
"proxy",12,565,181
"proxy",12,448,137
"proxy",12,315,533
"proxy",12,444,189
"proxy",12,156,55
"proxy",12,263,485
"proxy",12,602,544
"proxy",12,241,514
"proxy",12,508,444
"proxy",12,282,197
"proxy",12,14,581
"proxy",13,586,196
"proxy",13,100,221
"proxy",13,286,336
"proxy",13,371,528
"proxy",13,304,24
"proxy",13,210,425
"proxy",13,608,628
"proxy",13,127,322
"proxy",13,581,137
"proxy",13,621,198
"proxy",13,22,50
"proxy",13,257,399
"proxy",13,15,342
"proxy",13,27,560
"proxy",13,274,548
"proxy",13,643,28
"proxy",13,227,506
"proxy",13,231,676
"proxy",13,599,252
"proxy",13,160,165
"proxy",13,95,253
"proxy",13,102,102
"proxy",13,594,298
"proxy",13,314,138
"proxy",13,630,47
"proxy",13,154,398
"proxy",13,646,15
"proxy",13,545,231
"proxy",13,161,523
"proxy",13,313,176
"proxy",13,224,386
"proxy",13,189,646
"proxy",13,128,588
"proxy",13,445,22
"proxy",13,342,27
"proxy",13,97,100
"proxy",13,324,507
"proxy",13,479,237
"proxy",13,103,643
"proxy",13,140,313
"proxy",13,511,377
"proxy",13,421,446
"proxy",13,514,562
"proxy",13,405,161
"proxy",13,528,500
"proxy",13,517,450
"proxy",13,572,117
"proxy",13,50,325
"proxy",13,237,258
"proxy",13,622,184
"proxy",13,129,156
"proxy",13,579,565
"proxy",13,651,23
"proxy",13,462,69
"proxy",13,343,372
"proxy",13,533,434
"proxy",13,177,402
"proxy",13,185,42
"proxy",13,593,349
"proxy",13,147,630
"proxy",13,523,519
"proxy",13,28,160
"proxy",13,655,421
"proxy",13,167,147
"proxy",13,349,613
"proxy",13,41,197
"proxy",13,253,304
"proxy",13,54,227
"proxy",13,676,210
"proxy",13,558,517
"proxy",13,425,544
"proxy",13,283,445
"proxy",13,196,55
"proxy",13,674,392
"proxy",13,221,95
"proxy",13,665,602
"proxy",13,89,545
"proxy",13,446,655
"proxy",13,490,488
"proxy",13,689,444
"proxy",13,469,593
"proxy",13,20,469
"proxy",13,184,8
"proxy",13,500,263
"proxy",13,440,626
"proxy",13,628,127
"proxy",13,40,172
"proxy",13,382,514
"proxy",13,488,314
"proxy",13,183,621
"proxy",13,588,282
"proxy",13,38,92
"proxy",13,213,257
"proxy",13,195,145
"proxy",13,627,167
"proxy",13,519,324
"proxy",13,172,448
"proxy",13,652,181
"proxy",13,145,594
"proxy",13,544,572
"proxy",13,668,622
"proxy",13,121,668
"proxy",13,181,261
"proxy",13,261,485
"proxy",13,69,183
"proxy",13,171,148
"proxy",13,613,274
"proxy",13,562,40
"proxy",13,402,283
"proxy",13,682,558
"proxy",13,328,54
"proxy",13,386,508
"proxy",13,198,38
"proxy",13,418,195
"proxy",13,138,185
"proxy",13,556,694
"proxy",13,548,382
"proxy",13,485,177
"proxy",13,626,121
"proxy",13,42,328
"proxy",13,336,674
"proxy",13,258,665
"proxy",13,398,286
"proxy",13,179,215
"proxy",13,47,128
"proxy",13,92,315
"proxy",13,187,66
"proxy",13,633,651
"proxy",13,298,462
"proxy",13,176,479
"proxy",13,450,189
"proxy",13,23,140
"proxy",13,66,627
"proxy",13,117,89
"proxy",13,515,41
"proxy",13,463,473
"proxy",13,506,270
"proxy",13,507,581
"proxy",13,259,533
"proxy",13,685,187
"proxy",13,434,179
"proxy",13,322,97
"proxy",13,473,599
"proxy",13,396,171
"proxy",13,137,511
"proxy",13,399,186
"proxy",13,55,371
"proxy",13,325,418
"proxy",13,252,586
"proxy",13,13,103
"proxy",13,694,259
"proxy",13,24,405
"proxy",13,148,608
"proxy",13,270,440
"proxy",13,186,652
"proxy",13,215,396
"proxy",13,392,556
"proxy",13,238,241
"proxy",13,377,224
"proxy",13,165,682
"proxy",13,8,129
"proxy",13,372,213
"proxy",13,560,689
"proxy",13,197,515
"proxy",13,565,490
"proxy",13,448,14
"proxy",13,315,20
"proxy",13,444,154
"proxy",13,156,633
"proxy",13,263,13
"proxy",13,602,343
"proxy",13,241,238
"proxy",13,508,685
"proxy",13,282,579
"proxy",13,14,463
"proxy",14,586,445
"proxy",14,100,137
"proxy",14,286,613
"proxy",14,371,685
"proxy",14,304,186
"proxy",14,210,627
"proxy",14,608,27
"proxy",14,127,55
"proxy",14,581,253
"proxy",14,621,621
"proxy",14,22,148
"proxy",14,257,523
"proxy",14,15,102
"proxy",14,27,602
"proxy",14,274,238
"proxy",14,643,328
"proxy",14,227,396
"proxy",14,231,674
"proxy",14,599,154
"proxy",14,160,473
"proxy",14,95,189
"proxy",14,102,633
"proxy",14,594,171
"proxy",14,314,28
"proxy",14,630,622
"proxy",14,154,227
"proxy",14,646,138
"proxy",14,545,259
"proxy",14,161,23
"proxy",14,313,261
"proxy",14,224,210
"proxy",14,189,398
"proxy",14,128,165
"proxy",14,445,377
"proxy",14,342,40
"proxy",14,97,646
"proxy",14,324,515
"proxy",14,479,548
"proxy",14,103,544
"proxy",14,140,342
"proxy",14,511,221
"proxy",14,421,314
"proxy",14,514,179
"proxy",14,405,286
"proxy",14,528,682
"proxy",14,517,392
"proxy",14,572,38
"proxy",14,50,283
"proxy",14,237,508
"proxy",14,622,177
"proxy",14,129,181
"proxy",14,579,147
"proxy",14,651,97
"proxy",14,462,651
"proxy",14,343,511
"proxy",14,533,47
"proxy",14,177,263
"proxy",14,185,315
"proxy",14,593,446
"proxy",14,147,127
"proxy",14,523,479
"proxy",14,28,630
"proxy",14,655,519
"proxy",14,167,418
"proxy",14,349,608
"proxy",14,41,42
"proxy",14,253,343
"proxy",14,54,241
"proxy",14,676,325
"proxy",14,558,386
"proxy",14,425,652
"proxy",14,283,676
"proxy",14,196,89
"proxy",14,674,500
"proxy",14,221,382
"proxy",14,665,50
"proxy",14,89,506
"proxy",14,446,485
"proxy",14,490,507
"proxy",14,689,274
"proxy",14,469,490
"proxy",14,20,444
"proxy",14,184,349
"proxy",14,500,13
"proxy",14,440,313
"proxy",14,628,117
"proxy",14,40,565
"proxy",14,382,581
"proxy",14,488,469
"proxy",14,183,41
"proxy",14,588,145
"proxy",14,38,161
"proxy",14,213,298
"proxy",14,195,560
"proxy",14,627,167
"proxy",14,519,655
"proxy",14,172,20
"proxy",14,652,599
"proxy",14,145,462
"proxy",14,544,156
"proxy",14,668,237
"proxy",14,121,195
"proxy",14,181,668
"proxy",14,261,694
"proxy",14,69,176
"proxy",14,171,185
"proxy",14,613,463
"proxy",14,562,556
"proxy",14,402,252
"proxy",14,682,448
"proxy",14,328,593
"proxy",14,386,184
"proxy",14,198,121
"proxy",14,418,54
"proxy",14,138,689
"proxy",14,556,270
"proxy",14,548,434
"proxy",14,485,572
"proxy",14,626,258
"proxy",14,42,425
"proxy",14,336,103
"proxy",14,258,231
"proxy",14,398,594
"proxy",14,179,399
"proxy",14,47,665
"proxy",14,92,66
"proxy",14,187,588
"proxy",14,633,304
"proxy",14,298,579
"proxy",14,176,528
"proxy",14,450,405
"proxy",14,23,197
"proxy",14,66,440
"proxy",14,117,128
"proxy",14,515,643
"proxy",14,463,586
"proxy",14,506,257
"proxy",14,507,545
"proxy",14,259,517
"proxy",14,685,92
"proxy",14,434,172
"proxy",14,322,372
"proxy",14,473,322
"proxy",14,396,183
"proxy",14,137,160
"proxy",14,399,402
"proxy",14,55,450
"proxy",14,325,15
"proxy",14,252,140
"proxy",14,13,196
"proxy",14,694,69
"proxy",14,24,533
"proxy",14,148,8
"proxy",14,270,558
"proxy",14,186,22
"proxy",14,215,187
"proxy",14,392,628
"proxy",14,238,198
"proxy",14,377,626
"proxy",14,165,24
"proxy",14,8,213
"proxy",14,372,562
"proxy",14,560,282
"proxy",14,197,421
"proxy",14,565,371
"proxy",14,448,336
"proxy",14,315,224
"proxy",14,444,14
"proxy",14,156,514
"proxy",14,263,129
"proxy",14,602,100
"proxy",14,241,215
"proxy",14,508,488
"proxy",14,282,324
"proxy",14,14,95
"proxy",15,586,270
"proxy",15,100,261
"proxy",15,286,579
"proxy",15,371,651
"proxy",15,304,69
"proxy",15,210,336
"proxy",15,608,556
"proxy",15,127,263
"proxy",15,581,28
"proxy",15,621,440
"proxy",15,22,490
"proxy",15,257,463
"proxy",15,15,137
"proxy",15,27,560
"proxy",15,274,462
"proxy",15,643,674
"proxy",15,227,444
"proxy",15,231,154
"proxy",15,599,396
"proxy",15,160,398
"proxy",15,95,283
"proxy",15,102,160
"proxy",15,594,548
"proxy",15,314,652
"proxy",15,630,50
"proxy",15,154,213
"proxy",15,646,514
"proxy",15,545,274
"proxy",15,161,646
"proxy",15,313,92
"proxy",15,224,198
"proxy",15,189,185
"proxy",15,128,100
"proxy",15,445,313
"proxy",15,342,195
"proxy",15,97,668
"proxy",15,324,386
"proxy",15,479,544
"proxy",15,103,140
"proxy",15,140,685
"proxy",15,511,282
"proxy",15,421,215
"proxy",15,514,558
"proxy",15,405,14
"proxy",15,528,508
"proxy",15,517,20
"proxy",15,572,237
"proxy",15,50,682
"proxy",15,237,121
"proxy",15,622,324
"proxy",15,129,633
"proxy",15,579,421
"proxy",15,651,171
"proxy",15,462,147
"proxy",15,343,128
"proxy",15,533,38
"proxy",15,177,189
"proxy",15,185,238
"proxy",15,593,176
"proxy",15,147,402
"proxy",15,523,630
"proxy",15,28,621
"proxy",15,655,186
"proxy",15,167,227
"proxy",15,349,500
"proxy",15,41,599
"proxy",15,253,197
"proxy",15,54,322
"proxy",15,676,23
"proxy",15,558,179
"proxy",15,425,519
"proxy",15,283,343
"proxy",15,196,382
"proxy",15,674,627
"proxy",15,221,298
"proxy",15,665,221
"proxy",15,89,581
"proxy",15,446,377
"proxy",15,490,469
"proxy",15,689,224
"proxy",15,469,181
"proxy",15,20,448
"proxy",15,184,241
"proxy",15,500,184
"proxy",15,440,405
"proxy",15,628,694
"proxy",15,40,117
"proxy",15,382,488
"proxy",15,488,304
"proxy",15,183,97
"proxy",15,588,372
"proxy",15,38,626
"proxy",15,213,325
"proxy",15,195,314
"proxy",15,627,177
"proxy",15,519,349
"proxy",15,172,286
"proxy",15,652,328
"proxy",15,145,392
"proxy",15,544,572
"proxy",15,668,253
"proxy",15,121,399
"proxy",15,181,259
"proxy",15,261,562
"proxy",15,69,129
"proxy",15,171,172
"proxy",15,613,145
"proxy",15,562,643
"proxy",15,402,102
"proxy",15,682,517
"proxy",15,328,27
"proxy",15,386,608
"proxy",15,198,156
"proxy",15,418,210
"proxy",15,138,89
"proxy",15,556,371
"proxy",15,548,8
"proxy",15,485,161
"proxy",15,626,594
"proxy",15,42,257
"proxy",15,336,315
"proxy",15,258,507
"proxy",15,398,602
"proxy",15,179,689
"proxy",15,47,148
"proxy",15,92,165
"proxy",15,187,676
"proxy",15,633,588
"proxy",15,298,446
"proxy",15,176,523
"proxy",15,450,515
"proxy",15,23,41
"proxy",15,66,533
"proxy",15,117,95
"proxy",15,515,15
"proxy",15,463,196
"proxy",15,506,40
"proxy",15,507,506
"proxy",15,259,187
"proxy",15,685,24
"proxy",15,434,479
"proxy",15,322,511
"proxy",15,473,66
"proxy",15,396,183
"proxy",15,137,622
"proxy",15,399,628
"proxy",15,55,13
"proxy",15,325,434
"proxy",15,252,473
"proxy",15,13,55
"proxy",15,694,655
"proxy",15,24,665
"proxy",15,148,586
"proxy",15,270,47
"proxy",15,186,231
"proxy",15,215,545
"proxy",15,392,252
"proxy",15,238,22
"proxy",15,377,418
"proxy",15,165,613
"proxy",15,8,425
"proxy",15,372,445
"proxy",15,560,54
"proxy",15,197,138
"proxy",15,565,342
"proxy",15,448,485
"proxy",15,315,167
"proxy",15,444,565
"proxy",15,156,450
"proxy",15,263,528
"proxy",15,602,258
"proxy",15,241,42
"proxy",15,508,127
"proxy",15,282,593
"proxy",15,14,103
"proxy",16,586,371
"proxy",16,100,97
"proxy",16,286,22
"proxy",16,371,421
"proxy",16,304,224
"proxy",16,210,184
"proxy",16,608,282
"proxy",16,127,145
"proxy",16,581,227
"proxy",16,621,179
"proxy",16,22,342
"proxy",16,257,558
"proxy",16,15,89
"proxy",16,27,304
"proxy",16,274,507
"proxy",16,643,434
"proxy",16,227,523
"proxy",16,231,314
"proxy",16,599,402
"proxy",16,160,579
"proxy",16,95,221
"proxy",16,102,140
"proxy",16,594,328
"proxy",16,314,445
"proxy",16,630,519
"proxy",16,154,488
"proxy",16,646,176
"proxy",16,545,15
"proxy",16,161,594
"proxy",16,313,646
"proxy",16,224,171
"proxy",16,189,652
"proxy",16,128,562
"proxy",16,445,38
"proxy",16,342,69
"proxy",16,97,396
"proxy",16,324,382
"proxy",16,479,47
"proxy",16,103,528
"proxy",16,140,148
"proxy",16,511,694
"proxy",16,421,545
"proxy",16,514,259
"proxy",16,405,215
"proxy",16,528,28
"proxy",16,517,238
"proxy",16,572,560
"proxy",16,50,508
"proxy",16,237,196
"proxy",16,622,349
"proxy",16,129,665
"proxy",16,579,270
"proxy",16,651,54
"proxy",16,462,183
"proxy",16,343,102
"proxy",16,533,241
"proxy",16,177,448
"proxy",16,185,651
"proxy",16,593,621
"proxy",16,147,8
"proxy",16,523,210
"proxy",16,28,322
"proxy",16,655,544
"proxy",16,167,608
"proxy",16,349,377
"proxy",16,41,283
"proxy",16,253,213
"proxy",16,54,324
"proxy",16,676,92
"proxy",16,558,167
"proxy",16,425,24
"proxy",16,283,231
"proxy",16,196,450
"proxy",16,674,313
"proxy",16,221,517
"proxy",16,665,500
"proxy",16,89,117
"proxy",16,446,643
"proxy",16,490,20
"proxy",16,689,626
"proxy",16,469,405
"proxy",16,20,463
"proxy",16,184,506
"proxy",16,500,386
"proxy",16,440,66
"proxy",16,628,138
"proxy",16,40,261
"proxy",16,382,588
"proxy",16,488,490
"proxy",16,183,177
"proxy",16,588,548
"proxy",16,38,630
"proxy",16,213,556
"proxy",16,195,286
"proxy",16,627,627
"proxy",16,519,315
"proxy",16,172,100
"proxy",16,652,622
"proxy",16,145,479
"proxy",16,544,392
"proxy",16,668,274
"proxy",16,121,189
"proxy",16,181,462
"proxy",16,261,95
"proxy",16,69,425
"proxy",16,171,485
"proxy",16,613,336
"proxy",16,562,103
"proxy",16,402,258
"proxy",16,682,129
"proxy",16,328,682
"proxy",16,386,252
"proxy",16,198,14
"proxy",16,418,581
"proxy",16,138,602
"proxy",16,556,440
"proxy",16,548,13
"proxy",16,485,674
"proxy",16,626,42
"proxy",16,42,399
"proxy",16,336,343
"proxy",16,258,446
"proxy",16,398,253
"proxy",16,179,187
"proxy",16,47,298
"proxy",16,92,40
"proxy",16,187,154
"proxy",16,633,237
"proxy",16,298,515
"proxy",16,176,325
"proxy",16,450,128
"proxy",16,23,533
"proxy",16,66,263
"proxy",16,117,197
"proxy",16,515,593
"proxy",16,463,565
"proxy",16,506,147
"proxy",16,507,633
"proxy",16,259,121
"proxy",16,685,185
"proxy",16,434,511
"proxy",16,322,628
"proxy",16,473,514
"proxy",16,396,156
"proxy",16,137,55
"proxy",16,399,599
"proxy",16,55,418
"proxy",16,325,165
"proxy",16,252,127
"proxy",16,13,613
"proxy",16,694,586
"proxy",16,24,372
"proxy",16,148,160
"proxy",16,270,198
"proxy",16,186,186
"proxy",16,215,181
"proxy",16,392,444
"proxy",16,238,668
"proxy",16,377,655
"proxy",16,165,172
"proxy",16,8,398
"proxy",16,372,23
"proxy",16,560,257
"proxy",16,197,572
"proxy",16,565,685
"proxy",16,448,689
"proxy",16,315,473
"proxy",16,444,161
"proxy",16,156,676
"proxy",16,263,137
"proxy",16,602,469
"proxy",16,241,41
"proxy",16,508,195
"proxy",16,282,50
"proxy",16,14,27
"proxy",17,586,40
"proxy",17,100,270
"proxy",17,286,488
"proxy",17,371,372
"proxy",17,304,448
"proxy",17,210,69
"proxy",17,608,444
"proxy",17,127,185
"proxy",17,581,179
"proxy",17,621,100
"proxy",17,22,633
"proxy",17,257,398
"proxy",17,15,572
"proxy",17,27,608
"proxy",17,274,41
"proxy",17,643,156
"proxy",17,227,23
"proxy",17,231,257
"proxy",17,599,177
"proxy",17,160,581
"proxy",17,95,186
"proxy",17,102,50
"proxy",17,594,20
"proxy",17,314,171
"proxy",17,630,446
"proxy",17,154,545
"proxy",17,646,172
"proxy",17,545,343
"proxy",17,161,622
"proxy",17,313,238
"proxy",17,224,189
"proxy",17,189,154
"proxy",17,128,121
"proxy",17,445,685
"proxy",17,342,490
"proxy",17,97,463
"proxy",17,324,322
"proxy",17,479,382
"proxy",17,103,47
"proxy",17,140,434
"proxy",17,511,102
"proxy",17,421,371
"proxy",17,514,528
"proxy",17,405,544
"proxy",17,528,22
"proxy",17,517,676
"proxy",17,572,508
"proxy",17,50,129
"proxy",17,237,682
"proxy",17,622,89
"proxy",17,129,315
"proxy",17,579,627
"proxy",17,651,479
"proxy",17,462,425
"proxy",17,343,517
"proxy",17,533,507
"proxy",17,177,314
"proxy",17,185,24
"proxy",17,593,195
"proxy",17,147,556
"proxy",17,523,42
"proxy",17,28,198
"proxy",17,655,533
"proxy",17,167,92
"proxy",17,349,13
"proxy",17,41,630
"proxy",17,253,628
"proxy",17,54,227
"proxy",17,676,181
"proxy",17,558,421
"proxy",17,425,469
"proxy",17,283,237
"proxy",17,196,231
"proxy",17,674,325
"proxy",17,221,674
"proxy",17,665,558
"proxy",17,89,418
"proxy",17,446,176
"proxy",17,490,523
"proxy",17,689,210
"proxy",17,469,324
"proxy",17,20,694
"proxy",17,184,473
"proxy",17,500,213
"proxy",17,440,187
"proxy",17,628,665
"proxy",17,40,140
"proxy",17,382,613
"proxy",17,488,655
"proxy",17,183,117
"proxy",17,588,377
"proxy",17,38,8
"proxy",17,213,283
"proxy",17,195,405
"proxy",17,627,386
"proxy",17,519,668
"proxy",17,172,445
"proxy",17,652,304
"proxy",17,145,450
"proxy",17,544,221
"proxy",17,668,241
"proxy",17,121,562
"proxy",17,181,689
"proxy",17,261,643
"proxy",17,69,252
"proxy",17,171,128
"proxy",17,613,196
"proxy",17,562,651
"proxy",17,402,588
"proxy",17,682,95
"proxy",17,328,103
"proxy",17,386,27
"proxy",17,198,145
"proxy",17,418,263
"proxy",17,138,148
"proxy",17,556,593
"proxy",17,548,138
"proxy",17,485,500
"proxy",17,626,183
"proxy",17,42,137
"proxy",17,336,66
"proxy",17,258,184
"proxy",17,398,511
"proxy",17,179,646
"proxy",17,47,298
"proxy",17,92,342
"proxy",17,187,28
"proxy",17,633,652
"proxy",17,298,565
"proxy",17,176,167
"proxy",17,450,399
"proxy",17,23,548
"proxy",17,66,602
"proxy",17,117,259
"proxy",17,515,197
"proxy",17,463,519
"proxy",17,506,224
"proxy",17,507,514
"proxy",17,259,253
"proxy",17,685,336
"proxy",17,434,579
"proxy",17,322,215
"proxy",17,473,147
"proxy",17,396,38
"proxy",17,137,396
"proxy",17,399,599
"proxy",17,55,313
"proxy",17,325,560
"proxy",17,252,626
"proxy",17,13,261
"proxy",17,694,440
"proxy",17,24,485
"proxy",17,148,392
"proxy",17,270,258
"proxy",17,186,402
"proxy",17,215,282
"proxy",17,392,127
"proxy",17,238,621
"proxy",17,377,515
"proxy",17,165,506
"proxy",17,8,14
"proxy",17,372,15
"proxy",17,560,274
"proxy",17,197,160
"proxy",17,565,161
"proxy",17,448,328
"proxy",17,315,349
"proxy",17,444,165
"proxy",17,156,55
"proxy",17,263,462
"proxy",17,602,97
"proxy",17,241,594
"proxy",17,508,286
"proxy",17,282,586
"proxy",17,14,54
"proxy",18,586,462
"proxy",18,100,315
"proxy",18,286,196
"proxy",18,371,167
"proxy",18,304,469
"proxy",18,210,15
"proxy",18,608,258
"proxy",18,127,562
"proxy",18,581,270
"proxy",18,621,187
"proxy",18,22,488
"proxy",18,257,224
"proxy",18,15,626
"proxy",18,27,349
"proxy",18,274,147
"proxy",18,643,8
"proxy",18,227,622
"proxy",18,231,97
"proxy",18,599,602
"proxy",18,160,652
"proxy",18,95,47
"proxy",18,102,221
"proxy",18,594,372
"proxy",18,314,140
"proxy",18,630,227
"proxy",18,154,238
"proxy",18,646,579
"proxy",18,545,593
"proxy",18,161,508
"proxy",18,313,448
"proxy",18,224,286
"proxy",18,189,402
"proxy",18,128,444
"proxy",18,445,396
"proxy",18,342,263
"proxy",18,97,545
"proxy",18,324,95
"proxy",18,479,676
"proxy",18,103,386
"proxy",18,140,13
"proxy",18,511,643
"proxy",18,421,556
"proxy",18,514,445
"proxy",18,405,42
"proxy",18,528,14
"proxy",18,517,161
"proxy",18,572,382
"proxy",18,50,613
"proxy",18,237,127
"proxy",18,622,581
"proxy",18,129,24
"proxy",18,579,22
"proxy",18,651,241
"proxy",18,462,185
"proxy",18,343,145
"proxy",18,533,313
"proxy",18,177,121
"proxy",18,185,117
"proxy",18,593,565
"proxy",18,147,69
"proxy",18,523,324
"proxy",18,28,377
"proxy",18,655,89
"proxy",18,167,392
"proxy",18,349,674
"proxy",18,41,651
"proxy",18,253,450
"proxy",18,54,682
"proxy",18,676,252
"proxy",18,558,325
"proxy",18,425,500
"proxy",18,283,156
"proxy",18,196,515
"proxy",18,674,399
"proxy",18,221,586
"proxy",18,665,506
"proxy",18,89,665
"proxy",18,446,517
"proxy",18,490,54
"proxy",18,689,473
"proxy",18,469,630
"proxy",18,20,523
"proxy",18,184,633
"proxy",18,500,511
"proxy",18,440,628
"proxy",18,628,138
"proxy",18,40,20
"proxy",18,382,283
"proxy",18,488,608
"proxy",18,183,463
"proxy",18,588,181
"proxy",18,38,485
"proxy",18,213,342
"proxy",18,195,519
"proxy",18,627,421
"proxy",18,519,479
"proxy",18,172,528
"proxy",18,652,343
"proxy",18,145,66
"proxy",18,544,405
"proxy",18,668,215
"proxy",18,121,314
"proxy",18,181,154
"proxy",18,261,655
"proxy",18,69,621
"proxy",18,171,179
"proxy",18,613,336
"proxy",18,562,195
"proxy",18,402,210
"proxy",18,682,440
"proxy",18,328,304
"proxy",18,386,237
"proxy",18,198,668
"proxy",18,418,328
"proxy",18,138,446
"proxy",18,556,50
"proxy",18,548,398
"proxy",18,485,253
"proxy",18,626,92
"proxy",18,42,282
"proxy",18,336,322
"proxy",18,258,213
"proxy",18,398,102
"proxy",18,179,418
"proxy",18,47,533
"proxy",18,92,434
"proxy",18,187,186
"proxy",18,633,231
"proxy",18,298,177
"proxy",18,176,259
"proxy",18,450,160
"proxy",18,23,694
"proxy",18,66,28
"proxy",18,117,183
"proxy",18,515,425
"proxy",18,463,171
"proxy",18,506,560
"proxy",18,507,189
"proxy",18,259,55
"proxy",18,685,261
"proxy",18,434,197
"proxy",18,322,371
"proxy",18,473,27
"proxy",18,396,198
"proxy",18,137,41
"proxy",18,399,689
"proxy",18,55,548
"proxy",18,325,128
"proxy",18,252,588
"proxy",18,13,572
"proxy",18,694,507
"proxy",18,24,274
"proxy",18,148,100
"proxy",18,270,544
"proxy",18,186,184
"proxy",18,215,685
"proxy",18,392,137
"proxy",18,238,599
"proxy",18,377,514
"proxy",18,165,594
"proxy",18,8,490
"proxy",18,372,558
"proxy",18,560,165
"proxy",18,197,627
"proxy",18,565,172
"proxy",18,448,129
"proxy",18,315,23
"proxy",18,444,646
"proxy",18,156,257
"proxy",18,263,148
"proxy",18,602,38
"proxy",18,241,176
"proxy",18,508,40
"proxy",18,282,103
"proxy",18,14,298
"proxy",19,586,533
"proxy",19,100,177
"proxy",19,286,189
"proxy",19,371,237
"proxy",19,304,183
"proxy",19,210,349
"proxy",19,608,196
"proxy",19,127,402
"proxy",19,581,630
"proxy",19,621,20
"proxy",19,22,548
"proxy",19,257,626
"proxy",19,15,444
"proxy",19,27,628
"proxy",19,274,608
"proxy",19,643,27
"proxy",19,227,197
"proxy",19,231,399
"proxy",19,599,28
"proxy",19,160,179
"proxy",19,95,622
"proxy",19,102,213
"proxy",19,594,145
"proxy",19,314,372
"proxy",19,630,508
"proxy",19,154,652
"proxy",19,646,231
"proxy",19,545,41
"proxy",19,161,54
"proxy",19,313,270
"proxy",19,224,627
"proxy",19,189,386
"proxy",19,128,515
"proxy",19,445,154
"proxy",19,342,588
"proxy",19,97,55
"proxy",19,324,445
"proxy",19,479,171
"proxy",19,103,488
"proxy",19,140,215
"proxy",19,511,579
"proxy",19,421,24
"proxy",19,514,405
"proxy",19,405,506
"proxy",19,528,651
"proxy",19,517,558
"proxy",19,572,665
"proxy",19,50,23
"proxy",19,237,528
"proxy",19,622,241
"proxy",19,129,66
"proxy",19,579,176
"proxy",19,651,221
"proxy",19,462,655
"proxy",19,343,8
"proxy",19,533,298
"proxy",19,177,689
"proxy",19,185,261
"proxy",19,593,398
"proxy",19,147,371
"proxy",19,523,514
"proxy",19,28,22
"proxy",19,655,646
"proxy",19,167,13
"proxy",19,349,643
"proxy",19,41,210
"proxy",19,253,304
"proxy",19,54,15
"proxy",19,676,485
"proxy",19,558,336
"proxy",19,425,129
"proxy",19,283,138
"proxy",19,196,377
"proxy",19,674,314
"proxy",19,221,324
"proxy",19,665,434
"proxy",19,89,560
"proxy",19,446,185
"proxy",19,490,621
"proxy",19,689,95
"proxy",19,469,343
"proxy",19,20,286
"proxy",19,184,198
"proxy",19,500,479
"proxy",19,440,165
"proxy",19,628,322
"proxy",19,40,342
"proxy",19,382,128
"proxy",19,488,682
"proxy",19,183,102
"proxy",19,588,328
"proxy",19,38,500
"proxy",19,213,473
"proxy",19,195,121
"proxy",19,627,599
"proxy",19,519,224
"proxy",19,172,274
"proxy",19,652,463
"proxy",19,145,421
"proxy",19,544,418
"proxy",19,668,184
"proxy",19,121,556
"proxy",19,181,167
"proxy",19,261,42
"proxy",19,69,238
"proxy",19,171,227
"proxy",19,613,633
"proxy",19,562,282
"proxy",19,402,572
"proxy",19,682,544
"proxy",19,328,147
"proxy",19,386,440
"proxy",19,198,613
"proxy",19,418,148
"proxy",19,138,252
"proxy",19,556,258
"proxy",19,548,92
"proxy",19,485,283
"proxy",19,626,195
"proxy",19,42,694
"proxy",19,336,462
"proxy",19,258,446
"proxy",19,398,257
"proxy",19,179,425
"proxy",19,47,140
"proxy",19,92,50
"proxy",19,187,253
"proxy",19,633,562
"proxy",19,298,674
"proxy",19,176,172
"proxy",19,450,685
"proxy",19,23,545
"proxy",19,66,469
"proxy",19,117,103
"proxy",19,515,382
"proxy",19,463,137
"proxy",19,506,594
"proxy",19,507,517
"proxy",19,259,263
"proxy",19,685,450
"proxy",19,434,581
"proxy",19,322,38
"proxy",19,473,676
"proxy",19,396,668
"proxy",19,137,448
"proxy",19,399,593
"proxy",19,55,186
"proxy",19,325,490
"proxy",19,252,523
"proxy",19,13,396
"proxy",19,694,40
"proxy",19,24,259
"proxy",19,148,511
"proxy",19,270,187
"proxy",19,186,507
"proxy",19,215,181
"proxy",19,392,392
"proxy",19,238,161
"proxy",19,377,100
"proxy",19,165,47
"proxy",19,8,117
"proxy",19,372,602
"proxy",19,560,89
"proxy",19,197,325
"proxy",19,565,565
"proxy",19,448,14
"proxy",19,315,97
"proxy",19,444,160
"proxy",19,156,127
"proxy",19,263,519
"proxy",19,602,156
"proxy",19,241,313
"proxy",19,508,586
"proxy",19,282,69
"proxy",19,14,315
"proxy",20,586,599
"proxy",20,100,372
"proxy",20,286,227
"proxy",20,371,213
"proxy",20,304,514
"proxy",20,210,421
"proxy",20,608,399
"proxy",20,127,283
"proxy",20,581,440
"proxy",20,621,519
"proxy",20,22,100
"proxy",20,257,479
"proxy",20,15,270
"proxy",20,27,24
"proxy",20,274,129
"proxy",20,643,506
"proxy",20,227,14
"proxy",20,231,55
"proxy",20,599,253
"proxy",20,160,103
"proxy",20,95,121
"proxy",20,102,189
"proxy",20,594,261
"proxy",20,314,102
"proxy",20,630,177
"proxy",20,154,215
"proxy",20,646,8
"proxy",20,545,608
"proxy",20,161,198
"proxy",20,313,237
"proxy",20,224,156
"proxy",20,189,176
"proxy",20,128,342
"proxy",20,445,349
"proxy",20,342,548
"proxy",20,97,343
"proxy",20,324,282
"proxy",20,479,241
"proxy",20,103,165
"proxy",20,140,92
"proxy",20,511,263
"proxy",20,421,655
"proxy",20,514,572
"proxy",20,405,613
"proxy",20,528,38
"proxy",20,517,565
"proxy",20,572,562
"proxy",20,50,448
"proxy",20,237,450
"proxy",20,622,490
"proxy",20,129,47
"proxy",20,579,446
"proxy",20,651,511
"proxy",20,462,328
"proxy",20,343,238
"proxy",20,533,210
"proxy",20,177,588
"proxy",20,185,140
"proxy",20,593,405
"proxy",20,147,97
"proxy",20,523,377
"proxy",20,28,392
"proxy",20,655,469
"proxy",20,167,117
"proxy",20,349,313
"proxy",20,41,398
"proxy",20,253,674
"proxy",20,54,172
"proxy",20,676,315
"proxy",20,558,179
"proxy",20,425,42
"proxy",20,283,517
"proxy",20,196,148
"proxy",20,674,184
"proxy",20,221,27
"proxy",20,665,185
"proxy",20,89,161
"proxy",20,446,515
"proxy",20,490,28
"proxy",20,689,488
"proxy",20,469,231
"proxy",20,20,593
"proxy",20,184,145
"proxy",20,500,304
"proxy",20,440,462
"proxy",20,628,627
"proxy",20,40,69
"proxy",20,382,41
"proxy",20,488,257
"proxy",20,183,127
"proxy",20,588,676
"proxy",20,38,463
"proxy",20,213,186
"proxy",20,195,560
"proxy",20,627,545
"proxy",20,519,418
"proxy",20,172,195
"proxy",20,652,643
"proxy",20,145,581
"proxy",20,544,586
"proxy",20,668,689
"proxy",20,121,622
"proxy",20,181,628
"proxy",20,261,15
"proxy",20,69,544
"proxy",20,171,434
"proxy",20,613,651
"proxy",20,562,682
"proxy",20,402,224
"proxy",20,682,402
"proxy",20,328,444
"proxy",20,386,147
"proxy",20,198,386
"proxy",20,418,396
"proxy",20,138,23
"proxy",20,556,556
"proxy",20,548,382
"proxy",20,485,138
"proxy",20,626,602
"proxy",20,42,89
"proxy",20,336,533
"proxy",20,258,154
"proxy",20,398,22
"proxy",20,179,167
"proxy",20,47,594
"proxy",20,92,137
"proxy",20,187,685
"proxy",20,633,523
"proxy",20,298,646
"proxy",20,176,13
"proxy",20,450,668
"proxy",20,23,579
"proxy",20,66,485
"proxy",20,117,473
"proxy",20,515,314
"proxy",20,463,20
"proxy",20,506,171
"proxy",20,507,95
"proxy",20,259,322
"proxy",20,685,445
"proxy",20,434,258
"proxy",20,322,665
"proxy",20,473,558
"proxy",20,396,371
"proxy",20,137,196
"proxy",20,399,336
"proxy",20,55,652
"proxy",20,325,66
"proxy",20,252,626
"proxy",20,13,507
"proxy",20,694,128
"proxy",20,24,324
"proxy",20,148,40
"proxy",20,270,187
"proxy",20,186,50
"proxy",20,215,500
"proxy",20,392,181
"proxy",20,238,54
"proxy",20,377,221
"proxy",20,165,694
"proxy",20,8,528
"proxy",20,372,274
"proxy",20,560,298
"proxy",20,197,621
"proxy",20,565,183
"proxy",20,448,425
"proxy",20,315,197
"proxy",20,444,286
"proxy",20,156,325
"proxy",20,263,508
"proxy",20,602,633
"proxy",20,241,160
"proxy",20,508,252
"proxy",20,282,630
"proxy",20,14,259
"proxy",21,586,20
"proxy",21,100,665
"proxy",21,286,172
"proxy",21,371,198
"proxy",21,304,213
"proxy",21,210,196
"proxy",21,608,421
"proxy",21,127,533
"proxy",21,581,54
"proxy",21,621,446
"proxy",21,22,129
"proxy",21,257,425
"proxy",21,15,507
"proxy",21,27,676
"proxy",21,274,560
"proxy",21,643,181
"proxy",21,227,528
"proxy",21,231,626
"proxy",21,599,473
"proxy",21,160,372
"proxy",21,95,315
"proxy",21,102,371
"proxy",21,594,434
"proxy",21,314,298
"proxy",21,630,55
"proxy",21,154,325
"proxy",21,646,488
"proxy",21,545,183
"proxy",21,161,102
"proxy",21,313,324
"proxy",21,224,23
"proxy",21,189,197
"proxy",21,128,282
"proxy",21,445,515
"proxy",21,342,682
"proxy",21,97,556
"proxy",21,324,621
"proxy",21,479,8
"proxy",21,103,500
"proxy",21,140,594
"proxy",21,511,176
"proxy",21,421,121
"proxy",21,514,221
"proxy",21,405,97
"proxy",21,528,15
"proxy",21,517,95
"proxy",21,572,147
"proxy",21,50,514
"proxy",21,237,263
"proxy",21,622,633
"proxy",21,129,462
"proxy",21,579,646
"proxy",21,651,398
"proxy",21,462,448
"proxy",21,343,187
"proxy",21,533,328
"proxy",21,177,643
"proxy",21,185,137
"proxy",21,593,655
"proxy",21,147,588
"proxy",21,523,608
"proxy",21,28,445
"proxy",21,655,572
"proxy",21,167,304
"proxy",21,349,523
"proxy",21,41,156
"proxy",21,253,47
"proxy",21,54,314
"proxy",21,676,231
"proxy",21,558,195
"proxy",21,425,210
"proxy",21,283,440
"proxy",21,196,167
"proxy",21,674,349
"proxy",21,221,479
"proxy",21,665,69
"proxy",21,89,286
"proxy",21,446,140
"proxy",21,490,558
"proxy",21,689,579
"proxy",21,469,103
"proxy",21,20,463
"proxy",21,184,257
"proxy",21,500,145
"proxy",21,440,258
"proxy",21,628,184
"proxy",21,40,185
"proxy",21,382,179
"proxy",21,488,171
"proxy",21,183,160
"proxy",21,588,41
"proxy",21,38,148
"proxy",21,213,377
"proxy",21,195,405
"proxy",21,627,627
"proxy",21,519,215
"proxy",21,172,189
"proxy",21,652,508
"proxy",21,145,386
"proxy",21,544,270
"proxy",21,668,238
"proxy",21,121,511
"proxy",21,181,599
"proxy",21,261,186
"proxy",21,69,565
"proxy",21,171,628
"proxy",21,613,581
"proxy",21,562,13
"proxy",21,402,485
"proxy",21,682,138
"proxy",21,328,259
"proxy",21,386,161
"proxy",21,198,42
"proxy",21,418,444
"proxy",21,138,227
"proxy",21,556,396
"proxy",21,548,545
"proxy",21,485,241
"proxy",21,626,613
"proxy",21,42,27
"proxy",21,336,127
"proxy",21,258,89
"proxy",21,398,593
"proxy",21,179,322
"proxy",21,47,252
"proxy",21,92,544
"proxy",21,187,66
"proxy",21,633,22
"proxy",21,298,586
"proxy",21,176,50
"proxy",21,450,165
"proxy",21,23,517
"proxy",21,66,622
"proxy",21,117,224
"proxy",21,515,100
"proxy",21,463,274
"proxy",21,506,668
"proxy",21,507,685
"proxy",21,259,450
"proxy",21,685,562
"proxy",21,434,343
"proxy",21,322,548
"proxy",21,473,602
"proxy",21,396,92
"proxy",21,137,313
"proxy",21,399,402
"proxy",21,55,382
"proxy",21,325,519
"proxy",21,252,237
"proxy",21,13,28
"proxy",21,694,506
"proxy",21,24,651
"proxy",21,148,38
"proxy",21,270,177
"proxy",21,186,24
"proxy",21,215,490
"proxy",21,392,652
"proxy",21,238,117
"proxy",21,377,630
"proxy",21,165,253
"proxy",21,8,336
"proxy",21,372,399
"proxy",21,560,342
"proxy",21,197,128
"proxy",21,565,261
"proxy",21,448,469
"proxy",21,315,283
"proxy",21,444,14
"proxy",21,156,689
"proxy",21,263,694
"proxy",21,602,40
"proxy",21,241,392
"proxy",21,508,674
"proxy",21,282,154
"proxy",21,14,418
"proxy",22,586,402
"proxy",22,100,588
"proxy",22,286,676
"proxy",22,371,97
"proxy",22,304,176
"proxy",22,210,22
"proxy",22,608,448
"proxy",22,127,186
"proxy",22,581,514
"proxy",22,621,418
"proxy",22,22,50
"proxy",22,257,396
"proxy",22,15,215
"proxy",22,27,500
"proxy",22,274,15
"proxy",22,643,252
"proxy",22,227,274
"proxy",22,231,548
"proxy",22,599,445
"proxy",22,160,263
"proxy",22,95,646
"proxy",22,102,515
"proxy",22,594,398
"proxy",22,314,298
"proxy",22,630,47
"proxy",22,154,24
"proxy",22,646,473
"proxy",22,545,66
"proxy",22,161,161
"proxy",22,313,165
"proxy",22,224,633
"proxy",22,189,261
"proxy",22,128,507
"proxy",22,445,213
"proxy",22,342,652
"proxy",22,97,621
"proxy",22,324,519
"proxy",22,479,586
"proxy",22,103,221
"proxy",22,140,121
"proxy",22,511,102
"proxy",22,421,129
"proxy",22,514,23
"proxy",22,405,558
"proxy",22,528,626
"proxy",22,517,103
"proxy",22,572,628
"proxy",22,50,100
"proxy",22,237,40
"proxy",22,622,55
"proxy",22,129,463
"proxy",22,579,506
"proxy",22,651,177
"proxy",22,462,434
"proxy",22,343,377
"proxy",22,533,421
"proxy",22,177,270
"proxy",22,185,444
"proxy",22,593,95
"proxy",22,147,579
"proxy",22,523,117
"proxy",22,28,137
"proxy",22,655,392
"proxy",22,167,490
"proxy",22,349,599
"proxy",22,41,324
"proxy",22,253,545
"proxy",22,54,231
"proxy",22,676,183
"proxy",22,558,92
"proxy",22,425,665
"proxy",22,283,440
"proxy",22,196,517
"proxy",22,674,227
"proxy",22,221,322
"proxy",22,665,145
"proxy",22,89,257
"proxy",22,446,613
"proxy",22,490,528
"proxy",22,689,195
"proxy",22,469,154
"proxy",22,20,630
"proxy",22,184,171
"proxy",22,500,237
"proxy",22,440,450
"proxy",22,628,198
"proxy",22,40,147
"proxy",22,382,156
"proxy",22,488,160
"proxy",22,183,197
"proxy",22,588,259
"proxy",22,38,314
"proxy",22,213,89
"proxy",22,195,148
"proxy",22,627,258
"proxy",22,519,386
"proxy",22,172,655
"proxy",22,652,38
"proxy",22,145,241
"proxy",22,544,511
"proxy",22,668,523
"proxy",22,121,140
"proxy",22,181,651
"proxy",22,261,41
"proxy",22,69,283
"proxy",22,171,689
"proxy",22,613,572
"proxy",22,562,533
"proxy",22,402,485
"proxy",22,682,382
"proxy",22,328,593
"proxy",22,386,184
"proxy",22,198,479
"proxy",22,418,196
"proxy",22,138,627
"proxy",22,556,313
"proxy",22,548,315
"proxy",22,485,674
"proxy",22,626,187
"proxy",22,42,238
"proxy",22,336,325
"proxy",22,258,560
"proxy",22,398,508
"proxy",22,179,446
"proxy",22,47,668
"proxy",22,92,488
"proxy",22,187,399
"proxy",22,633,282
"proxy",22,298,224
"proxy",22,176,608
"proxy",22,450,469
"proxy",22,23,685
"proxy",22,66,54
"proxy",22,117,210
"proxy",22,515,371
"proxy",22,463,167
"proxy",22,506,42
"proxy",22,507,27
"proxy",22,259,336
"proxy",22,685,349
"proxy",22,434,556
"proxy",22,322,128
"proxy",22,473,544
"proxy",22,396,372
"proxy",22,137,189
"proxy",22,399,565
"proxy",22,55,172
"proxy",22,325,342
"proxy",22,252,622
"proxy",22,13,13
"proxy",22,694,181
"proxy",22,24,127
"proxy",22,148,8
"proxy",22,270,405
"proxy",22,186,562
"proxy",22,215,69
"proxy",22,392,179
"proxy",22,238,20
"proxy",22,377,462
"proxy",22,165,253
"proxy",22,8,682
"proxy",22,372,304
"proxy",22,560,594
"proxy",22,197,138
"proxy",22,565,694
"proxy",22,448,328
"proxy",22,315,581
"proxy",22,444,28
"proxy",22,156,602
"proxy",22,263,643
"proxy",22,602,286
"proxy",22,241,14
"proxy",22,508,343
"proxy",22,282,185
"proxy",22,14,425
"proxy",23,586,69
"proxy",23,100,506
"proxy",23,286,231
"proxy",23,371,665
"proxy",23,304,22
"proxy",23,210,676
"proxy",23,608,448
"proxy",23,127,215
"proxy",23,581,258
"proxy",23,621,398
"proxy",23,22,599
"proxy",23,257,579
"proxy",23,15,183
"proxy",23,27,450
"proxy",23,274,42
"proxy",23,643,181
"proxy",23,227,655
"proxy",23,231,95
"proxy",23,599,421
"proxy",23,160,117
"proxy",23,95,172
"proxy",23,102,556
"proxy",23,594,313
"proxy",23,314,523
"proxy",23,630,147
"proxy",23,154,558
"proxy",23,646,38
"proxy",23,545,171
"proxy",23,161,418
"proxy",23,313,342
"proxy",23,224,626
"proxy",23,189,488
"proxy",23,128,55
"proxy",23,445,627
"proxy",23,342,651
"proxy",23,97,515
"proxy",23,324,533
"proxy",23,479,652
"proxy",23,103,630
"proxy",23,140,148
"proxy",23,511,517
"proxy",23,421,349
"proxy",23,514,462
"proxy",23,405,40
"proxy",23,528,622
"proxy",23,517,165
"proxy",23,572,372
"proxy",23,50,548
"proxy",23,237,544
"proxy",23,622,28
"proxy",23,129,15
"proxy",23,579,92
"proxy",23,651,594
"proxy",23,462,50
"proxy",23,343,253
"proxy",23,533,613
"proxy",23,177,328
"proxy",23,185,128
"proxy",23,593,386
"proxy",23,147,187
"proxy",23,523,608
"proxy",23,28,514
"proxy",23,655,198
"proxy",23,167,446
"proxy",23,349,66
"proxy",23,41,324
"proxy",23,253,145
"proxy",23,54,402
"proxy",23,676,14
"proxy",23,558,103
"proxy",23,425,100
"proxy",23,283,237
"proxy",23,196,336
"proxy",23,674,689
"proxy",23,221,628
"proxy",23,665,160
"proxy",23,89,138
"proxy",23,446,621
"proxy",23,490,507
"proxy",23,689,224
"proxy",23,469,89
"proxy",23,20,528
"proxy",23,184,479
"proxy",23,500,241
"proxy",23,440,24
"proxy",23,628,485
"proxy",23,40,382
"proxy",23,382,27
"proxy",23,488,127
"proxy",23,183,184
"proxy",23,588,674
"proxy",23,38,405
"proxy",23,213,185
"proxy",23,195,565
"proxy",23,627,167
"proxy",23,519,560
"proxy",23,172,581
"proxy",23,652,261
"proxy",23,145,682
"proxy",23,544,161
"proxy",23,668,490
"proxy",23,121,179
"proxy",23,181,282
"proxy",23,261,593
"proxy",23,69,213
"proxy",23,171,325
"proxy",23,613,8
"proxy",23,562,588
"proxy",23,402,343
"proxy",23,682,186
"proxy",23,328,304
"proxy",23,386,41
"proxy",23,198,668
"proxy",23,418,23
"proxy",23,138,572
"proxy",23,556,463
"proxy",23,548,176
"proxy",23,485,322
"proxy",23,626,227
"proxy",23,42,210
"proxy",23,336,444
"proxy",23,258,562
"proxy",23,398,238
"proxy",23,179,189
"proxy",23,47,197
"proxy",23,92,221
"proxy",23,187,633
"proxy",23,633,685
"proxy",23,298,694
"proxy",23,176,473
"proxy",23,450,646
"proxy",23,23,154
"proxy",23,66,156
"proxy",23,117,20
"proxy",23,515,434
"proxy",23,463,137
"proxy",23,506,314
"proxy",23,507,392
"proxy",23,259,13
"proxy",23,685,102
"proxy",23,434,274
"proxy",23,322,259
"proxy",23,473,445
"proxy",23,396,315
"proxy",23,137,643
"proxy",23,399,399
"proxy",23,55,54
"proxy",23,325,121
"proxy",23,252,286
"proxy",23,13,508
"proxy",23,694,511
"proxy",23,24,440
"proxy",23,148,519
"proxy",23,270,377
"proxy",23,186,97
"proxy",23,215,602
"proxy",23,392,371
"proxy",23,238,425
"proxy",23,377,177
"proxy",23,165,263
"proxy",23,8,283
"proxy",23,372,195
"proxy",23,560,545
"proxy",23,197,252
"proxy",23,565,298
"proxy",23,448,469
"proxy",23,315,196
"proxy",23,444,257
"proxy",23,156,129
"proxy",23,263,47
"proxy",23,602,270
"proxy",23,241,140
"proxy",23,508,586
"proxy",23,282,500
"proxy",23,14,396
"proxy",24,586,665
"proxy",24,100,231
"proxy",24,286,15
"proxy",24,371,179
"proxy",24,304,396
"proxy",24,210,298
"proxy",24,608,386
"proxy",24,127,533
"proxy",24,581,148
"proxy",24,621,227
"proxy",24,22,626
"proxy",24,257,140
"proxy",24,15,500
"proxy",24,27,185
"proxy",24,274,325
"proxy",24,643,322
"proxy",24,227,128
"proxy",24,231,252
"proxy",24,599,183
"proxy",24,160,189
"proxy",24,95,324
"proxy",24,102,343
"proxy",24,594,523
"proxy",24,314,286
"proxy",24,630,213
"proxy",24,154,490
"proxy",24,646,97
"proxy",24,545,418
"proxy",24,161,668
"proxy",24,313,528
"proxy",24,224,511
"proxy",24,189,221
"proxy",24,128,8
"proxy",24,445,38
"proxy",24,342,593
"proxy",24,97,315
"proxy",24,324,434
"proxy",24,479,176
"proxy",24,103,488
"proxy",24,140,556
"proxy",24,511,328
"proxy",24,421,283
"proxy",24,514,506
"proxy",24,405,674
"proxy",24,528,450
"proxy",24,517,282
"proxy",24,572,613
"proxy",24,50,261
"proxy",24,237,195
"proxy",24,622,685
"proxy",24,129,689
"proxy",24,579,586
"proxy",24,651,66
"proxy",24,462,515
"proxy",24,343,145
"proxy",24,533,599
"proxy",24,177,237
"proxy",24,185,519
"proxy",24,593,186
"proxy",24,147,28
"proxy",24,523,398
"proxy",24,28,646
"proxy",24,655,372
"proxy",24,167,594
"proxy",24,349,572
"proxy",24,41,274
"proxy",24,253,27
"proxy",24,54,160
"proxy",24,676,562
"proxy",24,558,382
"proxy",24,425,172
"proxy",24,283,167
"proxy",24,196,508
"proxy",24,674,165
"proxy",24,221,336
"proxy",24,665,371
"proxy",24,89,479
"proxy",24,446,652
"proxy",24,490,349
"proxy",24,689,448
"proxy",24,469,270
"proxy",24,20,469
"proxy",24,184,608
"proxy",24,500,377
"proxy",24,440,548
"proxy",24,628,421
"proxy",24,40,444
"proxy",24,382,263
"proxy",24,488,89
"proxy",24,183,392
"proxy",24,588,13
"proxy",24,38,241
"proxy",24,213,54
"proxy",24,195,161
"proxy",24,627,425
"proxy",24,519,92
"proxy",24,172,445
"proxy",24,652,257
"proxy",24,145,628
"proxy",24,544,507
"proxy",24,668,253
"proxy",24,121,147
"proxy",24,181,462
"proxy",24,261,100
"proxy",24,69,314
"proxy",24,171,156
"proxy",24,613,258
"proxy",24,562,215
"proxy",24,402,103
"proxy",24,682,627
"proxy",24,328,485
"proxy",24,386,517
"proxy",24,198,22
"proxy",24,418,399
"proxy",24,138,446
"proxy",24,556,117
"proxy",24,548,177
"proxy",24,485,129
"proxy",24,626,41
"proxy",24,42,545
"proxy",24,336,544
"proxy",24,258,20
"proxy",24,398,127
"proxy",24,179,121
"proxy",24,47,50
"proxy",24,92,313
"proxy",24,187,24
"proxy",24,633,342
"proxy",24,298,14
"proxy",24,176,643
"proxy",24,450,47
"proxy",24,23,579
"proxy",24,66,40
"proxy",24,117,259
"proxy",24,515,622
"proxy",24,463,440
"proxy",24,506,621
"proxy",24,507,210
"proxy",24,259,405
"proxy",24,685,633
"proxy",24,434,463
"proxy",24,322,198
"proxy",24,473,171
"proxy",24,396,694
"proxy",24,137,187
"proxy",24,399,630
"proxy",24,55,137
"proxy",24,325,655
"proxy",24,252,514
"proxy",24,13,304
"proxy",24,694,602
"proxy",24,24,154
"proxy",24,148,95
"proxy",24,270,560
"proxy",24,186,196
"proxy",24,215,224
"proxy",24,392,651
"proxy",24,238,197
"proxy",24,377,565
"proxy",24,165,473
"proxy",24,8,42
"proxy",24,372,588
"proxy",24,560,676
"proxy",24,197,581
"proxy",24,565,69
"proxy",24,448,23
"proxy",24,315,238
"proxy",24,444,138
"proxy",24,156,682
"proxy",24,263,55
"proxy",24,602,181
"proxy",24,241,558
"proxy",24,508,402
"proxy",24,282,184
"proxy",24,14,102
"proxy",25,586,176
"proxy",25,100,89
"proxy",25,286,315
"proxy",25,371,325
"proxy",25,304,121
"proxy",25,210,92
"proxy",25,608,652
"proxy",25,127,231
"proxy",25,581,213
"proxy",25,621,668
"proxy",25,22,97
"proxy",25,257,689
"proxy",25,15,445
"proxy",25,27,40
"proxy",25,274,665
"proxy",25,643,562
"proxy",25,227,103
"proxy",25,231,579
"proxy",25,599,514
"proxy",25,160,588
"proxy",25,95,382
"proxy",25,102,161
"proxy",25,594,258
"proxy",25,314,145
"proxy",25,630,621
"proxy",25,154,227
"proxy",25,646,434
"proxy",25,545,23
"proxy",25,161,165
"proxy",25,313,127
"proxy",25,224,14
"proxy",25,189,117
"proxy",25,128,545
"proxy",25,445,241
"proxy",25,342,187
"proxy",25,97,519
"proxy",25,324,286
"proxy",25,479,473
"proxy",25,103,599
"proxy",25,140,613
"proxy",25,511,304
"proxy",25,421,685
"proxy",25,514,215
"proxy",25,405,257
"proxy",25,528,560
"proxy",25,517,148
"proxy",25,572,405
"proxy",25,50,349
"proxy",25,237,627
"proxy",25,622,594
"proxy",25,129,324
"proxy",25,579,42
"proxy",25,651,100
"proxy",25,462,377
"proxy",25,343,196
"proxy",25,533,633
"proxy",25,177,179
"proxy",25,185,674
"proxy",25,593,643
"proxy",25,147,694
"proxy",25,523,515
"proxy",25,28,508
"proxy",25,655,398
"proxy",25,167,528
"proxy",25,349,479
"proxy",25,41,399
"proxy",25,253,507
"proxy",25,54,186
"proxy",25,676,500
"proxy",25,558,237
"proxy",25,425,274
"proxy",25,283,558
"proxy",25,196,160
"proxy",25,674,283
"proxy",25,221,28
"proxy",25,665,425
"proxy",25,89,626
"proxy",25,446,128
"proxy",25,490,137
"proxy",25,689,138
"proxy",25,469,171
"proxy",25,20,342
"proxy",25,184,55
"proxy",25,500,556
"proxy",25,440,102
"proxy",25,628,69
"proxy",25,40,210
"proxy",25,382,177
"proxy",25,488,8
"proxy",25,183,38
"proxy",25,588,282
"proxy",25,38,172
"proxy",25,213,263
"proxy",25,195,252
"proxy",25,627,602
"proxy",25,519,655
"proxy",25,172,253
"proxy",25,652,259
"proxy",25,145,314
"proxy",25,544,328
"proxy",25,668,261
"proxy",25,121,490
"proxy",25,181,224
"proxy",25,261,129
"proxy",25,69,469
"proxy",25,171,15
"proxy",25,613,195
"proxy",25,562,450
"proxy",25,402,544
"proxy",25,682,418
"proxy",25,328,533
"proxy",25,386,167
"proxy",25,198,402
"proxy",25,418,54
"proxy",25,138,396
"proxy",25,556,185
"proxy",25,548,565
"proxy",25,485,421
"proxy",25,626,517
"proxy",25,42,197
"proxy",25,336,189
"proxy",25,258,676
"proxy",25,398,488
"proxy",25,179,270
"proxy",25,47,586
"proxy",25,92,66
"proxy",25,187,181
"proxy",25,633,336
"proxy",25,298,646
"proxy",25,176,371
"proxy",25,450,630
"proxy",25,23,298
"proxy",25,66,47
"proxy",25,117,485
"proxy",25,515,27
"proxy",25,463,372
"proxy",25,506,608
"proxy",25,507,322
"proxy",25,259,682
"proxy",25,685,593
"proxy",25,434,506
"proxy",25,322,20
"proxy",25,473,24
"proxy",25,396,572
"proxy",25,137,651
"proxy",25,399,511
"proxy",25,55,343
"proxy",25,325,523
"proxy",25,252,198
"proxy",25,13,238
"proxy",25,694,463
"proxy",25,24,446
"proxy",25,148,448
"proxy",25,270,444
"proxy",25,186,41
"proxy",25,215,628
"proxy",25,392,440
"proxy",25,238,147
"proxy",25,377,548
"proxy",25,165,184
"proxy",25,8,156
"proxy",25,372,386
"proxy",25,560,622
"proxy",25,197,154
"proxy",25,565,462
"proxy",25,448,183
"proxy",25,315,392
"proxy",25,444,140
"proxy",25,156,313
"proxy",25,263,13
"proxy",25,602,95
"proxy",25,241,581
"proxy",25,508,50
"proxy",25,282,22
"proxy",25,14,221
"proxy",26,586,676
"proxy",26,100,562
"proxy",26,286,694
"proxy",26,371,140
"proxy",26,304,314
"proxy",26,210,372
"proxy",26,608,405
"proxy",26,127,689
"proxy",26,581,402
"proxy",26,621,581
"proxy",26,22,304
"proxy",26,257,154
"proxy",26,15,399
"proxy",26,27,179
"proxy",26,274,462
"proxy",26,643,215
"proxy",26,227,633
"proxy",26,231,198
"proxy",26,599,8
"proxy",26,160,14
"proxy",26,95,196
"proxy",26,102,28
"proxy",26,594,342
"proxy",26,314,336
"proxy",26,630,24
"proxy",26,154,221
"proxy",26,646,593
"proxy",26,545,386
"proxy",26,161,602
"proxy",26,313,189
"proxy",26,224,160
"proxy",26,189,274
"proxy",26,128,181
"proxy",26,445,588
"proxy",26,342,445
"proxy",26,97,643
"proxy",26,324,270
"proxy",26,479,41
"proxy",26,103,129
"proxy",26,140,418
"proxy",26,511,382
"proxy",26,421,195
"proxy",26,514,100
"proxy",26,405,40
"proxy",26,528,434
"proxy",26,517,137
"proxy",26,572,444
"proxy",26,50,128
"proxy",26,237,117
"proxy",26,622,544
"proxy",26,129,20
"proxy",26,579,685
"proxy",26,651,27
"proxy",26,462,517
"proxy",26,343,241
"proxy",26,533,450
"proxy",26,177,103
"proxy",26,185,506
"proxy",26,593,473
"proxy",26,147,500
"proxy",26,523,548
"proxy",26,28,626
"proxy",26,655,156
"proxy",26,167,186
"proxy",26,349,665
"proxy",26,41,23
"proxy",26,253,674
"proxy",26,54,257
"proxy",26,676,89
"proxy",26,558,50
"proxy",26,425,261
"proxy",26,283,213
"proxy",26,196,343
"proxy",26,674,628
"proxy",26,221,586
"proxy",26,665,511
"proxy",26,89,324
"proxy",26,446,651
"proxy",26,490,325
"proxy",26,689,425
"proxy",26,469,469
"proxy",26,20,298
"proxy",26,184,138
"proxy",26,500,145
"proxy",26,440,421
"proxy",26,628,148
"proxy",26,40,463
"proxy",26,382,533
"proxy",26,488,599
"proxy",26,183,528
"proxy",26,588,322
"proxy",26,38,608
"proxy",26,213,253
"proxy",26,195,313
"proxy",26,627,22
"proxy",26,519,184
"proxy",26,172,558
"proxy",26,652,183
"proxy",26,145,237
"proxy",26,544,398
"proxy",26,668,282
"proxy",26,121,38
"proxy",26,181,252
"proxy",26,261,185
"proxy",26,69,560
"proxy",26,171,147
"proxy",26,613,127
"proxy",26,562,238
"proxy",26,402,515
"proxy",26,682,121
"proxy",26,328,594
"proxy",26,386,258
"proxy",26,198,508
"proxy",26,418,171
"proxy",26,138,485
"proxy",26,556,259
"proxy",26,548,545
"proxy",26,485,488
"proxy",26,626,231
"proxy",26,42,627
"proxy",26,336,572
"proxy",26,258,579
"proxy",26,398,514
"proxy",26,179,95
"proxy",26,47,652
"proxy",26,92,565
"proxy",26,187,371
"proxy",26,633,507
"proxy",26,298,92
"proxy",26,176,622
"proxy",26,450,479
"proxy",26,23,165
"proxy",26,66,392
"proxy",26,117,224
"proxy",26,515,440
"proxy",26,463,102
"proxy",26,506,187
"proxy",26,507,655
"proxy",26,259,54
"proxy",26,685,448
"proxy",26,434,621
"proxy",26,322,377
"proxy",26,473,349
"proxy",26,396,13
"proxy",26,137,263
"proxy",26,399,97
"proxy",26,55,519
"proxy",26,325,523
"proxy",26,252,69
"proxy",26,13,613
"proxy",26,694,646
"proxy",26,24,286
"proxy",26,148,176
"proxy",26,270,210
"proxy",26,186,161
"proxy",26,215,15
"proxy",26,392,197
"proxy",26,238,396
"proxy",26,377,66
"proxy",26,165,172
"proxy",26,8,556
"proxy",26,372,490
"proxy",26,560,682
"proxy",26,197,630
"proxy",26,565,446
"proxy",26,448,227
"proxy",26,315,328
"proxy",26,444,315
"proxy",26,156,167
"proxy",26,263,177
"proxy",26,602,283
"proxy",26,241,47
"proxy",26,508,55
"proxy",26,282,668
"proxy",26,14,42
"proxy",27,586,40
"proxy",27,100,137
"proxy",27,286,440
"proxy",27,371,336
"proxy",27,304,160
"proxy",27,210,38
"proxy",27,608,224
"proxy",27,127,252
"proxy",27,581,519
"proxy",27,621,221
"proxy",27,22,682
"proxy",27,257,145
"proxy",27,15,446
"proxy",27,27,103
"proxy",27,274,172
"proxy",27,643,8
"proxy",27,227,129
"proxy",27,231,626
"proxy",27,599,572
"proxy",27,160,558
"proxy",27,95,674
"proxy",27,102,55
"proxy",27,594,599
"proxy",27,314,177
"proxy",27,630,161
"proxy",27,154,594
"proxy",27,646,500
"proxy",27,545,434
"proxy",27,161,473
"proxy",27,313,283
"proxy",27,224,665
"proxy",27,189,392
"proxy",27,128,261
"proxy",27,445,100
"proxy",27,342,69
"proxy",27,97,315
"proxy",27,324,313
"proxy",27,479,237
"proxy",27,103,322
"proxy",27,140,371
"proxy",27,511,685
"proxy",27,421,15
"proxy",27,514,418
"proxy",27,405,286
"proxy",27,528,622
"proxy",27,517,304
"proxy",27,572,506
"proxy",27,50,102
"proxy",27,237,325
"proxy",27,622,165
"proxy",27,129,399
"proxy",27,579,608
"proxy",27,651,186
"proxy",27,462,92
"proxy",27,343,148
"proxy",27,533,581
"proxy",27,177,187
"proxy",27,185,298
"proxy",27,593,382
"proxy",27,147,147
"proxy",27,523,117
"proxy",27,28,238
"proxy",27,655,342
"proxy",27,167,179
"proxy",27,349,398
"proxy",27,41,241
"proxy",27,253,197
"proxy",27,54,462
"proxy",27,676,181
"proxy",27,558,548
"proxy",27,425,507
"proxy",27,283,258
"proxy",27,196,479
"proxy",27,674,22
"proxy",27,221,343
"proxy",27,665,643
"proxy",27,89,253
"proxy",27,446,47
"proxy",27,490,588
"proxy",27,689,274
"proxy",27,469,602
"proxy",27,20,196
"proxy",27,184,189
"proxy",27,500,514
"proxy",27,440,154
"proxy",27,628,586
"proxy",27,40,655
"proxy",27,382,593
"proxy",27,488,517
"proxy",27,183,377
"proxy",27,588,628
"proxy",27,38,560
"proxy",27,213,14
"proxy",27,195,128
"proxy",27,627,184
"proxy",27,519,185
"proxy",27,172,533
"proxy",27,652,668
"proxy",27,145,215
"proxy",27,544,127
"proxy",27,668,421
"proxy",27,121,198
"proxy",27,181,508
"proxy",27,261,627
"proxy",27,69,349
"proxy",27,171,405
"proxy",27,613,425
"proxy",27,562,314
"proxy",27,402,138
"proxy",27,682,140
"proxy",27,328,463
"proxy",27,386,450
"proxy",27,198,515
"proxy",27,418,511
"proxy",27,138,324
"proxy",27,556,89
"proxy",27,548,54
"proxy",27,485,210
"proxy",27,626,13
"proxy",27,42,445
"proxy",27,336,28
"proxy",27,258,485
"proxy",27,398,97
"proxy",27,179,263
"proxy",27,47,633
"proxy",27,92,20
"proxy",27,187,121
"proxy",27,633,270
"proxy",27,298,24
"proxy",27,176,50
"proxy",27,450,490
"proxy",27,23,176
"proxy",27,66,651
"proxy",27,117,694
"proxy",27,515,183
"proxy",27,463,42
"proxy",27,506,444
"proxy",27,507,27
"proxy",27,259,66
"proxy",27,685,328
"proxy",27,434,23
"proxy",27,322,621
"proxy",27,473,689
"proxy",27,396,646
"proxy",27,137,259
"proxy",27,399,171
"proxy",27,55,156
"proxy",27,325,562
"proxy",27,252,544
"proxy",27,13,469
"proxy",27,694,556
"proxy",27,24,95
"proxy",27,148,545
"proxy",27,270,282
"proxy",27,186,579
"proxy",27,215,652
"proxy",27,392,372
"proxy",27,238,565
"proxy",27,377,402
"proxy",27,165,167
"proxy",27,8,613
"proxy",27,372,386
"proxy",27,560,227
"proxy",27,197,676
"proxy",27,565,528
"proxy",27,448,523
"proxy",27,315,41
"proxy",27,444,195
"proxy",27,156,396
"proxy",27,263,257
"proxy",27,602,488
"proxy",27,241,231
"proxy",27,508,630
"proxy",27,282,213
"proxy",27,14,448
"proxy",28,586,15
"proxy",28,100,517
"proxy",28,286,241
"proxy",28,371,560
"proxy",28,304,28
"proxy",28,210,69
"proxy",28,608,171
"proxy",28,127,652
"proxy",28,581,160
"proxy",28,621,227
"proxy",28,22,270
"proxy",28,257,128
"proxy",28,15,283
"proxy",28,27,674
"proxy",28,274,651
"proxy",28,643,440
"proxy",28,227,444
"proxy",28,231,628
"proxy",28,599,507
"proxy",28,160,161
"proxy",28,95,41
"proxy",28,102,562
"proxy",28,594,184
"proxy",28,314,511
"proxy",28,630,263
"proxy",28,154,185
"proxy",28,646,500
"proxy",28,545,533
"proxy",28,161,627
"proxy",28,313,336
"proxy",28,224,50
"proxy",28,189,274
"proxy",28,128,343
"proxy",28,445,40
"proxy",28,342,304
"proxy",28,97,315
"proxy",28,324,682
"proxy",28,479,646
"proxy",28,103,257
"proxy",28,140,140
"proxy",28,511,313
"proxy",28,421,42
"proxy",28,514,586
"proxy",28,405,622
"proxy",28,528,186
"proxy",28,517,22
"proxy",28,572,54
"proxy",28,50,386
"proxy",28,237,445
"proxy",28,622,371
"proxy",28,129,121
"proxy",28,579,137
"proxy",28,651,55
"proxy",28,462,506
"proxy",28,343,613
"proxy",28,533,621
"proxy",28,177,258
"proxy",28,185,196
"proxy",28,593,189
"proxy",28,147,165
"proxy",28,523,581
"proxy",28,28,286
"proxy",28,655,579
"proxy",28,167,556
"proxy",28,349,252
"proxy",28,41,95
"proxy",28,253,558
"proxy",28,54,593
"proxy",28,676,259
"proxy",28,558,237
"proxy",28,425,154
"proxy",28,283,195
"proxy",28,196,392
"proxy",28,674,325
"proxy",28,221,398
"proxy",28,665,689
"proxy",28,89,8
"proxy",28,446,519
"proxy",28,490,469
"proxy",28,689,342
"proxy",28,469,117
"proxy",28,20,89
"proxy",28,184,224
"proxy",28,500,213
"proxy",28,440,92
"proxy",28,628,382
"proxy",28,40,490
"proxy",28,382,38
"proxy",28,488,565
"proxy",28,183,187
"proxy",28,588,221
"proxy",28,38,418
"proxy",28,213,399
"proxy",28,195,322
"proxy",28,627,13
"proxy",28,519,479
"proxy",28,172,20
"proxy",28,652,396
"proxy",28,145,177
"proxy",28,544,147
"proxy",28,668,167
"proxy",28,121,602
"proxy",28,181,156
"proxy",28,261,198
"proxy",28,69,608
"proxy",28,171,324
"proxy",28,613,488
"proxy",28,562,314
"proxy",28,402,231
"proxy",28,682,523
"proxy",28,328,694
"proxy",28,386,377
"proxy",28,198,643
"proxy",28,418,485
"proxy",28,138,633
"proxy",28,556,626
"proxy",28,548,434
"proxy",28,485,425
"proxy",28,626,514
"proxy",28,42,572
"proxy",28,336,421
"proxy",28,258,197
"proxy",28,398,298
"proxy",28,179,450
"proxy",28,47,462
"proxy",28,92,100
"proxy",28,187,282
"proxy",28,633,238
"proxy",28,298,183
"proxy",28,176,630
"proxy",28,450,261
"proxy",28,23,544
"proxy",28,66,372
"proxy",28,117,402
"proxy",28,515,14
"proxy",28,463,102
"proxy",28,506,349
"proxy",28,507,97
"proxy",28,259,655
"proxy",28,685,328
"proxy",28,434,668
"proxy",28,322,594
"proxy",28,473,508
"proxy",28,396,148
"proxy",28,137,23
"proxy",28,399,685
"proxy",28,55,253
"proxy",28,325,588
"proxy",28,252,473
"proxy",28,13,446
"proxy",28,694,127
"proxy",28,24,545
"proxy",28,148,179
"proxy",28,270,145
"proxy",28,186,210
"proxy",28,215,215
"proxy",28,392,181
"proxy",28,238,66
"proxy",28,377,103
"proxy",28,165,24
"proxy",28,8,676
"proxy",28,372,528
"proxy",28,560,138
"proxy",28,197,548
"proxy",28,565,463
"proxy",28,448,665
"proxy",28,315,448
"proxy",28,444,515
"proxy",28,156,176
"proxy",28,263,599
"proxy",28,602,27
"proxy",28,241,172
"proxy",28,508,405
"proxy",28,282,47
"proxy",28,14,129
"proxy",29,586,184
"proxy",29,100,282
"proxy",29,286,533
"proxy",29,371,342
"proxy",29,304,581
"proxy",29,210,13
"proxy",29,608,161
"proxy",29,127,646
"proxy",29,581,372
"proxy",29,621,633
"proxy",29,22,674
"proxy",29,257,241
"proxy",29,15,148
"proxy",29,27,237
"proxy",29,274,261
"proxy",29,643,630
"proxy",29,227,421
"proxy",29,231,176
"proxy",29,599,270
"proxy",29,160,154
"proxy",29,95,621
"proxy",29,102,545
"proxy",29,594,187
"proxy",29,314,343
"proxy",29,630,588
"proxy",29,154,181
"proxy",29,646,22
"proxy",29,545,594
"proxy",29,161,210
"proxy",29,313,328
"proxy",29,224,172
"proxy",29,189,283
"proxy",29,128,336
"proxy",29,445,398
"proxy",29,342,479
"proxy",29,97,462
"proxy",29,324,15
"proxy",29,479,103
"proxy",29,103,38
"proxy",29,140,544
"proxy",29,511,40
"proxy",29,421,425
"proxy",29,514,129
"proxy",29,405,418
"proxy",29,528,179
"proxy",29,517,23
"proxy",29,572,593
"proxy",29,50,253
"proxy",29,237,315
"proxy",29,622,622
"proxy",29,129,626
"proxy",29,579,325
"proxy",29,651,399
"proxy",29,462,463
"proxy",29,343,24
"proxy",29,533,137
"proxy",29,177,102
"proxy",29,185,54
"proxy",29,593,627
"proxy",29,147,167
"proxy",29,523,298
"proxy",29,28,195
"proxy",29,655,160
"proxy",29,167,41
"proxy",29,349,528
"proxy",29,41,197
"proxy",29,253,613
"proxy",29,54,27
"proxy",29,676,402
"proxy",29,558,165
"proxy",29,425,556
"proxy",29,283,231
"proxy",29,196,558
"proxy",29,674,682
"proxy",29,221,685
"proxy",29,665,258
"proxy",29,89,511
"proxy",29,446,28
"proxy",29,490,579
"proxy",29,689,252
"proxy",29,469,92
"proxy",29,20,147
"proxy",29,184,145
"proxy",29,500,127
"proxy",29,440,434
"proxy",29,628,517
"proxy",29,40,314
"proxy",29,382,89
"proxy",29,488,257
"proxy",29,183,643
"proxy",29,588,95
"proxy",29,38,599
"proxy",29,213,274
"proxy",29,195,227
"proxy",29,627,8
"proxy",29,519,655
"proxy",29,172,445
"proxy",29,652,488
"proxy",29,145,562
"proxy",29,544,324
"proxy",29,668,689
"proxy",29,121,382
"proxy",29,181,304
"proxy",29,261,138
"proxy",29,69,47
"proxy",29,171,572
"proxy",29,613,140
"proxy",29,562,117
"proxy",29,402,396
"proxy",29,682,196
"proxy",29,328,386
"proxy",29,386,66
"proxy",29,198,405
"proxy",29,418,565
"proxy",29,138,523
"proxy",29,556,349
"proxy",29,548,97
"proxy",29,485,628
"proxy",29,626,515
"proxy",29,42,224
"proxy",29,336,313
"proxy",29,258,448
"proxy",29,398,20
"proxy",29,179,602
"proxy",29,47,171
"proxy",29,92,652
"proxy",29,187,508
"proxy",29,633,286
"proxy",29,298,450
"proxy",29,176,490
"proxy",29,450,322
"proxy",29,23,519
"proxy",29,66,371
"proxy",29,117,668
"proxy",29,515,186
"proxy",29,463,651
"proxy",29,506,259
"proxy",29,507,665
"proxy",29,259,156
"proxy",29,685,500
"proxy",29,434,440
"proxy",29,322,177
"proxy",29,473,694
"proxy",29,396,238
"proxy",29,137,485
"proxy",29,399,506
"proxy",29,55,213
"proxy",29,325,42
"proxy",29,252,392
"proxy",29,13,189
"proxy",29,694,198
"proxy",29,24,377
"proxy",29,148,50
"proxy",29,270,100
"proxy",29,186,14
"proxy",29,215,469
"proxy",29,392,586
"proxy",29,238,473
"proxy",29,377,676
"proxy",29,165,69
"proxy",29,8,128
"proxy",29,372,548
"proxy",29,560,446
"proxy",29,197,608
"proxy",29,565,185
"proxy",29,448,183
"proxy",29,315,215
"proxy",29,444,507
"proxy",29,156,221
"proxy",29,263,121
"proxy",29,602,514
"proxy",29,241,560
"proxy",29,508,444
"proxy",29,282,263
"proxy",29,14,55
"proxy",30,586,282
"proxy",30,100,183
"proxy",30,286,198
"proxy",30,371,613
"proxy",30,304,560
"proxy",30,210,304
"proxy",30,608,398
"proxy",30,127,215
"proxy",30,581,544
"proxy",30,621,506
"proxy",30,22,148
"proxy",30,257,579
"proxy",30,15,633
"proxy",30,27,507
"proxy",30,274,185
"proxy",30,643,196
"proxy",30,227,490
"proxy",30,231,23
"proxy",30,599,515
"proxy",30,160,608
"proxy",30,95,195
"proxy",30,102,446
"proxy",30,594,97
"proxy",30,314,328
"proxy",30,630,92
"proxy",30,154,197
"proxy",30,646,259
"proxy",30,545,274
"proxy",30,161,488
"proxy",30,313,160
"proxy",30,224,221
"proxy",30,189,371
"proxy",30,128,508
"proxy",30,445,54
"proxy",30,342,694
"proxy",30,97,689
"proxy",30,324,324
"proxy",30,479,171
"proxy",30,103,343
"proxy",30,140,156
"proxy",30,511,103
"proxy",30,421,69
"proxy",30,514,313
"proxy",30,405,519
"proxy",30,528,154
"proxy",30,517,50
"proxy",30,572,241
"proxy",30,50,258
"proxy",30,237,621
"proxy",30,622,418
"proxy",30,129,646
"proxy",30,579,127
"proxy",30,651,322
"proxy",30,462,314
"proxy",30,343,20
"proxy",30,533,263
"proxy",30,177,336
"proxy",30,185,628
"proxy",30,593,562
"proxy",30,147,24
"proxy",30,523,581
"proxy",30,28,138
"proxy",30,655,377
"proxy",30,167,588
"proxy",30,349,511
"proxy",30,41,565
"proxy",30,253,469
"proxy",30,54,500
"proxy",30,676,231
"proxy",30,558,545
"proxy",30,425,237
"proxy",30,283,485
"proxy",30,196,147
"proxy",30,674,177
"proxy",30,221,27
"proxy",30,665,685
"proxy",30,89,179
"proxy",30,446,186
"proxy",30,490,462
"proxy",30,689,622
"proxy",30,469,95
"proxy",30,20,665
"proxy",30,184,89
"proxy",30,500,440
"proxy",30,440,137
"proxy",30,628,181
"proxy",30,40,28
"proxy",30,382,283
"proxy",30,488,224
"proxy",30,183,102
"proxy",30,588,121
"proxy",30,38,38
"proxy",30,213,682
"proxy",30,195,40
"proxy",30,627,602
"proxy",30,519,253
"proxy",30,172,161
"proxy",30,652,128
"proxy",30,145,145
"proxy",30,544,517
"proxy",30,668,117
"proxy",30,121,523
"proxy",30,181,392
"proxy",30,261,668
"proxy",30,69,651
"proxy",30,171,396
"proxy",30,613,22
"proxy",30,562,533
"proxy",30,402,445
"proxy",30,682,213
"proxy",30,328,8
"proxy",30,386,558
"proxy",30,198,252
"proxy",30,418,556
"proxy",30,138,674
"proxy",30,556,42
"proxy",30,548,655
"proxy",30,485,425
"proxy",30,626,129
"proxy",30,42,210
"proxy",30,336,626
"proxy",30,258,548
"proxy",30,398,13
"proxy",30,179,15
"proxy",30,47,100
"proxy",30,92,176
"proxy",30,187,382
"proxy",30,633,594
"proxy",30,298,586
"proxy",30,176,41
"proxy",30,450,627
"proxy",30,23,372
"proxy",30,66,257
"proxy",30,117,55
"proxy",30,515,402
"proxy",30,463,434
"proxy",30,506,342
"proxy",30,507,140
"proxy",30,259,270
"proxy",30,685,448
"proxy",30,434,676
"proxy",30,322,238
"proxy",30,473,261
"proxy",30,396,572
"proxy",30,137,315
"proxy",30,399,14
"proxy",30,55,479
"proxy",30,325,405
"proxy",30,252,349
"proxy",30,13,286
"proxy",30,694,187
"proxy",30,24,47
"proxy",30,148,298
"proxy",30,270,227
"proxy",30,186,514
"proxy",30,215,66
"proxy",30,392,473
"proxy",30,238,528
"proxy",30,377,630
"proxy",30,165,444
"proxy",30,8,599
"proxy",30,372,172
"proxy",30,560,421
"proxy",30,197,450
"proxy",30,565,643
"proxy",30,448,399
"proxy",30,315,189
"proxy",30,444,593
"proxy",30,156,165
"proxy",30,263,167
"proxy",30,602,184
"proxy",30,241,325
"proxy",30,508,386
"proxy",30,282,463
"proxy",30,14,652
"modifier",1,586,613
"modifier",1,100,227
"modifier",1,286,8
"modifier",1,371,581
"modifier",1,304,274
"modifier",1,210,138
"modifier",1,608,237
"modifier",1,127,177
"modifier",1,581,160
"modifier",1,621,97
"modifier",1,22,263
"modifier",1,257,533
"modifier",1,15,185
"modifier",1,27,440
"modifier",1,274,171
"modifier",1,643,186
"modifier",1,227,445
"modifier",1,231,215
"modifier",1,599,382
"modifier",1,160,197
"modifier",1,95,121
"modifier",1,102,342
"modifier",1,594,349
"modifier",1,314,41
"modifier",1,630,562
"modifier",1,154,179
"modifier",1,646,325
"modifier",1,545,646
"modifier",1,161,508
"modifier",1,313,463
"modifier",1,224,425
"modifier",1,189,210
"modifier",1,128,444
"modifier",1,445,485
"modifier",1,342,421
"modifier",1,97,55
"modifier",1,324,602
"modifier",1,479,682
"modifier",1,103,599
"modifier",1,140,257
"modifier",1,511,304
"modifier",1,421,594
"modifier",1,514,15
"modifier",1,405,651
"modifier",1,528,500
"modifier",1,517,261
"modifier",1,572,674
"modifier",1,50,22
"modifier",1,237,371
"modifier",1,622,95
"modifier",1,129,586
"modifier",1,579,184
"modifier",1,651,565
"modifier",1,462,213
"modifier",1,343,92
"modifier",1,533,398
"modifier",1,177,148
"modifier",1,185,507
"modifier",1,593,258
"modifier",1,147,558
"modifier",1,523,473
"modifier",1,28,560
"modifier",1,655,517
"modifier",1,167,69
"modifier",1,349,40
"modifier",1,41,668
"modifier",1,253,685
"modifier",1,54,665
"modifier",1,676,511
"modifier",1,558,156
"modifier",1,425,196
"modifier",1,283,523
"modifier",1,196,392
"modifier",1,674,627
"modifier",1,221,434
"modifier",1,665,189
"modifier",1,89,405
"modifier",1,446,28
"modifier",1,490,253
"modifier",1,689,198
"modifier",1,469,462
"modifier",1,20,27
"modifier",1,184,47
"modifier",1,500,377
"modifier",1,440,519
"modifier",1,628,548
"modifier",1,40,298
"modifier",1,382,448
"modifier",1,488,117
"modifier",1,183,187
"modifier",1,588,195
"modifier",1,38,608
"modifier",1,213,313
"modifier",1,195,286
"modifier",1,627,231
"modifier",1,519,643
"modifier",1,172,145
"modifier",1,652,103
"modifier",1,145,621
"modifier",1,544,324
"modifier",1,668,633
"modifier",1,121,418
"modifier",1,181,100
"modifier",1,261,282
"modifier",1,69,66
"modifier",1,171,161
"modifier",1,613,172
"modifier",1,562,694
"modifier",1,402,23
"modifier",1,682,154
"modifier",1,328,252
"modifier",1,386,147
"modifier",1,198,399
"modifier",1,418,128
"modifier",1,138,336
"modifier",1,556,506
"modifier",1,548,38
"modifier",1,485,652
"modifier",1,626,689
"modifier",1,42,450
"modifier",1,336,545
"modifier",1,258,593
"modifier",1,398,129
"modifier",1,179,372
"modifier",1,47,140
"modifier",1,92,224
"modifier",1,187,127
"modifier",1,633,259
"modifier",1,298,655
"modifier",1,176,446
"modifier",1,450,315
"modifier",1,23,514
"modifier",1,66,469
"modifier",1,117,24
"modifier",1,515,20
"modifier",1,463,544
"modifier",1,506,588
"modifier",1,507,13
"modifier",1,259,626
"modifier",1,685,89
"modifier",1,434,676
"modifier",1,322,165
"modifier",1,473,396
"modifier",1,396,579
"modifier",1,137,628
"modifier",1,399,102
"modifier",1,55,221
"modifier",1,325,328
"modifier",1,252,490
"modifier",1,13,14
"modifier",1,694,630
"modifier",1,24,42
"modifier",1,148,572
"modifier",1,270,238
"modifier",1,186,183
"modifier",1,215,343
"modifier",1,392,167
"modifier",1,238,50
"modifier",1,377,479
"modifier",1,165,283
"modifier",1,8,528
"modifier",1,372,515
"modifier",1,560,54
"modifier",1,197,322
"modifier",1,565,314
"modifier",1,448,386
"modifier",1,315,137
"modifier",1,444,241
"modifier",1,156,176
"modifier",1,263,402
"modifier",1,602,488
"modifier",1,241,181
"modifier",1,508,270
"modifier",1,282,556
"modifier",1,14,622
"modifier",2,586,15
"modifier",2,100,184
"modifier",2,286,324
"modifier",2,371,165
"modifier",2,304,448
"modifier",2,210,92
"modifier",2,608,462
"modifier",2,127,628
"modifier",2,581,507
"modifier",2,621,473
"modifier",2,22,572
"modifier",2,257,42
"modifier",2,15,100
"modifier",2,27,198
"modifier",2,274,630
"modifier",2,643,195
"modifier",2,227,685
"modifier",2,231,97
"modifier",2,599,533
"modifier",2,160,622
"modifier",2,95,621
"modifier",2,102,322
"modifier",2,594,560
"modifier",2,314,210
"modifier",2,630,41
"modifier",2,154,676
"modifier",2,646,270
"modifier",2,545,548
"modifier",2,161,121
"modifier",2,313,28
"modifier",2,224,599
"modifier",2,189,608
"modifier",2,128,286
"modifier",2,445,445
"modifier",2,342,129
"modifier",2,97,38
"modifier",2,324,161
"modifier",2,479,103
"modifier",2,103,668
"modifier",2,140,506
"modifier",2,511,160
"modifier",2,421,343
"modifier",2,514,259
"modifier",2,405,565
"modifier",2,528,183
"modifier",2,517,177
"modifier",2,572,593
"modifier",2,50,386
"modifier",2,237,689
"modifier",2,622,444
"modifier",2,129,440
"modifier",2,579,558
"modifier",2,651,626
"modifier",2,462,500
"modifier",2,343,517
"modifier",2,533,665
"modifier",2,177,47
"modifier",2,185,371
"modifier",2,593,55
"modifier",2,147,425
"modifier",2,523,181
"modifier",2,28,544
"modifier",2,655,336
"modifier",2,167,399
"modifier",2,349,396
"modifier",2,41,342
"modifier",2,253,304
"modifier",2,54,147
"modifier",2,676,22
"modifier",2,558,138
"modifier",2,425,252
"modifier",2,283,694
"modifier",2,196,50
"modifier",2,674,221
"modifier",2,221,263
"modifier",2,665,523
"modifier",2,89,328
"modifier",2,446,189
"modifier",2,490,528
"modifier",2,689,54
"modifier",2,469,392
"modifier",2,20,450
"modifier",2,184,27
"modifier",2,500,418
"modifier",2,440,117
"modifier",2,628,137
"modifier",2,40,258
"modifier",2,382,545
"modifier",2,488,349
"modifier",2,183,231
"modifier",2,588,514
"modifier",2,38,463
"modifier",2,213,241
"modifier",2,195,215
"modifier",2,627,398
"modifier",2,519,402
"modifier",2,172,237
"modifier",2,652,315
"modifier",2,145,172
"modifier",2,544,14
"modifier",2,668,646
"modifier",2,121,95
"modifier",2,181,519
"modifier",2,261,643
"modifier",2,69,66
"modifier",2,171,196
"modifier",2,613,156
"modifier",2,562,257
"modifier",2,402,562
"modifier",2,682,579
"modifier",2,328,154
"modifier",2,386,213
"modifier",2,198,187
"modifier",2,418,89
"modifier",2,138,40
"modifier",2,556,469
"modifier",2,548,298
"modifier",2,485,282
"modifier",2,626,602
"modifier",2,42,382
"modifier",2,336,171
"modifier",2,258,613
"modifier",2,398,313
"modifier",2,179,253
"modifier",2,47,515
"modifier",2,92,185
"modifier",2,187,140
"modifier",2,633,651
"modifier",2,298,485
"modifier",2,176,479
"modifier",2,450,434
"modifier",2,23,148
"modifier",2,66,581
"modifier",2,117,377
"modifier",2,515,274
"modifier",2,463,594
"modifier",2,506,167
"modifier",2,507,488
"modifier",2,259,197
"modifier",2,685,238
"modifier",2,434,20
"modifier",2,322,8
"modifier",2,473,179
"modifier",2,396,511
"modifier",2,137,102
"modifier",2,399,283
"modifier",2,55,508
"modifier",2,325,314
"modifier",2,252,655
"modifier",2,13,633
"modifier",2,694,421
"modifier",2,24,13
"modifier",2,148,586
"modifier",2,270,372
"modifier",2,186,69
"modifier",2,215,446
"modifier",2,392,224
"modifier",2,238,145
"modifier",2,377,490
"modifier",2,165,261
"modifier",2,8,588
"modifier",2,372,186
"modifier",2,560,23
"modifier",2,197,227
"modifier",2,565,127
"modifier",2,448,556
"modifier",2,315,674
"modifier",2,444,652
"modifier",2,156,24
"modifier",2,263,627
"modifier",2,602,405
"modifier",2,241,176
"modifier",2,508,682
"modifier",2,282,325
"modifier",2,14,128
"modifier",3,586,261
"modifier",3,100,147
"modifier",3,286,102
"modifier",3,371,676
"modifier",3,304,399
"modifier",3,210,462
"modifier",3,608,602
"modifier",3,127,95
"modifier",3,581,231
"modifier",3,621,633
"modifier",3,22,434
"modifier",3,257,533
"modifier",3,15,643
"modifier",3,27,506
"modifier",3,274,514
"modifier",3,643,304
"modifier",3,227,8
"modifier",3,231,28
"modifier",3,599,138
"modifier",3,160,238
"modifier",3,95,259
"modifier",3,102,322
"modifier",3,594,92
"modifier",3,314,263
"modifier",3,630,197
"modifier",3,154,154
"modifier",3,646,121
"modifier",3,545,682
"modifier",3,161,515
"modifier",3,313,181
"modifier",3,224,581
"modifier",3,189,565
"modifier",3,128,405
"modifier",3,445,324
"modifier",3,342,165
"modifier",3,97,156
"modifier",3,324,283
"modifier",3,479,377
"modifier",3,103,402
"modifier",3,140,626
"modifier",3,511,42
"modifier",3,421,171
"modifier",3,514,325
"modifier",3,405,694
"modifier",3,528,47
"modifier",3,517,446
"modifier",3,572,558
"modifier",3,50,41
"modifier",3,237,97
"modifier",3,622,140
"modifier",3,129,20
"modifier",3,579,523
"modifier",3,651,627
"modifier",3,462,195
"modifier",3,343,137
"modifier",3,533,342
"modifier",3,177,40
"modifier",3,185,315
"modifier",3,593,161
"modifier",3,147,50
"modifier",3,523,103
"modifier",3,28,286
"modifier",3,655,349
"modifier",3,167,100
"modifier",3,349,548
"modifier",3,41,198
"modifier",3,253,517
"modifier",3,54,479
"modifier",3,676,511
"modifier",3,558,252
"modifier",3,425,469
"modifier",3,283,594
"modifier",3,196,382
"modifier",3,674,646
"modifier",3,221,22
"modifier",3,665,224
"modifier",3,89,444
"modifier",3,446,183
"modifier",3,490,127
"modifier",3,689,398
"modifier",3,469,27
"modifier",3,20,221
"modifier",3,184,556
"modifier",3,500,448
"modifier",3,440,241
"modifier",3,628,613
"modifier",3,40,38
"modifier",3,382,336
"modifier",3,488,562
"modifier",3,183,508
"modifier",3,588,396
"modifier",3,38,622
"modifier",3,213,69
"modifier",3,195,66
"modifier",3,627,24
"modifier",3,519,196
"modifier",3,172,167
"modifier",3,652,588
"modifier",3,145,463
"modifier",3,544,54
"modifier",3,668,13
"modifier",3,121,55
"modifier",3,181,586
"modifier",3,261,655
"modifier",3,69,651
"modifier",3,171,386
"modifier",3,613,160
"modifier",3,562,282
"modifier",3,402,128
"modifier",3,682,343
"modifier",3,328,440
"modifier",3,386,371
"modifier",3,198,490
"modifier",3,418,186
"modifier",3,138,674
"modifier",3,556,545
"modifier",3,548,328
"modifier",3,485,129
"modifier",3,626,298
"modifier",3,42,15
"modifier",3,336,148
"modifier",3,258,579
"modifier",3,398,685
"modifier",3,179,184
"modifier",3,47,507
"modifier",3,92,485
"modifier",3,187,572
"modifier",3,633,253
"modifier",3,298,237
"modifier",3,176,608
"modifier",3,450,630
"modifier",3,23,176
"modifier",3,66,500
"modifier",3,117,519
"modifier",3,515,213
"modifier",3,463,668
"modifier",3,506,172
"modifier",3,507,621
"modifier",3,259,145
"modifier",3,685,689
"modifier",3,434,258
"modifier",3,322,372
"modifier",3,473,314
"modifier",3,396,257
"modifier",3,137,210
"modifier",3,399,488
"modifier",3,55,185
"modifier",3,325,179
"modifier",3,252,665
"modifier",3,13,425
"modifier",3,694,473
"modifier",3,24,560
"modifier",3,148,177
"modifier",3,270,392
"modifier",3,186,628
"modifier",3,215,270
"modifier",3,392,274
"modifier",3,238,544
"modifier",3,377,14
"modifier",3,165,215
"modifier",3,8,652
"modifier",3,372,593
"modifier",3,560,528
"modifier",3,197,89
"modifier",3,565,187
"modifier",3,448,445
"modifier",3,315,418
"modifier",3,444,117
"modifier",3,156,227
"modifier",3,263,599
"modifier",3,602,450
"modifier",3,241,313
"modifier",3,508,421
"modifier",3,282,189
"modifier",3,14,23
"modifier",4,586,213
"modifier",4,100,47
"modifier",4,286,15
"modifier",4,371,517
"modifier",4,304,176
"modifier",4,210,446
"modifier",4,608,325
"modifier",4,127,54
"modifier",4,581,328
"modifier",4,621,177
"modifier",4,22,8
"modifier",4,257,41
"modifier",4,15,263
"modifier",4,27,195
"modifier",4,274,198
"modifier",4,643,462
"modifier",4,227,581
"modifier",4,231,558
"modifier",4,599,27
"modifier",4,160,24
"modifier",4,95,594
"modifier",4,102,523
"modifier",4,594,97
"modifier",4,314,258
"modifier",4,630,100
"modifier",4,154,479
"modifier",4,646,215
"modifier",4,545,313
"modifier",4,161,259
"modifier",4,313,304
"modifier",4,224,628
"modifier",4,189,500
"modifier",4,128,50
"modifier",4,445,402
"modifier",4,342,314
"modifier",4,97,324
"modifier",4,324,511
"modifier",4,479,450
"modifier",4,103,602
"modifier",4,140,22
"modifier",4,511,237
"modifier",4,421,129
"modifier",4,514,55
"modifier",4,405,469
"modifier",4,528,210
"modifier",4,517,514
"modifier",4,572,160
"modifier",4,50,154
"modifier",4,237,676
"modifier",4,622,425
"modifier",4,129,181
"modifier",4,579,23
"modifier",4,651,588
"modifier",4,462,621
"modifier",4,343,231
"modifier",4,533,515
"modifier",4,177,185
"modifier",4,185,128
"modifier",4,593,630
"modifier",4,147,117
"modifier",4,523,545
"modifier",4,28,270
"modifier",4,655,89
"modifier",4,167,224
"modifier",4,349,633
"modifier",4,41,184
"modifier",4,253,488
"modifier",4,54,622
"modifier",4,676,565
"modifier",4,558,95
"modifier",4,425,418
"modifier",4,283,519
"modifier",4,196,405
"modifier",4,674,241
"modifier",4,221,689
"modifier",4,665,171
"modifier",4,89,508
"modifier",4,446,473
"modifier",4,490,196
"modifier",4,689,197
"modifier",4,469,172
"modifier",4,20,533
"modifier",4,184,40
"modifier",4,500,261
"modifier",4,440,556
"modifier",4,628,161
"modifier",4,40,463
"modifier",4,382,286
"modifier",4,488,399
"modifier",4,183,42
"modifier",4,588,187
"modifier",4,38,156
"modifier",4,213,613
"modifier",4,195,372
"modifier",4,627,165
"modifier",4,519,167
"modifier",4,172,349
"modifier",4,652,572
"modifier",4,145,560
"modifier",4,544,490
"modifier",4,668,315
"modifier",4,121,485
"modifier",4,181,14
"modifier",4,261,298
"modifier",4,69,506
"modifier",4,171,665
"modifier",4,613,562
"modifier",4,562,655
"modifier",4,402,102
"modifier",4,682,396
"modifier",4,328,238
"modifier",4,386,668
"modifier",4,198,186
"modifier",4,418,646
"modifier",4,138,507
"modifier",4,556,444
"modifier",4,548,548
"modifier",4,485,121
"modifier",4,626,28
"modifier",4,42,652
"modifier",4,336,253
"modifier",4,258,440
"modifier",4,398,371
"modifier",4,179,145
"modifier",4,47,252
"modifier",4,92,227
"modifier",4,187,579
"modifier",4,633,392
"modifier",4,298,627
"modifier",4,176,137
"modifier",4,450,103
"modifier",4,23,342
"modifier",4,66,608
"modifier",4,117,343
"modifier",4,515,377
"modifier",4,463,257
"modifier",4,506,13
"modifier",4,507,694
"modifier",4,259,599
"modifier",4,685,685
"modifier",4,434,336
"modifier",4,322,398
"modifier",4,473,445
"modifier",4,396,674
"modifier",4,137,92
"modifier",4,399,69
"modifier",4,55,434
"modifier",4,325,593
"modifier",4,252,38
"modifier",4,13,282
"modifier",4,694,274
"modifier",4,24,221
"modifier",4,148,626
"modifier",4,270,183
"modifier",4,186,20
"modifier",4,215,528
"modifier",4,392,147
"modifier",4,238,179
"modifier",4,377,586
"modifier",4,165,382
"modifier",4,8,643
"modifier",4,372,189
"modifier",4,560,138
"modifier",4,197,283
"modifier",4,565,682
"modifier",4,448,651
"modifier",4,315,148
"modifier",4,444,386
"modifier",4,156,140
"modifier",4,263,127
"modifier",4,602,66
"modifier",4,241,544
"modifier",4,508,448
"modifier",4,282,322
"modifier",4,14,421
"modifier",5,586,581
"modifier",5,100,676
"modifier",5,286,448
"modifier",5,371,628
"modifier",5,304,298
"modifier",5,210,386
"modifier",5,608,562
"modifier",5,127,189
"modifier",5,581,42
"modifier",5,621,127
"modifier",5,22,40
"modifier",5,257,66
"modifier",5,15,102
"modifier",5,27,396
"modifier",5,274,444
"modifier",5,643,177
"modifier",5,227,121
"modifier",5,231,187
"modifier",5,599,238
"modifier",5,160,54
"modifier",5,95,145
"modifier",5,102,8
"modifier",5,594,507
"modifier",5,314,506
"modifier",5,630,402
"modifier",5,154,313
"modifier",5,646,469
"modifier",5,545,24
"modifier",5,161,655
"modifier",5,313,160
"modifier",5,224,440
"modifier",5,189,621
"modifier",5,128,154
"modifier",5,445,485
"modifier",5,342,528
"modifier",5,97,544
"modifier",5,324,183
"modifier",5,479,304
"modifier",5,103,500
"modifier",5,140,473
"modifier",5,511,342
"modifier",5,421,213
"modifier",5,514,148
"modifier",5,405,22
"modifier",5,528,92
"modifier",5,517,643
"modifier",5,572,479
"modifier",5,50,488
"modifier",5,237,627
"modifier",5,622,181
"modifier",5,129,263
"modifier",5,579,445
"modifier",5,651,97
"modifier",5,462,215
"modifier",5,343,128
"modifier",5,533,668
"modifier",5,177,185
"modifier",5,185,446
"modifier",5,593,548
"modifier",5,147,515
"modifier",5,523,462
"modifier",5,28,343
"modifier",5,655,450
"modifier",5,167,674
"modifier",5,349,372
"modifier",5,41,253
"modifier",5,253,565
"modifier",5,54,156
"modifier",5,676,259
"modifier",5,558,129
"modifier",5,425,418
"modifier",5,283,20
"modifier",5,196,261
"modifier",5,674,324
"modifier",5,221,147
"modifier",5,665,517
"modifier",5,89,425
"modifier",5,446,47
"modifier",5,490,586
"modifier",5,689,184
"modifier",5,469,685
"modifier",5,20,257
"modifier",5,184,463
"modifier",5,500,165
"modifier",5,440,325
"modifier",5,628,28
"modifier",5,40,171
"modifier",5,382,117
"modifier",5,488,103
"modifier",5,183,41
"modifier",5,588,140
"modifier",5,38,237
"modifier",5,213,533
"modifier",5,195,274
"modifier",5,627,646
"modifier",5,519,651
"modifier",5,172,434
"modifier",5,652,282
"modifier",5,145,579
"modifier",5,544,694
"modifier",5,668,314
"modifier",5,121,613
"modifier",5,181,38
"modifier",5,261,241
"modifier",5,69,572
"modifier",5,171,377
"modifier",5,613,286
"modifier",5,562,398
"modifier",5,402,689
"modifier",5,682,69
"modifier",5,328,138
"modifier",5,386,50
"modifier",5,198,13
"modifier",5,418,626
"modifier",5,138,602
"modifier",5,556,336
"modifier",5,548,167
"modifier",5,485,89
"modifier",5,626,258
"modifier",5,42,198
"modifier",5,336,176
"modifier",5,258,137
"modifier",5,398,196
"modifier",5,179,227
"modifier",5,47,328
"modifier",5,92,405
"modifier",5,187,682
"modifier",5,633,508
"modifier",5,298,545
"modifier",5,176,665
"modifier",5,450,608
"modifier",5,23,161
"modifier",5,66,349
"modifier",5,117,283
"modifier",5,515,382
"modifier",5,463,14
"modifier",5,506,599
"modifier",5,507,556
"modifier",5,259,197
"modifier",5,685,519
"modifier",5,434,322
"modifier",5,322,588
"modifier",5,473,594
"modifier",5,396,27
"modifier",5,137,511
"modifier",5,399,630
"modifier",5,55,514
"modifier",5,325,95
"modifier",5,252,622
"modifier",5,13,55
"modifier",5,694,633
"modifier",5,24,392
"modifier",5,148,315
"modifier",5,270,195
"modifier",5,186,490
"modifier",5,215,172
"modifier",5,392,224
"modifier",5,238,371
"modifier",5,377,399
"modifier",5,165,221
"modifier",5,8,652
"modifier",5,372,231
"modifier",5,560,186
"modifier",5,197,421
"modifier",5,565,558
"modifier",5,448,252
"modifier",5,315,15
"modifier",5,444,179
"modifier",5,156,100
"modifier",5,263,23
"modifier",5,602,593
"modifier",5,241,560
"modifier",5,508,270
"modifier",5,282,210
"modifier",5,14,523
"modifier",6,586,160
"modifier",6,100,270
"modifier",6,286,313
"modifier",6,371,544
"modifier",6,304,528
"modifier",6,210,257
"modifier",6,608,682
"modifier",6,127,186
"modifier",6,581,227
"modifier",6,621,138
"modifier",6,22,117
"modifier",6,257,14
"modifier",6,15,500
"modifier",6,27,95
"modifier",6,274,24
"modifier",6,643,652
"modifier",6,227,444
"modifier",6,231,238
"modifier",6,599,565
"modifier",6,160,171
"modifier",6,95,434
"modifier",6,102,440
"modifier",6,594,676
"modifier",6,314,490
"modifier",6,630,89
"modifier",6,154,343
"modifier",6,646,8
"modifier",6,545,405
"modifier",6,161,674
"modifier",6,313,127
"modifier",6,224,176
"modifier",6,189,97
"modifier",6,128,237
"modifier",6,445,47
"modifier",6,342,402
"modifier",6,97,517
"modifier",6,324,450
"modifier",6,479,41
"modifier",6,103,325
"modifier",6,140,167
"modifier",6,511,621
"modifier",6,421,324
"modifier",6,514,258
"modifier",6,405,154
"modifier",6,528,274
"modifier",6,517,425
"modifier",6,572,349
"modifier",6,50,396
"modifier",6,237,608
"modifier",6,622,694
"modifier",6,129,145
"modifier",6,579,633
"modifier",6,651,328
"modifier",6,462,198
"modifier",6,343,643
"modifier",6,533,336
"modifier",6,177,215
"modifier",6,185,586
"modifier",6,593,50
"modifier",6,147,69
"modifier",6,523,261
"modifier",6,28,147
"modifier",6,655,241
"modifier",6,167,221
"modifier",6,349,514
"modifier",6,41,372
"modifier",6,253,602
"modifier",6,54,140
"modifier",6,676,181
"modifier",6,558,315
"modifier",6,425,462
"modifier",6,283,40
"modifier",6,196,210
"modifier",6,674,628
"modifier",6,221,646
"modifier",6,665,148
"modifier",6,89,314
"modifier",6,446,197
"modifier",6,490,626
"modifier",6,689,588
"modifier",6,469,371
"modifier",6,20,479
"modifier",6,184,445
"modifier",6,500,156
"modifier",6,440,398
"modifier",6,628,421
"modifier",6,40,161
"modifier",6,382,545
"modifier",6,488,22
"modifier",6,183,298
"modifier",6,588,165
"modifier",6,38,322
"modifier",6,213,23
"modifier",6,195,506
"modifier",6,627,558
"modifier",6,519,55
"modifier",6,172,92
"modifier",6,652,515
"modifier",6,145,15
"modifier",6,544,469
"modifier",6,668,581
"modifier",6,121,213
"modifier",6,181,195
"modifier",6,261,54
"modifier",6,69,259
"modifier",6,171,418
"modifier",6,613,172
"modifier",6,562,685
"modifier",6,402,507
"modifier",6,682,187
"modifier",6,328,473
"modifier",6,386,128
"modifier",6,198,102
"modifier",6,418,386
"modifier",6,138,622
"modifier",6,556,448
"modifier",6,548,38
"modifier",6,485,27
"modifier",6,626,689
"modifier",6,42,511
"modifier",6,336,599
"modifier",6,258,594
"modifier",6,398,579
"modifier",6,179,121
"modifier",6,47,342
"modifier",6,92,562
"modifier",6,187,13
"modifier",6,633,630
"modifier",6,298,392
"modifier",6,176,189
"modifier",6,450,446
"modifier",6,23,485
"modifier",6,66,560
"modifier",6,117,184
"modifier",6,515,382
"modifier",6,463,185
"modifier",6,506,224
"modifier",6,507,613
"modifier",6,259,488
"modifier",6,685,533
"modifier",6,434,177
"modifier",6,322,252
"modifier",6,473,282
"modifier",6,396,572
"modifier",6,137,42
"modifier",6,399,655
"modifier",6,55,377
"modifier",6,325,593
"modifier",6,252,286
"modifier",6,13,668
"modifier",6,694,556
"modifier",6,24,665
"modifier",6,148,179
"modifier",6,270,523
"modifier",6,186,253
"modifier",6,215,263
"modifier",6,392,129
"modifier",6,238,283
"modifier",6,377,137
"modifier",6,165,548
"modifier",6,8,399
"modifier",6,372,100
"modifier",6,560,20
"modifier",6,197,508
"modifier",6,565,196
"modifier",6,448,304
"modifier",6,315,651
"modifier",6,444,627
"modifier",6,156,28
"modifier",6,263,519
"modifier",6,602,231
"modifier",6,241,103
"modifier",6,508,463
"modifier",6,282,66
"modifier",6,14,183
"modifier",7,586,92
"modifier",7,100,425
"modifier",7,286,325
"modifier",7,371,507
"modifier",7,304,519
"modifier",7,210,117
"modifier",7,608,343
"modifier",7,127,562
"modifier",7,581,41
"modifier",7,621,20
"modifier",7,22,8
"modifier",7,257,15
"modifier",7,15,479
"modifier",7,27,195
"modifier",7,274,655
"modifier",7,643,103
"modifier",7,227,252
"modifier",7,231,148
"modifier",7,599,38
"modifier",7,160,97
"modifier",7,95,128
"modifier",7,102,651
"modifier",7,594,270
"modifier",7,314,630
"modifier",7,630,608
"modifier",7,154,613
"modifier",7,646,322
"modifier",7,545,689
"modifier",7,161,622
"modifier",7,313,197
"modifier",7,224,183
"modifier",7,189,342
"modifier",7,128,668
"modifier",7,445,161
"modifier",7,342,50
"modifier",7,97,377
"modifier",7,324,283
"modifier",7,479,469
"modifier",7,103,434
"modifier",7,140,215
"modifier",7,511,565
"modifier",7,421,665
"modifier",7,514,500
"modifier",7,405,558
"modifier",7,528,160
"modifier",7,517,646
"modifier",7,572,440
"modifier",7,50,594
"modifier",7,237,172
"modifier",7,622,579
"modifier",7,129,517
"modifier",7,579,545
"modifier",7,651,95
"modifier",7,462,514
"modifier",7,343,154
"modifier",7,533,588
"modifier",7,177,682
"modifier",7,185,102
"modifier",7,593,386
"modifier",7,147,593
"modifier",7,523,171
"modifier",7,28,315
"modifier",7,655,490
"modifier",7,167,176
"modifier",7,349,685
"modifier",7,41,263
"modifier",7,253,399
"modifier",7,54,396
"modifier",7,676,258
"modifier",7,558,54
"modifier",7,425,488
"modifier",7,283,137
"modifier",7,196,421
"modifier",7,674,349
"modifier",7,221,402
"modifier",7,665,448
"modifier",7,89,473
"modifier",7,446,179
"modifier",7,490,69
"modifier",7,689,184
"modifier",7,469,237
"modifier",7,20,314
"modifier",7,184,586
"modifier",7,500,418
"modifier",7,440,445
"modifier",7,628,313
"modifier",7,40,181
"modifier",7,382,398
"modifier",7,488,196
"modifier",7,183,450
"modifier",7,588,238
"modifier",7,38,298
"modifier",7,213,274
"modifier",7,195,324
"modifier",7,627,508
"modifier",7,519,626
"modifier",7,172,602
"modifier",7,652,231
"modifier",7,145,446
"modifier",7,544,189
"modifier",7,668,556
"modifier",7,121,533
"modifier",7,181,127
"modifier",7,261,694
"modifier",7,69,643
"modifier",7,171,210
"modifier",7,613,599
"modifier",7,562,27
"modifier",7,402,186
"modifier",7,682,145
"modifier",7,328,140
"modifier",7,386,572
"modifier",7,198,55
"modifier",7,418,382
"modifier",7,138,652
"modifier",7,556,548
"modifier",7,548,544
"modifier",7,485,506
"modifier",7,626,165
"modifier",7,42,14
"modifier",7,336,621
"modifier",7,258,40
"modifier",7,398,304
"modifier",7,179,405
"modifier",7,47,47
"modifier",7,92,42
"modifier",7,187,241
"modifier",7,633,22
"modifier",7,298,485
"modifier",7,176,581
"modifier",7,450,156
"modifier",7,23,13
"modifier",7,66,185
"modifier",7,117,392
"modifier",7,515,261
"modifier",7,463,66
"modifier",7,506,511
"modifier",7,507,121
"modifier",7,259,462
"modifier",7,685,627
"modifier",7,434,676
"modifier",7,322,328
"modifier",7,473,187
"modifier",7,396,444
"modifier",7,137,227
"modifier",7,399,528
"modifier",7,55,628
"modifier",7,325,253
"modifier",7,252,515
"modifier",7,13,213
"modifier",7,694,100
"modifier",7,24,463
"modifier",7,148,89
"modifier",7,270,286
"modifier",7,186,560
"modifier",7,215,257
"modifier",7,392,177
"modifier",7,238,198
"modifier",7,377,221
"modifier",7,165,28
"modifier",7,8,633
"modifier",7,372,224
"modifier",7,560,259
"modifier",7,197,138
"modifier",7,565,24
"modifier",7,448,372
"modifier",7,315,167
"modifier",7,444,674
"modifier",7,156,282
"modifier",7,263,147
"modifier",7,602,523
"modifier",7,241,23
"modifier",7,508,129
"modifier",7,282,371
"modifier",7,14,336
"modifier",8,586,349
"modifier",8,100,179
"modifier",8,286,588
"modifier",8,371,469
"modifier",8,304,137
"modifier",8,210,425
"modifier",8,608,602
"modifier",8,127,386
"modifier",8,581,490
"modifier",8,621,626
"modifier",8,22,23
"modifier",8,257,181
"modifier",8,15,121
"modifier",8,27,651
"modifier",8,274,528
"modifier",8,643,227
"modifier",8,227,628
"modifier",8,231,14
"modifier",8,599,184
"modifier",8,160,523
"modifier",8,95,402
"modifier",8,102,15
"modifier",8,594,371
"modifier",8,314,148
"modifier",8,630,579
"modifier",8,154,674
"modifier",8,646,177
"modifier",8,545,185
"modifier",8,161,103
"modifier",8,313,655
"modifier",8,224,47
"modifier",8,189,197
"modifier",8,128,28
"modifier",8,445,500
"modifier",8,342,241
"modifier",8,97,689
"modifier",8,324,187
"modifier",8,479,515
"modifier",8,103,545
"modifier",8,140,633
"modifier",8,511,694
"modifier",8,421,398
"modifier",8,514,160
"modifier",8,405,382
"modifier",8,528,257
"modifier",8,517,129
"modifier",8,572,22
"modifier",8,50,274
"modifier",8,237,627
"modifier",8,622,213
"modifier",8,129,156
"modifier",8,579,506
"modifier",8,651,314
"modifier",8,462,643
"modifier",8,343,252
"modifier",8,533,128
"modifier",8,177,253
"modifier",8,185,322
"modifier",8,593,434
"modifier",8,147,565
"modifier",8,523,221
"modifier",8,28,13
"modifier",8,655,581
"modifier",8,167,167
"modifier",8,349,621
"modifier",8,41,183
"modifier",8,253,372
"modifier",8,54,140
"modifier",8,676,511
"modifier",8,558,41
"modifier",8,425,630
"modifier",8,283,315
"modifier",8,196,189
"modifier",8,674,231
"modifier",8,221,485
"modifier",8,665,440
"modifier",8,89,117
"modifier",8,446,27
"modifier",8,490,196
"modifier",8,689,572
"modifier",8,469,418
"modifier",8,20,507
"modifier",8,184,446
"modifier",8,500,399
"modifier",8,440,336
"modifier",8,628,165
"modifier",8,40,198
"modifier",8,382,665
"modifier",8,488,421
"modifier",8,183,519
"modifier",8,588,325
"modifier",8,38,342
"modifier",8,213,263
"modifier",8,195,560
"modifier",8,627,304
"modifier",8,519,405
"modifier",8,172,508
"modifier",8,652,195
"modifier",8,145,210
"modifier",8,544,69
"modifier",8,668,283
"modifier",8,121,586
"modifier",8,181,298
"modifier",8,261,392
"modifier",8,69,448
"modifier",8,171,24
"modifier",8,613,54
"modifier",8,562,479
"modifier",8,402,40
"modifier",8,682,668
"modifier",8,328,224
"modifier",8,386,186
"modifier",8,198,594
"modifier",8,418,147
"modifier",8,138,42
"modifier",8,556,238
"modifier",8,548,20
"modifier",8,485,608
"modifier",8,626,676
"modifier",8,42,95
"modifier",8,336,450
"modifier",8,258,270
"modifier",8,398,444
"modifier",8,179,328
"modifier",8,47,462
"modifier",8,92,8
"modifier",8,187,127
"modifier",8,633,258
"modifier",8,298,145
"modifier",8,176,396
"modifier",8,450,161
"modifier",8,23,324
"modifier",8,66,514
"modifier",8,117,463
"modifier",8,515,237
"modifier",8,463,313
"modifier",8,506,176
"modifier",8,507,685
"modifier",8,259,533
"modifier",8,685,172
"modifier",8,434,154
"modifier",8,322,89
"modifier",8,473,259
"modifier",8,396,38
"modifier",8,137,282
"modifier",8,399,138
"modifier",8,55,556
"modifier",8,325,613
"modifier",8,252,517
"modifier",8,13,548
"modifier",8,694,473
"modifier",8,24,261
"modifier",8,148,215
"modifier",8,270,286
"modifier",8,186,377
"modifier",8,215,445
"modifier",8,392,682
"modifier",8,238,66
"modifier",8,377,97
"modifier",8,165,544
"modifier",8,8,171
"modifier",8,372,558
"modifier",8,560,622
"modifier",8,197,100
"modifier",8,565,50
"modifier",8,448,343
"modifier",8,315,102
"modifier",8,444,593
"modifier",8,156,599
"modifier",8,263,652
"modifier",8,602,488
"modifier",8,241,562
"modifier",8,508,55
"modifier",8,282,92
"modifier",8,14,646
"modifier",9,586,594
"modifier",9,100,322
"modifier",9,286,349
"modifier",9,371,682
"modifier",9,304,38
"modifier",9,210,258
"modifier",9,608,386
"modifier",9,127,241
"modifier",9,581,66
"modifier",9,621,210
"modifier",9,22,177
"modifier",9,257,440
"modifier",9,15,533
"modifier",9,27,434
"modifier",9,274,558
"modifier",9,643,213
"modifier",9,227,55
"modifier",9,231,444
"modifier",9,599,92
"modifier",9,160,186
"modifier",9,95,137
"modifier",9,102,181
"modifier",9,594,548
"modifier",9,314,270
"modifier",9,630,371
"modifier",9,154,102
"modifier",9,646,545
"modifier",9,545,196
"modifier",9,161,511
"modifier",9,313,405
"modifier",9,224,519
"modifier",9,189,263
"modifier",9,128,508
"modifier",9,445,633
"modifier",9,342,689
"modifier",9,97,396
"modifier",9,324,161
"modifier",9,479,184
"modifier",9,103,121
"modifier",9,140,145
"modifier",9,511,171
"modifier",9,421,259
"modifier",9,514,167
"modifier",9,405,172
"modifier",9,528,588
"modifier",9,517,402
"modifier",9,572,342
"modifier",9,50,14
"modifier",9,237,282
"modifier",9,622,621
"modifier",9,129,41
"modifier",9,579,643
"modifier",9,651,253
"modifier",9,462,304
"modifier",9,343,626
"modifier",9,533,485
"modifier",9,177,572
"modifier",9,185,147
"modifier",9,593,97
"modifier",9,147,283
"modifier",9,523,274
"modifier",9,28,627
"modifier",9,655,694
"modifier",9,167,100
"modifier",9,349,593
"modifier",9,41,328
"modifier",9,253,392
"modifier",9,54,676
"modifier",9,676,165
"modifier",9,558,20
"modifier",9,425,506
"modifier",9,283,313
"modifier",9,196,176
"modifier",9,674,13
"modifier",9,221,252
"modifier",9,665,544
"modifier",9,89,315
"modifier",9,446,448
"modifier",9,490,8
"modifier",9,689,127
"modifier",9,469,651
"modifier",9,20,183
"modifier",9,184,261
"modifier",9,500,89
"modifier",9,440,382
"modifier",9,628,602
"modifier",9,40,227
"modifier",9,382,129
"modifier",9,488,286
"modifier",9,183,473
"modifier",9,588,103
"modifier",9,38,514
"modifier",9,213,479
"modifier",9,195,399
"modifier",9,627,581
"modifier",9,519,24
"modifier",9,172,138
"modifier",9,652,324
"modifier",9,145,421
"modifier",9,544,490
"modifier",9,668,652
"modifier",9,121,15
"modifier",9,181,646
"modifier",9,261,528
"modifier",9,69,418
"modifier",9,171,140
"modifier",9,613,488
"modifier",9,562,54
"modifier",9,402,579
"modifier",9,682,469
"modifier",9,328,622
"modifier",9,386,628
"modifier",9,198,42
"modifier",9,418,586
"modifier",9,138,372
"modifier",9,556,343
"modifier",9,548,154
"modifier",9,485,40
"modifier",9,626,608
"modifier",9,42,156
"modifier",9,336,22
"modifier",9,258,298
"modifier",9,398,198
"modifier",9,179,630
"modifier",9,47,160
"modifier",9,92,565
"modifier",9,187,517
"modifier",9,633,197
"modifier",9,298,445
"modifier",9,176,27
"modifier",9,450,665
"modifier",9,23,148
"modifier",9,66,685
"modifier",9,117,336
"modifier",9,515,450
"modifier",9,463,462
"modifier",9,506,47
"modifier",9,507,507
"modifier",9,259,28
"modifier",9,685,398
"modifier",9,434,523
"modifier",9,322,325
"modifier",9,473,117
"modifier",9,396,195
"modifier",9,137,613
"modifier",9,399,185
"modifier",9,55,314
"modifier",9,325,446
"modifier",9,252,257
"modifier",9,13,425
"modifier",9,694,562
"modifier",9,24,187
"modifier",9,148,515
"modifier",9,270,599
"modifier",9,186,674
"modifier",9,215,50
"modifier",9,392,655
"modifier",9,238,377
"modifier",9,377,69
"modifier",9,165,23
"modifier",9,8,463
"modifier",9,372,231
"modifier",9,560,238
"modifier",9,197,224
"modifier",9,565,128
"modifier",9,448,215
"modifier",9,315,179
"modifier",9,444,500
"modifier",9,156,556
"modifier",9,263,668
"modifier",9,602,95
"modifier",9,241,189
"modifier",9,508,560
"modifier",9,282,221
"modifier",9,14,237
"modifier",10,586,24
"modifier",10,100,602
"modifier",10,286,138
"modifier",10,371,628
"modifier",10,304,336
"modifier",10,210,548
"modifier",10,608,594
"modifier",10,127,69
"modifier",10,581,372
"modifier",10,621,54
"modifier",10,22,224
"modifier",10,257,274
"modifier",10,15,440
"modifier",10,27,588
"modifier",10,274,147
"modifier",10,643,343
"modifier",10,227,127
"modifier",10,231,102
"modifier",10,599,313
"modifier",10,160,622
"modifier",10,95,517
"modifier",10,102,196
"modifier",10,594,572
"modifier",10,314,20
"modifier",10,630,215
"modifier",10,154,165
"modifier",10,646,100
"modifier",10,545,392
"modifier",10,161,23
"modifier",10,313,694
"modifier",10,224,445
"modifier",10,189,328
"modifier",10,128,231
"modifier",10,445,463
"modifier",10,342,47
"modifier",10,97,14
"modifier",10,324,179
"modifier",10,479,633
"modifier",10,103,508
"modifier",10,140,674
"modifier",10,511,315
"modifier",10,421,325
"modifier",10,514,349
"modifier",10,405,183
"modifier",10,528,167
"modifier",10,517,523
"modifier",10,572,446
"modifier",10,50,448
"modifier",10,237,490
"modifier",10,622,646
"modifier",10,129,185
"modifier",10,579,252
"modifier",10,651,238
"modifier",10,462,160
"modifier",10,343,137
"modifier",10,533,676
"modifier",10,177,562
"modifier",10,185,485
"modifier",10,593,593
"modifier",10,147,450
"modifier",10,523,514
"modifier",10,28,382
"modifier",10,655,314
"modifier",10,167,28
"modifier",10,349,140
"modifier",10,41,22
"modifier",10,253,258
"modifier",10,54,154
"modifier",10,676,253
"modifier",10,558,27
"modifier",10,425,148
"modifier",10,283,89
"modifier",10,196,581
"modifier",10,674,50
"modifier",10,221,651
"modifier",10,665,15
"modifier",10,89,434
"modifier",10,446,195
"modifier",10,490,128
"modifier",10,689,8
"modifier",10,469,565
"modifier",10,20,399
"modifier",10,184,40
"modifier",10,500,665
"modifier",10,440,689
"modifier",10,628,213
"modifier",10,40,304
"modifier",10,382,324
"modifier",10,488,92
"modifier",10,183,682
"modifier",10,588,579
"modifier",10,38,189
"modifier",10,213,386
"modifier",10,195,286
"modifier",10,627,38
"modifier",10,519,172
"modifier",10,172,479
"modifier",10,652,263
"modifier",10,145,257
"modifier",10,544,181
"modifier",10,668,418
"modifier",10,121,473
"modifier",10,181,469
"modifier",10,261,608
"modifier",10,69,176
"modifier",10,171,41
"modifier",10,613,626
"modifier",10,562,533
"modifier",10,402,528
"modifier",10,682,184
"modifier",10,328,241
"modifier",10,386,95
"modifier",10,198,402
"modifier",10,418,210
"modifier",10,138,421
"modifier",10,556,145
"modifier",10,548,621
"modifier",10,485,55
"modifier",10,626,298
"modifier",10,42,560
"modifier",10,336,444
"modifier",10,258,97
"modifier",10,398,342
"modifier",10,179,506
"modifier",10,47,156
"modifier",10,92,371
"modifier",10,187,586
"modifier",10,633,13
"modifier",10,298,398
"modifier",10,176,129
"modifier",10,450,377
"modifier",10,23,652
"modifier",10,66,283
"modifier",10,117,613
"modifier",10,515,558
"modifier",10,463,519
"modifier",10,506,121
"modifier",10,507,270
"modifier",10,259,668
"modifier",10,685,42
"modifier",10,434,425
"modifier",10,322,186
"modifier",10,473,655
"modifier",10,396,198
"modifier",10,137,511
"modifier",10,399,282
"modifier",10,55,161
"modifier",10,325,261
"modifier",10,252,171
"modifier",10,13,221
"modifier",10,694,515
"modifier",10,24,66
"modifier",10,148,556
"modifier",10,270,227
"modifier",10,186,405
"modifier",10,215,507
"modifier",10,392,197
"modifier",10,238,187
"modifier",10,377,462
"modifier",10,165,630
"modifier",10,8,599
"modifier",10,372,643
"modifier",10,560,117
"modifier",10,197,322
"modifier",10,565,237
"modifier",10,448,685
"modifier",10,315,544
"modifier",10,444,488
"modifier",10,156,627
"modifier",10,263,545
"modifier",10,602,500
"modifier",10,241,396
"modifier",10,508,259
"modifier",10,282,177
"modifier",10,14,103
"modifier",11,586,97
"modifier",11,100,508
"modifier",11,286,628
"modifier",11,371,523
"modifier",11,304,23
"modifier",11,210,210
"modifier",11,608,560
"modifier",11,127,548
"modifier",11,581,398
"modifier",11,621,655
"modifier",11,22,103
"modifier",11,257,50
"modifier",11,15,514
"modifier",11,27,324
"modifier",11,274,270
"modifier",11,643,444
"modifier",11,227,147
"modifier",11,231,586
"modifier",11,599,314
"modifier",11,160,682
"modifier",11,95,263
"modifier",11,102,652
"modifier",11,594,372
"modifier",11,314,463
"modifier",11,630,506
"modifier",11,154,533
"modifier",11,646,421
"modifier",11,545,138
"modifier",11,161,665
"modifier",11,313,298
"modifier",11,224,253
"modifier",11,189,196
"modifier",11,128,95
"modifier",11,445,608
"modifier",11,342,315
"modifier",11,97,593
"modifier",11,324,556
"modifier",11,479,274
"modifier",11,103,392
"modifier",11,140,313
"modifier",11,511,349
"modifier",11,421,382
"modifier",11,514,129
"modifier",11,405,558
"modifier",11,528,145
"modifier",11,517,121
"modifier",11,572,8
"modifier",11,50,579
"modifier",11,237,177
"modifier",11,622,626
"modifier",11,129,304
"modifier",11,579,179
"modifier",11,651,69
"modifier",11,462,231
"modifier",11,343,342
"modifier",11,533,581
"modifier",11,177,28
"modifier",11,185,594
"modifier",11,593,148
"modifier",11,147,336
"modifier",11,523,676
"modifier",11,28,565
"modifier",11,655,425
"modifier",11,167,215
"modifier",11,349,189
"modifier",11,41,42
"modifier",11,253,257
"modifier",11,54,545
"modifier",11,676,154
"modifier",11,558,490
"modifier",11,425,544
"modifier",11,283,507
"modifier",11,196,627
"modifier",11,674,399
"modifier",11,221,186
"modifier",11,665,479
"modifier",11,89,562
"modifier",11,446,197
"modifier",11,490,237
"modifier",11,689,668
"modifier",11,469,14
"modifier",11,20,165
"modifier",11,184,102
"modifier",11,500,599
"modifier",11,440,630
"modifier",11,628,258
"modifier",11,40,500
"modifier",11,382,195
"modifier",11,488,252
"modifier",11,183,377
"modifier",11,588,172
"modifier",11,38,221
"modifier",11,213,41
"modifier",11,195,185
"modifier",11,627,515
"modifier",11,519,176
"modifier",11,172,128
"modifier",11,652,100
"modifier",11,145,259
"modifier",11,544,92
"modifier",11,668,519
"modifier",11,121,343
"modifier",11,181,160
"modifier",11,261,325
"modifier",11,69,241
"modifier",11,171,47
"modifier",11,613,602
"modifier",11,562,187
"modifier",11,402,622
"modifier",11,682,434
"modifier",11,328,38
"modifier",11,386,24
"modifier",11,198,462
"modifier",11,418,171
"modifier",11,138,405
"modifier",11,556,448
"modifier",11,548,488
"modifier",11,485,127
"modifier",11,626,140
"modifier",11,42,261
"modifier",11,336,643
"modifier",11,258,651
"modifier",11,398,528
"modifier",11,179,674
"modifier",11,47,54
"modifier",11,92,55
"modifier",11,187,685
"modifier",11,633,446
"modifier",11,298,440
"modifier",11,176,473
"modifier",11,450,181
"modifier",11,23,227
"modifier",11,66,386
"modifier",11,117,282
"modifier",11,515,445
"modifier",11,463,469
"modifier",11,506,418
"modifier",11,507,322
"modifier",11,259,613
"modifier",11,685,183
"modifier",11,434,213
"modifier",11,322,621
"modifier",11,473,238
"modifier",11,396,646
"modifier",11,137,198
"modifier",11,399,517
"modifier",11,55,137
"modifier",11,325,588
"modifier",11,252,161
"modifier",11,13,485
"modifier",11,694,117
"modifier",11,24,396
"modifier",11,148,689
"modifier",11,270,283
"modifier",11,186,224
"modifier",11,215,450
"modifier",11,392,22
"modifier",11,238,694
"modifier",11,377,286
"modifier",11,165,66
"modifier",11,8,13
"modifier",11,372,402
"modifier",11,560,167
"modifier",11,197,15
"modifier",11,565,633
"modifier",11,448,20
"modifier",11,315,371
"modifier",11,444,328
"modifier",11,156,572
"modifier",11,263,184
"modifier",11,602,27
"modifier",11,241,40
"modifier",11,508,156
"modifier",11,282,89
"modifier",11,14,511
"modifier",12,586,171
"modifier",12,100,241
"modifier",12,286,613
"modifier",12,371,183
"modifier",12,304,444
"modifier",12,210,565
"modifier",12,608,328
"modifier",12,127,418
"modifier",12,581,544
"modifier",12,621,100
"modifier",12,22,652
"modifier",12,257,252
"modifier",12,15,685
"modifier",12,27,24
"modifier",12,274,137
"modifier",12,643,195
"modifier",12,227,450
"modifier",12,231,325
"modifier",12,599,562
"modifier",12,160,231
"modifier",12,95,41
"modifier",12,102,283
"modifier",12,594,259
"modifier",12,314,270
"modifier",12,630,572
"modifier",12,154,655
"modifier",12,646,298
"modifier",12,545,425
"modifier",12,161,261
"modifier",12,313,508
"modifier",12,224,286
"modifier",12,189,13
"modifier",12,128,187
"modifier",12,445,258
"modifier",12,342,515
"modifier",12,97,40
"modifier",12,324,630
"modifier",12,479,371
"modifier",12,103,488
"modifier",12,140,221
"modifier",12,511,55
"modifier",12,421,274
"modifier",12,514,506
"modifier",12,405,507
"modifier",12,528,560
"modifier",12,517,665
"modifier",12,572,523
"modifier",12,50,674
"modifier",12,237,196
"modifier",12,622,651
"modifier",12,129,15
"modifier",12,579,177
"modifier",12,651,213
"modifier",12,462,197
"modifier",12,343,440
"modifier",12,533,434
"modifier",12,177,38
"modifier",12,185,23
"modifier",12,593,103
"modifier",12,147,602
"modifier",12,523,184
"modifier",12,28,237
"modifier",12,655,148
"modifier",12,167,392
"modifier",12,349,556
"modifier",12,41,533
"modifier",12,253,399
"modifier",12,54,479
"modifier",12,676,181
"modifier",12,558,386
"modifier",12,425,514
"modifier",12,283,282
"modifier",12,196,586
"modifier",12,674,167
"modifier",12,221,633
"modifier",12,665,548
"modifier",12,89,372
"modifier",12,446,224
"modifier",12,490,500
"modifier",12,689,198
"modifier",12,469,176
"modifier",12,20,448
"modifier",12,184,92
"modifier",12,500,315
"modifier",12,440,189
"modifier",12,628,27
"modifier",12,40,558
"modifier",12,382,377
"modifier",12,488,322
"modifier",12,183,490
"modifier",12,588,594
"modifier",12,38,165
"modifier",12,213,210
"modifier",12,195,405
"modifier",12,627,694
"modifier",12,519,54
"modifier",12,172,402
"modifier",12,652,263
"modifier",12,145,545
"modifier",12,544,238
"modifier",12,668,186
"modifier",12,121,581
"modifier",12,181,42
"modifier",12,261,579
"modifier",12,69,473
"modifier",12,171,593
"modifier",12,613,599
"modifier",12,562,627
"modifier",12,402,253
"modifier",12,682,342
"modifier",12,328,304
"modifier",12,386,336
"modifier",12,198,668
"modifier",12,418,446
"modifier",12,138,128
"modifier",12,556,89
"modifier",12,548,421
"modifier",12,485,138
"modifier",12,626,102
"modifier",12,42,145
"modifier",12,336,47
"modifier",12,258,511
"modifier",12,398,643
"modifier",12,179,227
"modifier",12,47,8
"modifier",12,92,14
"modifier",12,187,147
"modifier",12,633,622
"modifier",12,298,682
"modifier",12,176,628
"modifier",12,450,121
"modifier",12,23,469
"modifier",12,66,129
"modifier",12,117,160
"modifier",12,515,588
"modifier",12,463,382
"modifier",12,506,621
"modifier",12,507,445
"modifier",12,259,528
"modifier",12,685,97
"modifier",12,434,172
"modifier",12,322,20
"modifier",12,473,324
"modifier",12,396,676
"modifier",12,137,215
"modifier",12,399,517
"modifier",12,55,179
"modifier",12,325,349
"modifier",12,252,314
"modifier",12,13,50
"modifier",12,694,646
"modifier",12,24,161
"modifier",12,148,485
"modifier",12,270,28
"modifier",12,186,22
"modifier",12,215,462
"modifier",12,392,313
"modifier",12,238,689
"modifier",12,377,396
"modifier",12,165,626
"modifier",12,8,117
"modifier",12,372,69
"modifier",12,560,66
"modifier",12,197,154
"modifier",12,565,185
"modifier",12,448,608
"modifier",12,315,463
"modifier",12,444,257
"modifier",12,156,519
"modifier",12,263,95
"modifier",12,602,398
"modifier",12,241,343
"modifier",12,508,156
"modifier",12,282,127
"modifier",12,14,140
"modifier",13,586,523
"modifier",13,100,66
"modifier",13,286,325
"modifier",13,371,261
"modifier",13,304,97
"modifier",13,210,386
"modifier",13,608,23
"modifier",13,127,184
"modifier",13,581,258
"modifier",13,621,40
"modifier",13,22,103
"modifier",13,257,161
"modifier",13,15,69
"modifier",13,27,181
"modifier",13,274,227
"modifier",13,643,440
"modifier",13,227,252
"modifier",13,231,138
"modifier",13,599,490
"modifier",13,160,177
"modifier",13,95,643
"modifier",13,102,38
"modifier",13,594,160
"modifier",13,314,15
"modifier",13,630,622
"modifier",13,154,189
"modifier",13,646,588
"modifier",13,545,147
"modifier",13,161,682
"modifier",13,313,20
"modifier",13,224,198
"modifier",13,189,263
"modifier",13,128,224
"modifier",13,445,47
"modifier",13,342,548
"modifier",13,97,210
"modifier",13,324,156
"modifier",13,479,336
"modifier",13,103,27
"modifier",13,140,128
"modifier",13,511,117
"modifier",13,421,515
"modifier",13,514,613
"modifier",13,405,221
"modifier",13,528,448
"modifier",13,517,304
"modifier",13,572,371
"modifier",13,50,197
"modifier",13,237,463
"modifier",13,622,565
"modifier",13,129,286
"modifier",13,579,425
"modifier",13,651,545
"modifier",13,462,121
"modifier",13,343,100
"modifier",13,533,572
"modifier",13,177,628
"modifier",13,185,556
"modifier",13,593,349
"modifier",13,147,485
"modifier",13,523,421
"modifier",13,28,444
"modifier",13,655,183
"modifier",13,167,313
"modifier",13,349,630
"modifier",13,41,626
"modifier",13,253,398
"modifier",13,54,274
"modifier",13,676,215
"modifier",13,558,172
"modifier",13,425,298
"modifier",13,283,694
"modifier",13,196,253
"modifier",13,674,544
"modifier",13,221,127
"modifier",13,665,507
"modifier",13,89,176
"modifier",13,446,14
"modifier",13,490,8
"modifier",13,689,328
"modifier",13,469,270
"modifier",13,20,627
"modifier",13,184,655
"modifier",13,500,689
"modifier",13,440,560
"modifier",13,628,283
"modifier",13,40,213
"modifier",13,382,324
"modifier",13,488,231
"modifier",13,183,581
"modifier",13,588,599
"modifier",13,38,95
"modifier",13,213,196
"modifier",13,195,343
"modifier",13,627,342
"modifier",13,519,28
"modifier",13,172,41
"modifier",13,652,558
"modifier",13,145,187
"modifier",13,544,392
"modifier",13,668,140
"modifier",13,121,171
"modifier",13,181,154
"modifier",13,261,488
"modifier",13,69,514
"modifier",13,171,382
"modifier",13,613,42
"modifier",13,562,237
"modifier",13,402,259
"modifier",13,682,185
"modifier",13,328,579
"modifier",13,386,594
"modifier",13,198,129
"modifier",13,418,517
"modifier",13,138,506
"modifier",13,556,602
"modifier",13,548,322
"modifier",13,485,282
"modifier",13,626,145
"modifier",13,42,685
"modifier",13,336,195
"modifier",13,258,238
"modifier",13,398,396
"modifier",13,179,608
"modifier",13,47,445
"modifier",13,92,593
"modifier",13,187,377
"modifier",13,633,674
"modifier",13,298,450
"modifier",13,176,102
"modifier",13,450,24
"modifier",13,23,434
"modifier",13,66,528
"modifier",13,117,257
"modifier",13,515,562
"modifier",13,463,55
"modifier",13,506,92
"modifier",13,507,186
"modifier",13,259,372
"modifier",13,685,167
"modifier",13,434,508
"modifier",13,322,22
"modifier",13,473,586
"modifier",13,396,519
"modifier",13,137,241
"modifier",13,399,676
"modifier",13,55,13
"modifier",13,325,418
"modifier",13,252,533
"modifier",13,13,668
"modifier",13,694,511
"modifier",13,24,469
"modifier",13,148,652
"modifier",13,270,646
"modifier",13,186,148
"modifier",13,215,651
"modifier",13,392,500
"modifier",13,238,621
"modifier",13,377,446
"modifier",13,165,314
"modifier",13,8,54
"modifier",13,372,473
"modifier",13,560,399
"modifier",13,197,405
"modifier",13,565,315
"modifier",13,448,665
"modifier",13,315,402
"modifier",13,444,50
"modifier",13,156,165
"modifier",13,263,137
"modifier",13,602,179
"modifier",13,241,633
"modifier",13,508,89
"modifier",13,282,462
"modifier",13,14,479
"modifier",14,586,463
"modifier",14,100,42
"modifier",14,286,421
"modifier",14,371,556
"modifier",14,304,117
"modifier",14,210,184
"modifier",14,608,127
"modifier",14,127,258
"modifier",14,581,382
"modifier",14,621,613
"modifier",14,22,685
"modifier",14,257,100
"modifier",14,15,377
"modifier",14,27,349
"modifier",14,274,179
"modifier",14,643,161
"modifier",14,227,140
"modifier",14,231,177
"modifier",14,599,221
"modifier",14,160,97
"modifier",14,95,545
"modifier",14,102,238
"modifier",14,594,261
"modifier",14,314,425
"modifier",14,630,181
"modifier",14,154,500
"modifier",14,646,514
"modifier",14,545,511
"modifier",14,161,147
"modifier",14,313,342
"modifier",14,224,55
"modifier",14,189,47
"modifier",14,128,490
"modifier",14,445,95
"modifier",14,342,434
"modifier",14,97,154
"modifier",14,324,165
"modifier",14,479,274
"modifier",14,103,20
"modifier",14,140,446
"modifier",14,511,187
"modifier",14,421,469
"modifier",14,514,608
"modifier",14,405,418
"modifier",14,528,602
"modifier",14,517,652
"modifier",14,572,66
"modifier",14,50,129
"modifier",14,237,128
"modifier",14,622,231
"modifier",14,129,506
"modifier",14,579,15
"modifier",14,651,241
"modifier",14,462,588
"modifier",14,343,371
"modifier",14,533,627
"modifier",14,177,643
"modifier",14,185,22
"modifier",14,593,40
"modifier",14,147,572
"modifier",14,523,473
"modifier",14,28,528
"modifier",14,655,621
"modifier",14,167,386
"modifier",14,349,548
"modifier",14,41,579
"modifier",14,253,622
"modifier",14,54,171
"modifier",14,676,515
"modifier",14,558,102
"modifier",14,425,507
"modifier",14,283,593
"modifier",14,196,315
"modifier",14,674,186
"modifier",14,221,227
"modifier",14,665,599
"modifier",14,89,28
"modifier",14,446,259
"modifier",14,490,189
"modifier",14,689,445
"modifier",14,469,689
"modifier",14,20,450
"modifier",14,184,137
"modifier",14,500,213
"modifier",14,440,508
"modifier",14,628,633
"modifier",14,40,270
"modifier",14,382,253
"modifier",14,488,517
"modifier",14,183,215
"modifier",14,588,8
"modifier",14,38,38
"modifier",14,213,694
"modifier",14,195,682
"modifier",14,627,402
"modifier",14,519,676
"modifier",14,172,448
"modifier",14,652,283
"modifier",14,145,322
"modifier",14,544,210
"modifier",14,668,14
"modifier",14,121,138
"modifier",14,181,628
"modifier",14,261,668
"modifier",14,69,282
"modifier",14,171,630
"modifier",14,613,313
"modifier",14,562,198
"modifier",14,402,41
"modifier",14,682,176
"modifier",14,328,665
"modifier",14,386,398
"modifier",14,198,263
"modifier",14,418,121
"modifier",14,138,13
"modifier",14,556,160
"modifier",14,548,257
"modifier",14,485,533
"modifier",14,626,560
"modifier",14,42,565
"modifier",14,336,183
"modifier",14,258,392
"modifier",14,398,586
"modifier",14,179,488
"modifier",14,47,286
"modifier",14,92,651
"modifier",14,187,479
"modifier",14,633,69
"modifier",14,298,54
"modifier",14,176,314
"modifier",14,450,444
"modifier",14,23,324
"modifier",14,66,544
"modifier",14,117,440
"modifier",14,515,328
"modifier",14,463,185
"modifier",14,506,156
"modifier",14,507,197
"modifier",14,259,485
"modifier",14,685,372
"modifier",14,434,343
"modifier",14,322,148
"modifier",14,473,626
"modifier",14,396,237
"modifier",14,137,50
"modifier",14,399,655
"modifier",14,55,196
"modifier",14,325,92
"modifier",14,252,167
"modifier",14,13,558
"modifier",14,694,519
"modifier",14,24,195
"modifier",14,148,399
"modifier",14,270,103
"modifier",14,186,304
"modifier",14,215,224
"modifier",14,392,298
"modifier",14,238,523
"modifier",14,377,396
"modifier",14,165,24
"modifier",14,8,27
"modifier",14,372,581
"modifier",14,560,145
"modifier",14,197,23
"modifier",14,565,89
"modifier",14,448,462
"modifier",14,315,336
"modifier",14,444,646
"modifier",14,156,405
"modifier",14,263,172
"modifier",14,602,562
"modifier",14,241,252
"modifier",14,508,325
"modifier",14,282,594
"modifier",14,14,674
"modifier",15,586,444
"modifier",15,100,100
"modifier",15,286,421
"modifier",15,371,588
"modifier",15,304,613
"modifier",15,210,69
"modifier",15,608,508
"modifier",15,127,274
"modifier",15,581,533
"modifier",15,621,117
"modifier",15,22,187
"modifier",15,257,523
"modifier",15,15,682
"modifier",15,27,210
"modifier",15,274,445
"modifier",15,643,224
"modifier",15,227,263
"modifier",15,231,628
"modifier",15,599,342
"modifier",15,160,47
"modifier",15,95,97
"modifier",15,102,241
"modifier",15,594,196
"modifier",15,314,349
"modifier",15,630,514
"modifier",15,154,586
"modifier",15,646,140
"modifier",15,545,282
"modifier",15,161,324
"modifier",15,313,215
"modifier",15,224,633
"modifier",15,189,50
"modifier",15,128,23
"modifier",15,445,630
"modifier",15,342,485
"modifier",15,97,372
"modifier",15,324,270
"modifier",15,479,102
"modifier",15,103,165
"modifier",15,140,181
"modifier",15,511,545
"modifier",15,421,8
"modifier",15,514,186
"modifier",15,405,15
"modifier",15,528,20
"modifier",15,517,599
"modifier",15,572,450
"modifier",15,50,127
"modifier",15,237,189
"modifier",15,622,676
"modifier",15,129,398
"modifier",15,579,473
"modifier",15,651,328
"modifier",15,462,336
"modifier",15,343,462
"modifier",15,533,42
"modifier",15,177,185
"modifier",15,185,325
"modifier",15,593,488
"modifier",15,147,646
"modifier",15,523,652
"modifier",15,28,258
"modifier",15,655,154
"modifier",15,167,221
"modifier",15,349,446
"modifier",15,41,544
"modifier",15,253,195
"modifier",15,54,253
"modifier",15,676,177
"modifier",15,558,322
"modifier",15,425,129
"modifier",15,283,95
"modifier",15,196,689
"modifier",15,674,161
"modifier",15,221,651
"modifier",15,665,252
"modifier",15,89,562
"modifier",15,446,402
"modifier",15,490,313
"modifier",15,689,579
"modifier",15,469,622
"modifier",15,20,448
"modifier",15,184,160
"modifier",15,500,386
"modifier",15,440,22
"modifier",15,628,377
"modifier",15,40,41
"modifier",15,382,304
"modifier",15,488,434
"modifier",15,183,594
"modifier",15,588,396
"modifier",15,38,213
"modifier",15,213,167
"modifier",15,195,694
"modifier",15,627,665
"modifier",15,519,137
"modifier",15,172,517
"modifier",15,652,507
"modifier",15,145,655
"modifier",15,544,176
"modifier",15,668,184
"modifier",15,121,382
"modifier",15,181,286
"modifier",15,261,479
"modifier",15,69,602
"modifier",15,171,27
"modifier",15,613,626
"modifier",15,562,54
"modifier",15,402,156
"modifier",15,682,519
"modifier",15,328,392
"modifier",15,386,511
"modifier",15,198,440
"modifier",15,418,608
"modifier",15,138,469
"modifier",15,556,674
"modifier",15,548,89
"modifier",15,485,627
"modifier",15,626,138
"modifier",15,42,528
"modifier",15,336,463
"modifier",15,258,171
"modifier",15,398,172
"modifier",15,179,145
"modifier",15,47,179
"modifier",15,92,55
"modifier",15,187,259
"modifier",15,633,315
"modifier",15,298,257
"modifier",15,176,558
"modifier",15,450,581
"modifier",15,23,14
"modifier",15,66,560
"modifier",15,117,490
"modifier",15,515,148
"modifier",15,463,197
"modifier",15,506,147
"modifier",15,507,40
"modifier",15,259,371
"modifier",15,685,593
"modifier",15,434,548
"modifier",15,322,314
"modifier",15,473,556
"modifier",15,396,24
"modifier",15,137,399
"modifier",15,399,198
"modifier",15,55,506
"modifier",15,325,66
"modifier",15,252,572
"modifier",15,13,343
"modifier",15,694,227
"modifier",15,24,103
"modifier",15,148,643
"modifier",15,270,183
"modifier",15,186,500
"modifier",15,215,515
"modifier",15,392,298
"modifier",15,238,237
"modifier",15,377,283
"modifier",15,165,28
"modifier",15,8,685
"modifier",15,372,238
"modifier",15,560,418
"modifier",15,197,128
"modifier",15,565,121
"modifier",15,448,565
"modifier",15,315,405
"modifier",15,444,13
"modifier",15,156,38
"modifier",15,263,425
"modifier",15,602,668
"modifier",15,241,231
"modifier",15,508,261
"modifier",15,282,621
"modifier",15,14,92
"modifier",16,586,372
"modifier",16,100,187
"modifier",16,286,418
"modifier",16,371,252
"modifier",16,304,627
"modifier",16,210,440
"modifier",16,608,613
"modifier",16,127,377
"modifier",16,581,444
"modifier",16,621,184
"modifier",16,22,160
"modifier",16,257,117
"modifier",16,15,386
"modifier",16,27,462
"modifier",16,274,328
"modifier",16,643,156
"modifier",16,227,224
"modifier",16,231,189
"modifier",16,599,127
"modifier",16,160,23
"modifier",16,95,689
"modifier",16,102,324
"modifier",16,594,259
"modifier",16,314,382
"modifier",16,630,172
"modifier",16,154,50
"modifier",16,646,694
"modifier",16,545,519
"modifier",16,161,488
"modifier",16,313,95
"modifier",16,224,237
"modifier",16,189,41
"modifier",16,128,425
"modifier",16,445,507
"modifier",16,342,171
"modifier",16,97,685
"modifier",16,324,298
"modifier",16,479,186
"modifier",16,103,140
"modifier",16,140,253
"modifier",16,511,8
"modifier",16,421,263
"modifier",16,514,257
"modifier",16,405,20
"modifier",16,528,560
"modifier",16,517,594
"modifier",16,572,181
"modifier",16,50,421
"modifier",16,237,137
"modifier",16,622,161
"modifier",16,129,176
"modifier",16,579,646
"modifier",16,651,282
"modifier",16,462,515
"modifier",16,343,651
"modifier",16,533,221
"modifier",16,177,682
"modifier",16,185,195
"modifier",16,593,147
"modifier",16,147,270
"modifier",16,523,450
"modifier",16,28,402
"modifier",16,655,97
"modifier",16,167,55
"modifier",16,349,652
"modifier",16,41,196
"modifier",16,253,579
"modifier",16,54,558
"modifier",16,676,448
"modifier",16,558,197
"modifier",16,425,213
"modifier",16,283,322
"modifier",16,196,562
"modifier",16,674,500
"modifier",16,221,676
"modifier",16,665,517
"modifier",16,89,89
"modifier",16,446,241
"modifier",16,490,286
"modifier",16,689,210
"modifier",16,469,325
"modifier",16,20,342
"modifier",16,184,38
"modifier",16,500,314
"modifier",16,440,177
"modifier",16,628,434
"modifier",16,40,167
"modifier",16,382,138
"modifier",16,488,13
"modifier",16,183,511
"modifier",16,588,581
"modifier",16,38,398
"modifier",16,213,556
"modifier",16,195,548
"modifier",16,627,622
"modifier",16,519,508
"modifier",16,172,674
"modifier",16,652,148
"modifier",16,145,528
"modifier",16,544,24
"modifier",16,668,179
"modifier",16,121,227
"modifier",16,181,349
"modifier",16,261,588
"modifier",16,69,183
"modifier",16,171,14
"modifier",16,613,446
"modifier",16,562,533
"modifier",16,402,343
"modifier",16,682,102
"modifier",16,328,121
"modifier",16,386,593
"modifier",16,198,128
"modifier",16,418,544
"modifier",16,138,643
"modifier",16,556,633
"modifier",16,548,668
"modifier",16,485,602
"modifier",16,626,274
"modifier",16,42,231
"modifier",16,336,215
"modifier",16,258,66
"modifier",16,398,630
"modifier",16,179,621
"modifier",16,47,572
"modifier",16,92,47
"modifier",16,187,399
"modifier",16,633,665
"modifier",16,298,392
"modifier",16,176,655
"modifier",16,450,238
"modifier",16,23,27
"modifier",16,66,185
"modifier",16,117,485
"modifier",16,515,473
"modifier",16,463,545
"modifier",16,506,523
"modifier",16,507,198
"modifier",16,259,490
"modifier",16,685,371
"modifier",16,434,565
"modifier",16,322,315
"modifier",16,473,261
"modifier",16,396,479
"modifier",16,137,463
"modifier",16,399,22
"modifier",16,55,28
"modifier",16,325,92
"modifier",16,252,165
"modifier",16,13,54
"modifier",16,694,396
"modifier",16,24,100
"modifier",16,148,145
"modifier",16,270,313
"modifier",16,186,599
"modifier",16,215,304
"modifier",16,392,336
"modifier",16,238,283
"modifier",16,377,69
"modifier",16,165,506
"modifier",16,8,628
"modifier",16,372,129
"modifier",16,560,586
"modifier",16,197,40
"modifier",16,565,15
"modifier",16,448,626
"modifier",16,315,608
"modifier",16,444,445
"modifier",16,156,42
"modifier",16,263,514
"modifier",16,602,103
"modifier",16,241,154
"modifier",16,508,405
"modifier",16,282,469
"modifier",16,14,258
"modifier",17,586,562
"modifier",17,100,100
"modifier",17,286,147
"modifier",17,371,27
"modifier",17,304,479
"modifier",17,210,349
"modifier",17,608,156
"modifier",17,127,28
"modifier",17,581,622
"modifier",17,621,556
"modifier",17,22,263
"modifier",17,257,324
"modifier",17,15,129
"modifier",17,27,237
"modifier",17,274,286
"modifier",17,643,473
"modifier",17,227,462
"modifier",17,231,386
"modifier",17,599,519
"modifier",17,160,402
"modifier",17,95,594
"modifier",17,102,450
"modifier",17,594,38
"modifier",17,314,511
"modifier",17,630,253
"modifier",17,154,55
"modifier",17,646,165
"modifier",17,545,602
"modifier",17,161,154
"modifier",17,313,418
"modifier",17,224,313
"modifier",17,189,270
"modifier",17,128,694
"modifier",17,445,485
"modifier",17,342,399
"modifier",17,97,227
"modifier",17,324,490
"modifier",17,479,508
"modifier",17,103,183
"modifier",17,140,440
"modifier",17,511,506
"modifier",17,421,514
"modifier",17,514,633
"modifier",17,405,676
"modifier",17,528,528
"modifier",17,517,643
"modifier",17,572,177
"modifier",17,50,507
"modifier",17,237,179
"modifier",17,622,172
"modifier",17,129,652
"modifier",17,579,608
"modifier",17,651,161
"modifier",17,462,138
"modifier",17,343,488
"modifier",17,533,565
"modifier",17,177,626
"modifier",17,185,258
"modifier",17,593,66
"modifier",17,147,213
"modifier",17,523,613
"modifier",17,28,117
"modifier",17,655,523
"modifier",17,167,181
"modifier",17,349,328
"modifier",17,41,685
"modifier",17,253,210
"modifier",17,54,196
"modifier",17,676,121
"modifier",17,558,674
"modifier",17,425,646
"modifier",17,283,446
"modifier",17,196,22
"modifier",17,674,103
"modifier",17,221,651
"modifier",17,665,463
"modifier",17,89,392
"modifier",17,446,315
"modifier",17,490,13
"modifier",17,689,47
"modifier",17,469,14
"modifier",17,20,127
"modifier",17,184,197
"modifier",17,500,342
"modifier",17,440,40
"modifier",17,628,382
"modifier",17,40,581
"modifier",17,382,185
"modifier",17,488,195
"modifier",17,183,560
"modifier",17,588,322
"modifier",17,38,283
"modifier",17,213,137
"modifier",17,195,54
"modifier",17,627,533
"modifier",17,519,259
"modifier",17,172,298
"modifier",17,652,593
"modifier",17,145,41
"modifier",17,544,689
"modifier",17,668,586
"modifier",17,121,102
"modifier",17,181,15
"modifier",17,261,343
"modifier",17,69,128
"modifier",17,171,377
"modifier",17,613,434
"modifier",17,562,396
"modifier",17,402,425
"modifier",17,682,92
"modifier",17,328,655
"modifier",17,386,500
"modifier",17,198,445
"modifier",17,418,444
"modifier",17,138,371
"modifier",17,556,187
"modifier",17,548,145
"modifier",17,485,398
"modifier",17,626,469
"modifier",17,42,176
"modifier",17,336,421
"modifier",17,258,628
"modifier",17,398,627
"modifier",17,179,668
"modifier",17,47,548
"modifier",17,92,231
"modifier",17,187,167
"modifier",17,633,24
"modifier",17,298,621
"modifier",17,176,189
"modifier",17,450,448
"modifier",17,23,682
"modifier",17,66,221
"modifier",17,117,160
"modifier",17,515,140
"modifier",17,463,588
"modifier",17,506,630
"modifier",17,507,558
"modifier",17,259,517
"modifier",17,685,238
"modifier",17,434,69
"modifier",17,322,148
"modifier",17,473,261
"modifier",17,396,599
"modifier",17,137,544
"modifier",17,399,215
"modifier",17,55,186
"modifier",17,325,252
"modifier",17,252,224
"modifier",17,13,274
"modifier",17,694,23
"modifier",17,24,282
"modifier",17,148,95
"modifier",17,270,241
"modifier",17,186,515
"modifier",17,215,372
"modifier",17,392,304
"modifier",17,238,336
"modifier",17,377,8
"modifier",17,165,545
"modifier",17,8,42
"modifier",17,372,171
"modifier",17,560,572
"modifier",17,197,89
"modifier",17,565,325
"modifier",17,448,184
"modifier",17,315,50
"modifier",17,444,314
"modifier",17,156,405
"modifier",17,263,665
"modifier",17,602,198
"modifier",17,241,579
"modifier",17,508,97
"modifier",17,282,257
"modifier",17,14,20
"modifier",18,586,171
"modifier",18,100,581
"modifier",18,286,283
"modifier",18,371,24
"modifier",18,304,507
"modifier",18,210,183
"modifier",18,608,586
"modifier",18,127,241
"modifier",18,581,425
"modifier",18,621,528
"modifier",18,22,161
"modifier",18,257,14
"modifier",18,15,179
"modifier",18,27,646
"modifier",18,274,652
"modifier",18,643,386
"modifier",18,227,117
"modifier",18,231,398
"modifier",18,599,40
"modifier",18,160,372
"modifier",18,95,92
"modifier",18,102,253
"modifier",18,594,196
"modifier",18,314,210
"modifier",18,630,665
"modifier",18,154,463
"modifier",18,646,500
"modifier",18,545,545
"modifier",18,161,462
"modifier",18,313,54
"modifier",18,224,314
"modifier",18,189,13
"modifier",18,128,479
"modifier",18,445,27
"modifier",18,342,97
"modifier",18,97,148
"modifier",18,324,418
"modifier",18,479,257
"modifier",18,103,630
"modifier",18,140,594
"modifier",18,511,165
"modifier",18,421,127
"modifier",18,514,181
"modifier",18,405,599
"modifier",18,528,469
"modifier",18,517,66
"modifier",18,572,128
"modifier",18,50,270
"modifier",18,237,258
"modifier",18,622,434
"modifier",18,129,55
"modifier",18,579,221
"modifier",18,651,572
"modifier",18,462,184
"modifier",18,343,41
"modifier",18,533,544
"modifier",18,177,252
"modifier",18,185,514
"modifier",18,593,137
"modifier",18,147,490
"modifier",18,523,185
"modifier",18,28,102
"modifier",18,655,440
"modifier",18,167,593
"modifier",18,349,674
"modifier",18,41,622
"modifier",18,253,392
"modifier",18,54,274
"modifier",18,676,685
"modifier",18,558,227
"modifier",18,425,506
"modifier",18,283,382
"modifier",18,196,643
"modifier",18,674,579
"modifier",18,221,238
"modifier",18,665,69
"modifier",18,89,8
"modifier",18,446,213
"modifier",18,490,651
"modifier",18,689,187
"modifier",18,469,508
"modifier",18,20,263
"modifier",18,184,689
"modifier",18,500,328
"modifier",18,440,156
"modifier",18,628,22
"modifier",18,40,343
"modifier",18,382,160
"modifier",18,488,15
"modifier",18,183,100
"modifier",18,588,676
"modifier",18,38,315
"modifier",18,213,129
"modifier",18,195,336
"modifier",18,627,224
"modifier",18,519,20
"modifier",18,172,668
"modifier",18,652,682
"modifier",18,145,282
"modifier",18,544,50
"modifier",18,668,231
"modifier",18,121,186
"modifier",18,181,621
"modifier",18,261,377
"modifier",18,69,626
"modifier",18,171,565
"modifier",18,613,515
"modifier",18,562,473
"modifier",18,402,517
"modifier",18,682,448
"modifier",18,328,342
"modifier",18,386,261
"modifier",18,198,304
"modifier",18,418,511
"modifier",18,138,28
"modifier",18,556,23
"modifier",18,548,325
"modifier",18,485,488
"modifier",18,626,198
"modifier",18,42,286
"modifier",18,336,154
"modifier",18,258,548
"modifier",18,398,189
"modifier",18,179,259
"modifier",18,47,608
"modifier",18,92,627
"modifier",18,187,195
"modifier",18,633,38
"modifier",18,298,324
"modifier",18,176,177
"modifier",18,450,588
"modifier",18,23,147
"modifier",18,66,633
"modifier",18,117,602
"modifier",18,515,371
"modifier",18,463,237
"modifier",18,506,145
"modifier",18,507,405
"modifier",18,259,197
"modifier",18,685,523
"modifier",18,434,446
"modifier",18,322,103
"modifier",18,473,298
"modifier",18,396,562
"modifier",18,137,399
"modifier",18,399,445
"modifier",18,55,396
"modifier",18,325,95
"modifier",18,252,47
"modifier",18,13,421
"modifier",18,694,215
"modifier",18,24,172
"modifier",18,148,89
"modifier",18,270,121
"modifier",18,186,444
"modifier",18,215,519
"modifier",18,392,558
"modifier",18,238,450
"modifier",18,377,313
"modifier",18,165,322
"modifier",18,8,655
"modifier",18,372,167
"modifier",18,560,140
"modifier",18,197,533
"modifier",18,565,138
"modifier",18,448,349
"modifier",18,315,42
"modifier",18,444,560
"modifier",18,156,176
"modifier",18,263,694
"modifier",18,602,613
"modifier",18,241,402
"modifier",18,508,485
"modifier",18,282,628
"modifier",18,14,556
"modifier",19,586,473
"modifier",19,100,221
"modifier",19,286,259
"modifier",19,371,450
"modifier",19,304,324
"modifier",19,210,485
"modifier",19,608,224
"modifier",19,127,682
"modifier",19,581,511
"modifier",19,621,274
"modifier",19,22,643
"modifier",19,257,342
"modifier",19,15,646
"modifier",19,27,515
"modifier",19,274,15
"modifier",19,643,41
"modifier",19,227,195
"modifier",19,231,548
"modifier",19,599,128
"modifier",19,160,322
"modifier",19,95,349
"modifier",19,102,50
"modifier",19,594,196
"modifier",19,314,608
"modifier",19,630,100
"modifier",19,154,444
"modifier",19,646,533
"modifier",19,545,325
"modifier",19,161,396
"modifier",19,313,103
"modifier",19,224,371
"modifier",19,189,145
"modifier",19,128,519
"modifier",19,445,558
"modifier",19,342,445
"modifier",19,97,66
"modifier",19,324,565
"modifier",19,479,602
"modifier",19,103,215
"modifier",19,140,97
"modifier",19,511,20
"modifier",19,421,156
"modifier",19,514,140
"modifier",19,405,628
"modifier",19,528,40
"modifier",19,517,488
"modifier",19,572,651
"modifier",19,50,241
"modifier",19,237,689
"modifier",19,622,129
"modifier",19,129,258
"modifier",19,579,138
"modifier",19,651,655
"modifier",19,462,22
"modifier",19,343,270
"modifier",19,533,613
"modifier",19,177,448
"modifier",19,185,92
"modifier",19,593,13
"modifier",19,147,462
"modifier",19,523,69
"modifier",19,28,171
"modifier",19,655,28
"modifier",19,167,165
"modifier",19,349,372
"modifier",19,41,253
"modifier",19,253,343
"modifier",19,54,514
"modifier",19,676,314
"modifier",19,558,237
"modifier",19,425,23
"modifier",19,283,176
"modifier",19,196,402
"modifier",19,674,184
"modifier",19,221,665
"modifier",19,665,189
"modifier",19,89,399
"modifier",19,446,313
"modifier",19,490,469
"modifier",19,689,54
"modifier",19,469,446
"modifier",19,20,121
"modifier",19,184,263
"modifier",19,500,622
"modifier",19,440,377
"modifier",19,628,328
"modifier",19,40,545
"modifier",19,382,181
"modifier",19,488,386
"modifier",19,183,633
"modifier",19,588,55
"modifier",19,38,562
"modifier",19,213,148
"modifier",19,195,227
"modifier",19,627,627
"modifier",19,519,588
"modifier",19,172,506
"modifier",19,652,479
"modifier",19,145,286
"modifier",19,544,102
"modifier",19,668,440
"modifier",19,121,630
"modifier",19,181,298
"modifier",19,261,137
"modifier",19,69,517
"modifier",19,171,674
"modifier",19,613,183
"modifier",19,562,117
"modifier",19,402,556
"modifier",19,682,405
"modifier",19,328,490
"modifier",19,386,421
"modifier",19,198,185
"modifier",19,418,599
"modifier",19,138,560
"modifier",19,556,508
"modifier",19,548,425
"modifier",19,485,392
"modifier",19,626,160
"modifier",19,42,8
"modifier",19,336,398
"modifier",19,258,198
"modifier",19,398,89
"modifier",19,179,652
"modifier",19,47,315
"modifier",19,92,27
"modifier",19,187,304
"modifier",19,633,127
"modifier",19,298,572
"modifier",19,176,528
"modifier",19,450,42
"modifier",19,23,179
"modifier",19,66,676
"modifier",19,117,252
"modifier",19,515,283
"modifier",19,463,463
"modifier",19,506,507
"modifier",19,507,626
"modifier",19,259,161
"modifier",19,685,282
"modifier",19,434,621
"modifier",19,322,147
"modifier",19,473,231
"modifier",19,396,257
"modifier",19,137,95
"modifier",19,399,594
"modifier",19,55,581
"modifier",19,325,544
"modifier",19,252,579
"modifier",19,13,336
"modifier",19,694,418
"modifier",19,24,47
"modifier",19,148,261
"modifier",19,270,593
"modifier",19,186,172
"modifier",19,215,167
"modifier",19,392,434
"modifier",19,238,238
"modifier",19,377,38
"modifier",19,165,14
"modifier",19,8,500
"modifier",19,372,213
"modifier",19,560,210
"modifier",19,197,187
"modifier",19,565,586
"modifier",19,448,154
"modifier",19,315,24
"modifier",19,444,186
"modifier",19,156,694
"modifier",19,263,197
"modifier",19,602,668
"modifier",19,241,177
"modifier",19,508,382
"modifier",19,282,523
"modifier",19,14,685
"modifier",20,586,187
"modifier",20,100,528
"modifier",20,286,100
"modifier",20,371,646
"modifier",20,304,286
"modifier",20,210,586
"modifier",20,608,593
"modifier",20,127,177
"modifier",20,581,514
"modifier",20,621,488
"modifier",20,22,517
"modifier",20,257,259
"modifier",20,15,298
"modifier",20,27,304
"modifier",20,274,127
"modifier",20,643,137
"modifier",20,227,147
"modifier",20,231,328
"modifier",20,599,224
"modifier",20,160,548
"modifier",20,95,372
"modifier",20,102,210
"modifier",20,594,241
"modifier",20,314,189
"modifier",20,630,508
"modifier",20,154,42
"modifier",20,646,261
"modifier",20,545,50
"modifier",20,161,186
"modifier",20,313,685
"modifier",20,224,613
"modifier",20,189,325
"modifier",20,128,440
"modifier",20,445,257
"modifier",20,342,490
"modifier",20,97,253
"modifier",20,324,349
"modifier",20,479,128
"modifier",20,103,154
"modifier",20,140,15
"modifier",20,511,167
"modifier",20,421,69
"modifier",20,514,66
"modifier",20,405,283
"modifier",20,528,140
"modifier",20,517,342
"modifier",20,572,399
"modifier",20,50,556
"modifier",20,237,418
"modifier",20,622,450
"modifier",20,129,392
"modifier",20,579,371
"modifier",20,651,462
"modifier",20,462,485
"modifier",20,343,156
"modifier",20,533,396
"modifier",20,177,314
"modifier",20,185,652
"modifier",20,593,651
"modifier",20,147,221
"modifier",20,523,117
"modifier",20,28,184
"modifier",20,655,668
"modifier",20,167,197
"modifier",20,349,322
"modifier",20,41,263
"modifier",20,253,627
"modifier",20,54,665
"modifier",20,676,500
"modifier",20,558,602
"modifier",20,425,444
"modifier",20,283,533
"modifier",20,196,40
"modifier",20,674,8
"modifier",20,221,121
"modifier",20,665,14
"modifier",20,89,421
"modifier",20,446,405
"modifier",20,490,562
"modifier",20,689,54
"modifier",20,469,20
"modifier",20,20,599
"modifier",20,184,446
"modifier",20,500,198
"modifier",20,440,588
"modifier",20,628,572
"modifier",20,40,674
"modifier",20,382,633
"modifier",20,488,23
"modifier",20,183,581
"modifier",20,588,95
"modifier",20,38,231
"modifier",20,213,160
"modifier",20,195,689
"modifier",20,627,148
"modifier",20,519,506
"modifier",20,172,630
"modifier",20,652,38
"modifier",20,145,382
"modifier",20,544,97
"modifier",20,668,129
"modifier",20,121,479
"modifier",20,181,315
"modifier",20,261,608
"modifier",20,69,185
"modifier",20,171,626
"modifier",20,613,258
"modifier",20,562,560
"modifier",20,402,694
"modifier",20,682,643
"modifier",20,328,145
"modifier",20,386,165
"modifier",20,198,238
"modifier",20,418,377
"modifier",20,138,336
"modifier",20,556,434
"modifier",20,548,448
"modifier",20,485,24
"modifier",20,626,676
"modifier",20,42,138
"modifier",20,336,398
"modifier",20,258,92
"modifier",20,398,628
"modifier",20,179,282
"modifier",20,47,386
"modifier",20,92,227
"modifier",20,187,507
"modifier",20,633,172
"modifier",20,298,27
"modifier",20,176,343
"modifier",20,450,313
"modifier",20,23,519
"modifier",20,66,445
"modifier",20,117,565
"modifier",20,515,682
"modifier",20,463,47
"modifier",20,506,511
"modifier",20,507,213
"modifier",20,259,179
"modifier",20,685,463
"modifier",20,434,473
"modifier",20,322,594
"modifier",20,473,545
"modifier",20,396,195
"modifier",20,137,655
"modifier",20,399,622
"modifier",20,55,89
"modifier",20,325,215
"modifier",20,252,103
"modifier",20,13,558
"modifier",20,694,324
"modifier",20,24,176
"modifier",20,148,13
"modifier",20,270,425
"modifier",20,186,252
"modifier",20,215,274
"modifier",20,392,183
"modifier",20,238,171
"modifier",20,377,621
"modifier",20,165,41
"modifier",20,8,237
"modifier",20,372,515
"modifier",20,560,523
"modifier",20,197,102
"modifier",20,565,161
"modifier",20,448,270
"modifier",20,315,22
"modifier",20,444,181
"modifier",20,156,469
"modifier",20,263,196
"modifier",20,602,28
"modifier",20,241,579
"modifier",20,508,544
"modifier",20,282,55
"modifier",20,14,402
"modifier",21,586,444
"modifier",21,100,313
"modifier",21,286,121
"modifier",21,371,377
"modifier",21,304,386
"modifier",21,210,325
"modifier",21,608,579
"modifier",21,127,13
"modifier",21,581,324
"modifier",21,621,608
"modifier",21,22,682
"modifier",21,257,270
"modifier",21,15,261
"modifier",21,27,154
"modifier",21,274,545
"modifier",21,643,224
"modifier",21,227,241
"modifier",21,231,463
"modifier",21,599,227
"modifier",21,160,322
"modifier",21,95,100
"modifier",21,102,274
"modifier",21,594,446
"modifier",21,314,599
"modifier",21,630,283
"modifier",21,154,97
"modifier",21,646,42
"modifier",21,545,263
"modifier",21,161,253
"modifier",21,313,613
"modifier",21,224,215
"modifier",21,189,523
"modifier",21,128,189
"modifier",21,445,24
"modifier",21,342,588
"modifier",21,97,507
"modifier",21,324,490
"modifier",21,479,137
"modifier",21,103,372
"modifier",21,140,462
"modifier",21,511,69
"modifier",21,421,626
"modifier",21,514,593
"modifier",21,405,128
"modifier",21,528,304
"modifier",21,517,633
"modifier",21,572,176
"modifier",21,50,560
"modifier",21,237,186
"modifier",21,622,259
"modifier",21,129,548
"modifier",21,579,14
"modifier",21,651,399
"modifier",21,462,668
"modifier",21,343,23
"modifier",21,533,646
"modifier",21,177,665
"modifier",21,185,282
"modifier",21,593,621
"modifier",21,147,257
"modifier",21,523,177
"modifier",21,28,8
"modifier",21,655,231
"modifier",21,167,187
"modifier",21,349,165
"modifier",21,41,50
"modifier",21,253,674
"modifier",21,54,558
"modifier",21,676,55
"modifier",21,558,655
"modifier",21,425,396
"modifier",21,283,336
"modifier",21,196,258
"modifier",21,674,210
"modifier",21,221,15
"modifier",21,665,506
"modifier",21,89,628
"modifier",21,446,117
"modifier",21,490,221
"modifier",21,689,602
"modifier",21,469,183
"modifier",21,20,38
"modifier",21,184,556
"modifier",21,500,405
"modifier",21,440,198
"modifier",21,628,572
"modifier",21,40,161
"modifier",21,382,148
"modifier",21,488,676
"modifier",21,183,298
"modifier",21,588,514
"modifier",21,38,515
"modifier",21,213,197
"modifier",21,195,473
"modifier",21,627,179
"modifier",21,519,627
"modifier",21,172,450
"modifier",21,652,528
"modifier",21,145,22
"modifier",21,544,643
"modifier",21,668,349
"modifier",21,121,213
"modifier",21,181,402
"modifier",21,261,689
"modifier",21,69,398
"modifier",21,171,371
"modifier",21,613,418
"modifier",21,562,485
"modifier",21,402,448
"modifier",21,682,562
"modifier",21,328,252
"modifier",21,386,237
"modifier",21,198,66
"modifier",21,418,651
"modifier",21,138,103
"modifier",21,556,622
"modifier",21,548,160
"modifier",21,485,95
"modifier",21,626,479
"modifier",21,42,145
"modifier",21,336,185
"modifier",21,258,421
"modifier",21,398,544
"modifier",21,179,342
"modifier",21,47,519
"modifier",21,92,28
"modifier",21,187,167
"modifier",21,633,382
"modifier",21,298,40
"modifier",21,176,140
"modifier",21,450,92
"modifier",21,23,47
"modifier",21,66,314
"modifier",21,117,184
"modifier",21,515,138
"modifier",21,463,156
"modifier",21,506,238
"modifier",21,507,652
"modifier",21,259,181
"modifier",21,685,469
"modifier",21,434,196
"modifier",21,322,41
"modifier",21,473,171
"modifier",21,396,565
"modifier",21,137,440
"modifier",21,399,488
"modifier",21,55,172
"modifier",21,325,195
"modifier",21,252,630
"modifier",21,13,147
"modifier",21,694,27
"modifier",21,24,129
"modifier",21,148,500
"modifier",21,270,343
"modifier",21,186,594
"modifier",21,215,127
"modifier",21,392,20
"modifier",21,238,392
"modifier",21,377,328
"modifier",21,165,511
"modifier",21,8,286
"modifier",21,372,586
"modifier",21,560,694
"modifier",21,197,533
"modifier",21,565,508
"modifier",21,448,434
"modifier",21,315,54
"modifier",21,444,445
"modifier",21,156,425
"modifier",21,263,517
"modifier",21,602,685
"modifier",21,241,581
"modifier",21,508,89
"modifier",21,282,102
"modifier",21,14,315
"modifier",22,586,24
"modifier",22,100,196
"modifier",22,286,446
"modifier",22,371,92
"modifier",22,304,514
"modifier",22,210,304
"modifier",22,608,322
"modifier",22,127,315
"modifier",22,581,488
"modifier",22,621,594
"modifier",22,22,145
"modifier",22,257,161
"modifier",22,15,324
"modifier",22,27,565
"modifier",22,274,593
"modifier",22,643,372
"modifier",22,227,22
"modifier",22,231,485
"modifier",22,599,231
"modifier",22,160,210
"modifier",22,95,462
"modifier",22,102,148
"modifier",22,594,140
"modifier",22,314,238
"modifier",22,630,396
"modifier",22,154,38
"modifier",22,646,103
"modifier",22,545,500
"modifier",22,161,506
"modifier",22,313,588
"modifier",22,224,197
"modifier",22,189,562
"modifier",22,128,599
"modifier",22,445,651
"modifier",22,342,253
"modifier",22,97,613
"modifier",22,324,665
"modifier",22,479,325
"modifier",22,103,507
"modifier",22,140,399
"modifier",22,511,528
"modifier",22,421,137
"modifier",22,514,227
"modifier",22,405,172
"modifier",22,528,558
"modifier",22,517,50
"modifier",22,572,183
"modifier",22,50,69
"modifier",22,237,342
"modifier",22,622,95
"modifier",22,129,177
"modifier",22,579,630
"modifier",22,651,179
"modifier",22,462,8
"modifier",22,343,655
"modifier",22,533,313
"modifier",22,177,479
"modifier",22,185,445
"modifier",22,593,544
"modifier",22,147,195
"modifier",22,523,377
"modifier",22,28,55
"modifier",22,655,283
"modifier",22,167,97
"modifier",22,349,556
"modifier",22,41,89
"modifier",22,253,41
"modifier",22,54,224
"modifier",22,676,270
"modifier",22,558,515
"modifier",22,425,286
"modifier",22,283,198
"modifier",22,196,66
"modifier",22,674,184
"modifier",22,221,398
"modifier",22,665,586
"modifier",22,89,425
"modifier",22,446,14
"modifier",22,490,252
"modifier",22,689,147
"modifier",22,469,186
"modifier",22,20,258
"modifier",22,184,20
"modifier",22,500,336
"modifier",22,440,241
"modifier",22,628,418
"modifier",22,40,128
"modifier",22,382,581
"modifier",22,488,117
"modifier",22,183,448
"modifier",22,588,440
"modifier",22,38,572
"modifier",22,213,154
"modifier",22,195,13
"modifier",22,627,42
"modifier",22,519,450
"modifier",22,172,627
"modifier",22,652,138
"modifier",22,145,511
"modifier",22,544,100
"modifier",22,668,259
"modifier",22,121,628
"modifier",22,181,176
"modifier",22,261,694
"modifier",22,69,23
"modifier",22,171,129
"modifier",22,613,237
"modifier",22,562,421
"modifier",22,402,328
"modifier",22,682,27
"modifier",22,328,621
"modifier",22,386,626
"modifier",22,198,652
"modifier",22,418,215
"modifier",22,138,274
"modifier",22,556,221
"modifier",22,548,15
"modifier",22,485,386
"modifier",22,626,545
"modifier",22,42,371
"modifier",22,336,167
"modifier",22,258,343
"modifier",22,398,463
"modifier",22,179,165
"modifier",22,47,608
"modifier",22,92,668
"modifier",22,187,689
"modifier",22,633,261
"modifier",22,298,405
"modifier",22,176,523
"modifier",22,450,444
"modifier",22,23,171
"modifier",22,66,181
"modifier",22,117,298
"modifier",22,515,28
"modifier",22,463,579
"modifier",22,506,263
"modifier",22,507,490
"modifier",22,259,434
"modifier",22,685,402
"modifier",22,434,156
"modifier",22,322,643
"modifier",22,473,382
"modifier",22,396,469
"modifier",22,137,257
"modifier",22,399,102
"modifier",22,55,127
"modifier",22,325,160
"modifier",22,252,121
"modifier",22,13,508
"modifier",22,694,189
"modifier",22,24,622
"modifier",22,148,633
"modifier",22,270,187
"modifier",22,186,533
"modifier",22,215,392
"modifier",22,392,685
"modifier",22,238,674
"modifier",22,377,473
"modifier",22,165,40
"modifier",22,8,682
"modifier",22,372,517
"modifier",22,560,646
"modifier",22,197,213
"modifier",22,565,282
"modifier",22,448,314
"modifier",22,315,47
"modifier",22,444,349
"modifier",22,156,602
"modifier",22,263,676
"modifier",22,602,519
"modifier",22,241,560
"modifier",22,508,54
"modifier",22,282,548
"modifier",22,14,185
"modifier",23,586,517
"modifier",23,100,197
"modifier",23,286,523
"modifier",23,371,165
"modifier",23,304,421
"modifier",23,210,328
"modifier",23,608,196
"modifier",23,127,54
"modifier",23,581,274
"modifier",23,621,315
"modifier",23,22,343
"modifier",23,257,100
"modifier",23,15,129
"modifier",23,27,42
"modifier",23,274,313
"modifier",23,643,172
"modifier",23,227,238
"modifier",23,231,148
"modifier",23,599,511
"modifier",23,160,24
"modifier",23,95,398
"modifier",23,102,69
"modifier",23,594,445
"modifier",23,314,286
"modifier",23,630,270
"modifier",23,154,515
"modifier",23,646,506
"modifier",23,545,665
"modifier",23,161,138
"modifier",23,313,565
"modifier",23,224,643
"modifier",23,189,117
"modifier",23,128,599
"modifier",23,445,13
"modifier",23,342,473
"modifier",23,97,588
"modifier",23,324,8
"modifier",23,479,500
"modifier",23,103,314
"modifier",23,140,674
"modifier",23,511,231
"modifier",23,421,121
"modifier",23,514,562
"modifier",23,405,626
"modifier",23,528,252
"modifier",23,517,685
"modifier",23,572,425
"modifier",23,50,349
"modifier",23,237,181
"modifier",23,622,179
"modifier",23,129,283
"modifier",23,579,160
"modifier",23,651,253
"modifier",23,462,66
"modifier",23,343,392
"modifier",23,533,372
"modifier",23,177,20
"modifier",23,185,14
"modifier",23,593,215
"modifier",23,147,548
"modifier",23,523,22
"modifier",23,28,485
"modifier",23,655,655
"modifier",23,167,38
"modifier",23,349,652
"modifier",23,41,418
"modifier",23,253,213
"modifier",23,54,237
"modifier",23,676,156
"modifier",23,558,479
"modifier",23,425,47
"modifier",23,283,682
"modifier",23,196,15
"modifier",23,674,282
"modifier",23,221,103
"modifier",23,665,147
"modifier",23,89,593
"modifier",23,446,507
"modifier",23,490,572
"modifier",23,689,579
"modifier",23,469,402
"modifier",23,20,145
"modifier",23,184,594
"modifier",23,500,322
"modifier",23,440,27
"modifier",23,628,533
"modifier",23,40,630
"modifier",23,382,646
"modifier",23,488,183
"modifier",23,183,224
"modifier",23,588,544
"modifier",23,38,298
"modifier",23,213,377
"modifier",23,195,210
"modifier",23,627,434
"modifier",23,519,676
"modifier",23,172,627
"modifier",23,652,560
"modifier",23,145,127
"modifier",23,544,628
"modifier",23,668,528
"modifier",23,121,185
"modifier",23,181,396
"modifier",23,261,469
"modifier",23,69,508
"modifier",23,171,651
"modifier",23,613,198
"modifier",23,562,382
"modifier",23,402,633
"modifier",23,682,324
"modifier",23,328,694
"modifier",23,386,689
"modifier",23,198,186
"modifier",23,418,221
"modifier",23,138,519
"modifier",23,556,325
"modifier",23,548,28
"modifier",23,485,463
"modifier",23,626,259
"modifier",23,42,488
"modifier",23,336,263
"modifier",23,258,241
"modifier",23,398,336
"modifier",23,179,227
"modifier",23,47,258
"modifier",23,92,195
"modifier",23,187,514
"modifier",23,633,613
"modifier",23,298,304
"modifier",23,176,187
"modifier",23,450,444
"modifier",23,23,177
"modifier",23,66,490
"modifier",23,117,446
"modifier",23,515,189
"modifier",23,463,581
"modifier",23,506,128
"modifier",23,507,621
"modifier",23,259,399
"modifier",23,685,97
"modifier",23,434,89
"modifier",23,322,102
"modifier",23,473,440
"modifier",23,396,602
"modifier",23,137,545
"modifier",23,399,261
"modifier",23,55,405
"modifier",23,325,55
"modifier",23,252,95
"modifier",23,13,161
"modifier",23,694,556
"modifier",23,24,371
"modifier",23,148,40
"modifier",23,270,137
"modifier",23,186,586
"modifier",23,215,386
"modifier",23,392,462
"modifier",23,238,450
"modifier",23,377,558
"modifier",23,165,176
"modifier",23,8,257
"modifier",23,372,171
"modifier",23,560,50
"modifier",23,197,41
"modifier",23,565,167
"modifier",23,448,154
"modifier",23,315,23
"modifier",23,444,622
"modifier",23,156,608
"modifier",23,263,92
"modifier",23,602,668
"modifier",23,241,448
"modifier",23,508,342
"modifier",23,282,140
"modifier",23,14,184
"modifier",24,586,176
"modifier",24,100,165
"modifier",24,286,508
"modifier",24,371,148
"modifier",24,304,42
"modifier",24,210,286
"modifier",24,608,282
"modifier",24,127,213
"modifier",24,581,259
"modifier",24,621,506
"modifier",24,22,189
"modifier",24,257,55
"modifier",24,15,137
"modifier",24,27,544
"modifier",24,274,322
"modifier",24,643,129
"modifier",24,227,38
"modifier",24,231,507
"modifier",24,599,665
"modifier",24,160,313
"modifier",24,95,608
"modifier",24,102,579
"modifier",24,594,197
"modifier",24,314,23
"modifier",24,630,689
"modifier",24,154,47
"modifier",24,646,440
"modifier",24,545,622
"modifier",24,161,479
"modifier",24,313,121
"modifier",24,224,685
"modifier",24,189,593
"modifier",24,128,581
"modifier",24,445,371
"modifier",24,342,349
"modifier",24,97,655
"modifier",24,324,446
"modifier",24,479,283
"modifier",24,103,602
"modifier",24,140,342
"modifier",24,511,15
"modifier",24,421,160
"modifier",24,514,490
"modifier",24,405,633
"modifier",24,528,252
"modifier",24,517,145
"modifier",24,572,263
"modifier",24,50,14
"modifier",24,237,398
"modifier",24,622,488
"modifier",24,129,156
"modifier",24,579,594
"modifier",24,651,167
"modifier",24,462,621
"modifier",24,343,89
"modifier",24,533,179
"modifier",24,177,421
"modifier",24,185,20
"modifier",24,593,372
"modifier",24,147,565
"modifier",24,523,533
"modifier",24,28,396
"modifier",24,655,238
"modifier",24,167,66
"modifier",24,349,28
"modifier",24,41,54
"modifier",24,253,161
"modifier",24,54,586
"modifier",24,676,399
"modifier",24,558,147
"modifier",24,425,462
"modifier",24,283,195
"modifier",24,196,556
"modifier",24,674,651
"modifier",24,221,40
"modifier",24,665,343
"modifier",24,89,97
"modifier",24,446,41
"modifier",24,490,140
"modifier",24,689,694
"modifier",24,469,22
"modifier",24,20,237
"modifier",24,184,434
"modifier",24,500,187
"modifier",24,440,95
"modifier",24,628,514
"modifier",24,40,402
"modifier",24,382,562
"modifier",24,488,392
"modifier",24,183,103
"modifier",24,588,324
"modifier",24,38,181
"modifier",24,213,183
"modifier",24,195,227
"modifier",24,627,643
"modifier",24,519,485
"modifier",24,172,8
"modifier",24,652,102
"modifier",24,145,469
"modifier",24,544,418
"modifier",24,668,314
"modifier",24,121,682
"modifier",24,181,386
"modifier",24,261,448
"modifier",24,69,13
"modifier",24,171,627
"modifier",24,613,613
"modifier",24,562,445
"modifier",24,402,523
"modifier",24,682,425
"modifier",24,328,177
"modifier",24,386,304
"modifier",24,198,198
"modifier",24,418,298
"modifier",24,138,328
"modifier",24,556,258
"modifier",24,548,558
"modifier",24,485,27
"modifier",24,626,668
"modifier",24,42,463
"modifier",24,336,315
"modifier",24,258,92
"modifier",24,398,100
"modifier",24,179,528
"modifier",24,47,630
"modifier",24,92,626
"modifier",24,187,511
"modifier",24,633,270
"modifier",24,298,184
"modifier",24,176,674
"modifier",24,450,336
"modifier",24,23,171
"modifier",24,66,519
"modifier",24,117,24
"modifier",24,515,117
"modifier",24,463,127
"modifier",24,506,261
"modifier",24,507,548
"modifier",24,259,274
"modifier",24,685,325
"modifier",24,434,138
"modifier",24,322,257
"modifier",24,473,154
"modifier",24,396,50
"modifier",24,137,210
"modifier",24,399,676
"modifier",24,55,500
"modifier",24,325,377
"modifier",24,252,517
"modifier",24,13,572
"modifier",24,694,172
"modifier",24,24,652
"modifier",24,148,588
"modifier",24,270,515
"modifier",24,186,473
"modifier",24,215,545
"modifier",24,392,224
"modifier",24,238,231
"modifier",24,377,253
"modifier",24,165,450
"modifier",24,8,128
"modifier",24,372,444
"modifier",24,560,196
"modifier",24,197,241
"modifier",24,565,69
"modifier",24,448,382
"modifier",24,315,215
"modifier",24,444,185
"modifier",24,156,628
"modifier",24,263,560
"modifier",24,602,221
"modifier",24,241,405
"modifier",24,508,599
"modifier",24,282,646
"modifier",24,14,186
"modifier",25,586,469
"modifier",25,100,241
"modifier",25,286,237
"modifier",25,371,137
"modifier",25,304,586
"modifier",25,210,121
"modifier",25,608,343
"modifier",25,127,187
"modifier",25,581,54
"modifier",25,621,257
"modifier",25,22,42
"modifier",25,257,485
"modifier",25,15,14
"modifier",25,27,145
"modifier",25,274,198
"modifier",25,643,342
"modifier",25,227,154
"modifier",25,231,556
"modifier",25,599,668
"modifier",25,160,298
"modifier",25,95,626
"modifier",25,102,161
"modifier",25,594,545
"modifier",25,314,261
"modifier",25,630,445
"modifier",25,154,448
"modifier",25,646,259
"modifier",25,545,473
"modifier",25,161,588
"modifier",25,313,258
"modifier",25,224,184
"modifier",25,189,628
"modifier",25,128,399
"modifier",25,445,652
"modifier",25,342,396
"modifier",25,97,215
"modifier",25,324,517
"modifier",25,479,528
"modifier",25,103,179
"modifier",25,140,371
"modifier",25,511,315
"modifier",25,421,195
"modifier",25,514,147
"modifier",25,405,377
"modifier",25,528,507
"modifier",25,517,197
"modifier",25,572,196
"modifier",25,50,13
"modifier",25,237,324
"modifier",25,622,643
"modifier",25,129,28
"modifier",25,579,183
"modifier",25,651,490
"modifier",25,462,440
"modifier",25,343,286
"modifier",25,533,599
"modifier",25,177,253
"modifier",25,185,181
"modifier",25,593,646
"modifier",25,147,20
"modifier",25,523,221
"modifier",25,28,227
"modifier",25,655,172
"modifier",25,167,665
"modifier",25,349,500
"modifier",25,41,572
"modifier",25,253,608
"modifier",25,54,519
"modifier",25,676,314
"modifier",25,558,38
"modifier",25,425,633
"modifier",25,283,103
"modifier",25,196,593
"modifier",25,674,128
"modifier",25,221,511
"modifier",25,665,69
"modifier",25,89,47
"modifier",25,446,41
"modifier",25,490,213
"modifier",25,689,349
"modifier",25,469,176
"modifier",25,20,55
"modifier",25,184,562
"modifier",25,500,594
"modifier",25,440,23
"modifier",25,628,372
"modifier",25,40,694
"modifier",25,382,613
"modifier",25,488,602
"modifier",25,183,24
"modifier",25,588,508
"modifier",25,38,167
"modifier",25,213,581
"modifier",25,195,129
"modifier",25,627,336
"modifier",25,519,548
"modifier",25,172,579
"modifier",25,652,533
"modifier",25,145,252
"modifier",25,544,117
"modifier",25,668,186
"modifier",25,121,630
"modifier",25,181,283
"modifier",25,261,8
"modifier",25,69,171
"modifier",25,171,621
"modifier",25,613,27
"modifier",25,562,402
"modifier",25,402,392
"modifier",25,682,462
"modifier",25,328,421
"modifier",25,386,92
"modifier",25,198,270
"modifier",25,418,325
"modifier",25,138,210
"modifier",25,556,479
"modifier",25,548,22
"modifier",25,485,89
"modifier",25,626,40
"modifier",25,42,100
"modifier",25,336,185
"modifier",25,258,15
"modifier",25,398,189
"modifier",25,179,514
"modifier",25,47,231
"modifier",25,92,66
"modifier",25,187,322
"modifier",25,633,682
"modifier",25,298,627
"modifier",25,176,177
"modifier",25,450,138
"modifier",25,23,655
"modifier",25,66,488
"modifier",25,117,165
"modifier",25,515,425
"modifier",25,463,140
"modifier",25,506,434
"modifier",25,507,95
"modifier",25,259,506
"modifier",25,685,405
"modifier",25,434,446
"modifier",25,322,282
"modifier",25,473,238
"modifier",25,396,127
"modifier",25,137,304
"modifier",25,399,160
"modifier",25,55,515
"modifier",25,325,398
"modifier",25,252,676
"modifier",25,13,102
"modifier",25,694,156
"modifier",25,24,622
"modifier",25,148,450
"modifier",25,270,148
"modifier",25,186,263
"modifier",25,215,50
"modifier",25,392,313
"modifier",25,238,560
"modifier",25,377,523
"modifier",25,165,685
"modifier",25,8,463
"modifier",25,372,386
"modifier",25,560,689
"modifier",25,197,224
"modifier",25,565,565
"modifier",25,448,544
"modifier",25,315,328
"modifier",25,444,274
"modifier",25,156,651
"modifier",25,263,418
"modifier",25,602,674
"modifier",25,241,97
"modifier",25,508,558
"modifier",25,282,444
"modifier",25,14,382
"modifier",26,586,396
"modifier",26,100,95
"modifier",26,286,20
"modifier",26,371,652
"modifier",26,304,462
"modifier",26,210,313
"modifier",26,608,506
"modifier",26,127,402
"modifier",26,581,349
"modifier",26,621,69
"modifier",26,22,92
"modifier",26,257,630
"modifier",26,15,533
"modifier",26,27,213
"modifier",26,274,446
"modifier",26,643,651
"modifier",26,227,608
"modifier",26,231,490
"modifier",26,599,28
"modifier",26,160,261
"modifier",26,95,100
"modifier",26,102,322
"modifier",26,594,89
"modifier",26,314,560
"modifier",26,630,140
"modifier",26,154,66
"modifier",26,646,621
"modifier",26,545,197
"modifier",26,161,507
"modifier",26,313,189
"modifier",26,224,252
"modifier",26,189,187
"modifier",26,128,371
"modifier",26,445,54
"modifier",26,342,183
"modifier",26,97,342
"modifier",26,324,270
"modifier",26,479,304
"modifier",26,103,314
"modifier",26,140,668
"modifier",26,511,599
"modifier",26,421,117
"modifier",26,514,386
"modifier",26,405,523
"modifier",26,528,167
"modifier",26,517,325
"modifier",26,572,646
"modifier",26,50,221
"modifier",26,237,622
"modifier",26,622,448
"modifier",26,129,22
"modifier",26,579,548
"modifier",26,651,210
"modifier",26,462,8
"modifier",26,343,40
"modifier",26,533,517
"modifier",26,177,283
"modifier",26,185,682
"modifier",26,593,196
"modifier",26,147,198
"modifier",26,523,562
"modifier",26,28,47
"modifier",26,655,586
"modifier",26,167,685
"modifier",26,349,613
"modifier",26,41,528
"modifier",26,253,445
"modifier",26,54,627
"modifier",26,676,41
"modifier",26,558,469
"modifier",26,425,177
"modifier",26,283,171
"modifier",26,196,121
"modifier",26,674,237
"modifier",26,221,253
"modifier",26,665,241
"modifier",26,89,185
"modifier",26,446,579
"modifier",26,490,418
"modifier",26,689,594
"modifier",26,469,450
"modifier",26,20,398
"modifier",26,184,593
"modifier",26,500,55
"modifier",26,440,50
"modifier",26,628,377
"modifier",26,40,324
"modifier",26,382,519
"modifier",26,488,463
"modifier",26,183,127
"modifier",26,588,161
"modifier",26,38,184
"modifier",26,213,643
"modifier",26,195,145
"modifier",26,627,343
"modifier",26,519,286
"modifier",26,172,328
"modifier",26,652,336
"modifier",26,145,544
"modifier",26,544,257
"modifier",26,668,602
"modifier",26,121,13
"modifier",26,181,565
"modifier",26,261,626
"modifier",26,69,440
"modifier",26,171,172
"modifier",26,613,156
"modifier",26,562,405
"modifier",26,402,97
"modifier",26,682,298
"modifier",26,328,545
"modifier",26,386,511
"modifier",26,198,181
"modifier",26,418,224
"modifier",26,138,674
"modifier",26,556,633
"modifier",26,548,581
"modifier",26,485,148
"modifier",26,626,137
"modifier",26,42,434
"modifier",26,336,14
"modifier",26,258,23
"modifier",26,398,558
"modifier",26,179,500
"modifier",26,47,425
"modifier",26,92,231
"modifier",26,187,103
"modifier",26,633,382
"modifier",26,298,38
"modifier",26,176,515
"modifier",26,450,179
"modifier",26,23,508
"modifier",26,66,479
"modifier",26,117,588
"modifier",26,515,165
"modifier",26,463,572
"modifier",26,506,195
"modifier",26,507,488
"modifier",26,259,263
"modifier",26,685,274
"modifier",26,434,186
"modifier",26,322,665
"modifier",26,473,421
"modifier",26,396,258
"modifier",26,137,227
"modifier",26,399,556
"modifier",26,55,372
"modifier",26,325,689
"modifier",26,252,676
"modifier",26,13,138
"modifier",26,694,176
"modifier",26,24,147
"modifier",26,148,102
"modifier",26,270,238
"modifier",26,186,392
"modifier",26,215,399
"modifier",26,392,15
"modifier",26,238,27
"modifier",26,377,485
"modifier",26,165,315
"modifier",26,8,655
"modifier",26,372,24
"modifier",26,560,42
"modifier",26,197,129
"modifier",26,565,282
"modifier",26,448,473
"modifier",26,315,215
"modifier",26,444,128
"modifier",26,156,628
"modifier",26,263,259
"modifier",26,602,514
"modifier",26,241,694
"modifier",26,508,154
"modifier",26,282,160
"modifier",26,14,444
"modifier",27,586,392
"modifier",27,100,469
"modifier",27,286,622
"modifier",27,371,533
"modifier",27,304,479
"modifier",27,210,261
"modifier",27,608,92
"modifier",27,127,665
"modifier",27,581,682
"modifier",27,621,324
"modifier",27,22,463
"modifier",27,257,129
"modifier",27,15,231
"modifier",27,27,633
"modifier",27,274,608
"modifier",27,643,177
"modifier",27,227,117
"modifier",27,231,13
"modifier",27,599,283
"modifier",27,160,328
"modifier",27,95,450
"modifier",27,102,446
"modifier",27,594,38
"modifier",27,314,405
"modifier",27,630,689
"modifier",27,154,626
"modifier",27,646,523
"modifier",27,545,179
"modifier",27,161,627
"modifier",27,313,579
"modifier",27,224,215
"modifier",27,189,304
"modifier",27,128,42
"modifier",27,445,238
"modifier",27,342,167
"modifier",27,97,506
"modifier",27,324,581
"modifier",27,479,562
"modifier",27,103,694
"modifier",27,140,425
"modifier",27,511,183
"modifier",27,421,674
"modifier",27,514,402
"modifier",27,405,473
"modifier",27,528,186
"modifier",27,517,507
"modifier",27,572,544
"modifier",27,50,227
"modifier",27,237,148
"modifier",27,622,445
"modifier",27,129,176
"modifier",27,579,27
"modifier",27,651,418
"modifier",27,462,28
"modifier",27,343,556
"modifier",27,533,325
"modifier",27,177,196
"modifier",27,185,121
"modifier",27,593,253
"modifier",27,147,47
"modifier",27,523,511
"modifier",27,28,485
"modifier",27,655,100
"modifier",27,167,588
"modifier",27,349,643
"modifier",27,41,655
"modifier",27,253,396
"modifier",27,54,69
"modifier",27,676,103
"modifier",27,558,210
"modifier",27,425,488
"modifier",27,283,263
"modifier",27,196,386
"modifier",27,674,676
"modifier",27,221,399
"modifier",27,665,560
"modifier",27,89,286
"modifier",27,446,599
"modifier",27,490,558
"modifier",27,689,241
"modifier",27,469,565
"modifier",27,20,24
"modifier",27,184,197
"modifier",27,500,165
"modifier",27,440,127
"modifier",27,628,195
"modifier",27,40,156
"modifier",27,382,444
"modifier",27,488,259
"modifier",27,183,586
"modifier",27,588,371
"modifier",27,38,137
"modifier",27,213,189
"modifier",27,195,15
"modifier",27,627,519
"modifier",27,519,237
"modifier",27,172,128
"modifier",27,652,621
"modifier",27,145,613
"modifier",27,544,55
"modifier",27,668,181
"modifier",27,121,213
"modifier",27,181,685
"modifier",27,261,448
"modifier",27,69,382
"modifier",27,171,314
"modifier",27,613,315
"modifier",27,562,349
"modifier",27,402,40
"modifier",27,682,154
"modifier",27,328,270
"modifier",27,386,274
"modifier",27,198,602
"modifier",27,418,258
"modifier",27,138,508
"modifier",27,556,462
"modifier",27,548,343
"modifier",27,485,298
"modifier",27,626,572
"modifier",27,42,282
"modifier",27,336,257
"modifier",27,258,198
"modifier",27,398,377
"modifier",27,179,593
"modifier",27,47,651
"modifier",27,92,372
"modifier",27,187,490
"modifier",27,633,528
"modifier",27,298,322
"modifier",27,176,252
"modifier",27,450,8
"modifier",27,23,440
"modifier",27,66,20
"modifier",27,117,50
"modifier",27,515,221
"modifier",27,463,172
"modifier",27,506,14
"modifier",27,507,54
"modifier",27,259,500
"modifier",27,685,313
"modifier",27,434,171
"modifier",27,322,336
"modifier",27,473,224
"modifier",27,396,630
"modifier",27,137,138
"modifier",27,399,185
"modifier",27,55,421
"modifier",27,325,187
"modifier",27,252,517
"modifier",27,13,545
"modifier",27,694,646
"modifier",27,24,668
"modifier",27,148,89
"modifier",27,270,95
"modifier",27,186,184
"modifier",27,215,66
"modifier",27,392,594
"modifier",27,238,145
"modifier",27,377,342
"modifier",27,165,160
"modifier",27,8,434
"modifier",27,372,514
"modifier",27,560,652
"modifier",27,197,102
"modifier",27,565,548
"modifier",27,448,147
"modifier",27,315,515
"modifier",27,444,41
"modifier",27,156,140
"modifier",27,263,398
"modifier",27,602,23
"modifier",27,241,628
"modifier",27,508,97
"modifier",27,282,161
"modifier",27,14,22
"modifier",28,586,140
"modifier",28,100,425
"modifier",28,286,581
"modifier",28,371,560
"modifier",28,304,488
"modifier",28,210,127
"modifier",28,608,556
"modifier",28,127,215
"modifier",28,581,405
"modifier",28,621,448
"modifier",28,22,224
"modifier",28,257,103
"modifier",28,15,508
"modifier",28,27,643
"modifier",28,274,418
"modifier",28,643,274
"modifier",28,227,261
"modifier",28,231,213
"modifier",28,599,263
"modifier",28,160,479
"modifier",28,95,38
"modifier",28,102,54
"modifier",28,594,196
"modifier",28,314,392
"modifier",28,630,97
"modifier",28,154,342
"modifier",28,646,147
"modifier",28,545,100
"modifier",28,161,231
"modifier",28,313,177
"modifier",28,224,602
"modifier",28,189,15
"modifier",28,128,148
"modifier",28,445,14
"modifier",28,342,89
"modifier",28,97,69
"modifier",28,324,176
"modifier",28,479,50
"modifier",28,103,238
"modifier",28,140,651
"modifier",28,511,160
"modifier",28,421,398
"modifier",28,514,286
"modifier",28,405,652
"modifier",28,528,184
"modifier",28,517,655
"modifier",28,572,377
"modifier",28,50,685
"modifier",28,237,450
"modifier",28,622,633
"modifier",28,129,237
"modifier",28,579,528
"modifier",28,651,259
"modifier",28,462,689
"modifier",28,343,626
"modifier",28,533,507
"modifier",28,177,172
"modifier",28,185,517
"modifier",28,593,396
"modifier",28,147,66
"modifier",28,523,315
"modifier",28,28,117
"modifier",28,655,500
"modifier",28,167,599
"modifier",28,349,630
"modifier",28,41,545
"modifier",28,253,694
"modifier",28,54,198
"modifier",28,676,23
"modifier",28,558,298
"modifier",28,425,565
"modifier",28,283,446
"modifier",28,196,313
"modifier",28,674,154
"modifier",28,221,165
"modifier",28,665,161
"modifier",28,89,283
"modifier",28,446,328
"modifier",28,490,371
"modifier",28,689,252
"modifier",28,469,324
"modifier",28,20,421
"modifier",28,184,95
"modifier",28,500,462
"modifier",28,440,469
"modifier",28,628,628
"modifier",28,40,622
"modifier",28,382,336
"modifier",28,488,221
"modifier",28,183,185
"modifier",28,588,183
"modifier",28,38,270
"modifier",28,213,594
"modifier",28,195,92
"modifier",28,627,440
"modifier",28,519,608
"modifier",28,172,676
"modifier",28,652,304
"modifier",28,145,179
"modifier",28,544,514
"modifier",28,668,613
"modifier",28,121,382
"modifier",28,181,156
"modifier",28,261,314
"modifier",28,69,485
"modifier",28,171,145
"modifier",28,613,41
"modifier",28,562,548
"modifier",28,402,434
"modifier",28,682,40
"modifier",28,328,322
"modifier",28,386,386
"modifier",28,198,445
"modifier",28,418,187
"modifier",28,138,349
"modifier",28,556,47
"modifier",28,548,515
"modifier",28,485,13
"modifier",28,626,593
"modifier",28,42,282
"modifier",28,336,399
"modifier",28,258,227
"modifier",28,398,674
"modifier",28,179,8
"modifier",28,47,325
"modifier",28,92,463
"modifier",28,187,402
"modifier",28,633,102
"modifier",28,298,181
"modifier",28,176,533
"modifier",28,450,138
"modifier",28,23,444
"modifier",28,66,121
"modifier",28,117,490
"modifier",28,515,586
"modifier",28,463,189
"modifier",28,506,646
"modifier",28,507,171
"modifier",28,259,20
"modifier",28,685,519
"modifier",28,434,241
"modifier",28,322,523
"modifier",28,473,372
"modifier",28,396,588
"modifier",28,137,167
"modifier",28,399,137
"modifier",28,55,562
"modifier",28,325,558
"modifier",28,252,42
"modifier",28,13,511
"modifier",28,694,195
"modifier",28,24,210
"modifier",28,148,682
"modifier",28,270,544
"modifier",28,186,343
"modifier",28,215,55
"modifier",28,392,665
"modifier",28,238,473
"modifier",28,377,579
"modifier",28,165,186
"modifier",28,8,572
"modifier",28,372,28
"modifier",28,560,128
"modifier",28,197,621
"modifier",28,565,22
"modifier",28,448,258
"modifier",28,315,627
"modifier",28,444,506
"modifier",28,156,253
"modifier",28,263,129
"modifier",28,602,27
"modifier",28,241,24
"modifier",28,508,668
"modifier",28,282,197
"modifier",28,14,257
"modifier",29,586,396
"modifier",29,100,533
"modifier",29,286,224
"modifier",29,371,473
"modifier",29,304,488
"modifier",29,210,676
"modifier",29,608,100
"modifier",29,127,171
"modifier",29,581,556
"modifier",29,621,626
"modifier",29,22,507
"modifier",29,257,581
"modifier",29,15,286
"modifier",29,27,140
"modifier",29,274,42
"modifier",29,643,195
"modifier",29,227,23
"modifier",29,231,27
"modifier",29,599,469
"modifier",29,160,117
"modifier",29,95,252
"modifier",29,102,565
"modifier",29,594,40
"modifier",29,314,343
"modifier",29,630,238
"modifier",29,154,613
"modifier",29,646,315
"modifier",29,545,28
"modifier",29,161,95
"modifier",29,313,183
"modifier",29,224,418
"modifier",29,189,511
"modifier",29,128,586
"modifier",29,445,485
"modifier",29,342,519
"modifier",29,97,102
"modifier",29,324,685
"modifier",29,479,479
"modifier",29,103,270
"modifier",29,140,545
"modifier",29,511,186
"modifier",29,421,129
"modifier",29,514,66
"modifier",29,405,145
"modifier",29,528,655
"modifier",29,517,425
"modifier",29,572,274
"modifier",29,50,47
"modifier",29,237,450
"modifier",29,622,137
"modifier",29,129,50
"modifier",29,579,506
"modifier",29,651,560
"modifier",29,462,97
"modifier",29,343,325
"modifier",29,533,147
"modifier",29,177,181
"modifier",29,185,514
"modifier",29,593,627
"modifier",29,147,558
"modifier",29,523,668
"modifier",29,28,313
"modifier",29,655,377
"modifier",29,167,652
"modifier",29,349,92
"modifier",29,41,179
"modifier",29,253,298
"modifier",29,54,55
"modifier",29,676,593
"modifier",29,558,421
"modifier",29,425,665
"modifier",29,283,165
"modifier",29,196,490
"modifier",29,674,148
"modifier",29,221,372
"modifier",29,665,177
"modifier",29,89,196
"modifier",29,446,54
"modifier",29,490,628
"modifier",29,689,121
"modifier",29,469,215
"modifier",29,20,167
"modifier",29,184,253
"modifier",29,500,213
"modifier",29,440,463
"modifier",29,628,227
"modifier",29,40,184
"modifier",29,382,579
"modifier",29,488,462
"modifier",29,183,197
"modifier",29,588,434
"modifier",29,38,328
"modifier",29,213,646
"modifier",29,195,156
"modifier",29,627,127
"modifier",29,519,342
"modifier",29,172,24
"modifier",29,652,405
"modifier",29,145,371
"modifier",29,544,198
"modifier",29,668,651
"modifier",29,121,314
"modifier",29,181,138
"modifier",29,261,621
"modifier",29,69,402
"modifier",29,171,172
"modifier",29,613,694
"modifier",29,562,20
"modifier",29,402,349
"modifier",29,682,231
"modifier",29,328,336
"modifier",29,386,161
"modifier",29,198,588
"modifier",29,418,682
"modifier",29,138,261
"modifier",29,556,13
"modifier",29,548,392
"modifier",29,485,528
"modifier",29,626,22
"modifier",29,42,523
"modifier",29,336,14
"modifier",29,258,608
"modifier",29,398,69
"modifier",29,179,382
"modifier",29,47,257
"modifier",29,92,187
"modifier",29,187,258
"modifier",29,633,643
"modifier",29,298,572
"modifier",29,176,544
"modifier",29,450,445
"modifier",29,23,41
"modifier",29,66,500
"modifier",29,117,689
"modifier",29,515,599
"modifier",29,463,210
"modifier",29,506,446
"modifier",29,507,386
"modifier",29,259,185
"modifier",29,685,448
"modifier",29,434,622
"modifier",29,322,399
"modifier",29,473,221
"modifier",29,396,398
"modifier",29,137,241
"modifier",29,399,160
"modifier",29,55,8
"modifier",29,325,89
"modifier",29,252,594
"modifier",29,13,633
"modifier",29,694,15
"modifier",29,24,259
"modifier",29,148,444
"modifier",29,270,154
"modifier",29,186,304
"modifier",29,215,508
"modifier",29,392,562
"modifier",29,238,517
"modifier",29,377,128
"modifier",29,165,324
"modifier",29,8,189
"modifier",29,372,322
"modifier",29,560,602
"modifier",29,197,548
"modifier",29,565,263
"modifier",29,448,283
"modifier",29,315,103
"modifier",29,444,440
"modifier",29,156,237
"modifier",29,263,515
"modifier",29,602,176
"modifier",29,241,38
"modifier",29,508,630
"modifier",29,282,282
"modifier",29,14,674
"modifier",30,586,156
"modifier",30,100,565
"modifier",30,286,674
"modifier",30,371,665
"modifier",30,304,117
"modifier",30,210,210
"modifier",30,608,261
"modifier",30,127,8
"modifier",30,581,621
"modifier",30,621,655
"modifier",30,22,544
"modifier",30,257,588
"modifier",30,15,434
"modifier",30,27,685
"modifier",30,274,392
"modifier",30,643,594
"modifier",30,227,514
"modifier",30,231,485
"modifier",30,599,342
"modifier",30,160,179
"modifier",30,95,528
"modifier",30,102,448
"modifier",30,594,270
"modifier",30,314,643
"modifier",30,630,23
"modifier",30,154,324
"modifier",30,646,167
"modifier",30,545,548
"modifier",30,161,258
"modifier",30,313,69
"modifier",30,224,154
"modifier",30,189,177
"modifier",30,128,176
"modifier",30,445,652
"modifier",30,342,399
"modifier",30,97,676
"modifier",30,324,440
"modifier",30,479,213
"modifier",30,103,572
"modifier",30,140,328
"modifier",30,511,42
"modifier",30,421,286
"modifier",30,514,282
"modifier",30,405,304
"modifier",30,528,197
"modifier",30,517,372
"modifier",30,572,13
"modifier",30,50,515
"modifier",30,237,545
"modifier",30,622,198
"modifier",30,129,533
"modifier",30,579,238
"modifier",30,651,140
"modifier",30,462,511
"modifier",30,343,382
"modifier",30,533,322
"modifier",30,177,171
"modifier",30,185,396
"modifier",30,593,97
"modifier",30,147,183
"modifier",30,523,41
"modifier",30,28,523
"modifier",30,655,560
"modifier",30,167,315
"modifier",30,349,147
"modifier",30,41,371
"modifier",30,253,469
"modifier",30,54,92
"modifier",30,676,488
"modifier",30,558,50
"modifier",30,425,187
"modifier",30,283,121
"modifier",30,196,418
"modifier",30,674,343
"modifier",30,221,103
"modifier",30,665,336
"modifier",30,89,562
"modifier",30,446,127
"modifier",30,490,519
"modifier",30,689,165
"modifier",30,469,490
"modifier",30,20,325
"modifier",30,184,274
"modifier",30,500,633
"modifier",30,440,463
"modifier",30,628,694
"modifier",30,40,444
"modifier",30,382,181
"modifier",30,488,257
"modifier",30,183,54
"modifier",30,588,668
"modifier",30,38,421
"modifier",30,213,100
"modifier",30,195,38
"modifier",30,627,581
"modifier",30,519,507
"modifier",30,172,377
"modifier",30,652,160
"modifier",30,145,630
"modifier",30,544,628
"modifier",30,668,651
"modifier",30,121,646
"modifier",30,181,253
"modifier",30,261,608
"modifier",30,69,298
"modifier",30,171,185
"modifier",30,613,172
"modifier",30,562,689
"modifier",30,402,508
"modifier",30,682,137
"modifier",30,328,593
"modifier",30,386,145
"modifier",30,198,450
"modifier",30,418,20
"modifier",30,138,15
"modifier",30,556,102
"modifier",30,548,161
"modifier",30,485,579
"modifier",30,626,189
"modifier",30,42,682
"modifier",30,336,398
"modifier",30,258,259
"modifier",30,398,313
"modifier",30,179,613
"modifier",30,47,186
"modifier",30,92,237
"modifier",30,187,40
"modifier",30,633,506
"modifier",30,298,215
"modifier",30,176,241
"modifier",30,450,129
"modifier",30,23,558
"modifier",30,66,224
"modifier",30,117,27
"modifier",30,515,195
"modifier",30,463,599
"modifier",30,506,627
"modifier",30,507,622
"modifier",30,259,24
"modifier",30,685,626
"modifier",30,434,22
"modifier",30,322,445
"modifier",30,473,283
"modifier",30,396,586
"modifier",30,137,138
"modifier",30,399,184
"modifier",30,55,479
"modifier",30,325,473
"modifier",30,252,14
"modifier",30,13,263
"modifier",30,694,227
"modifier",30,24,517
"modifier",30,148,148
"modifier",30,270,28
"modifier",30,186,66
"modifier",30,215,402
"modifier",30,392,556
"modifier",30,238,314
"modifier",30,377,252
"modifier",30,165,231
"modifier",30,8,386
"modifier",30,372,196
"modifier",30,560,128
"modifier",30,197,446
"modifier",30,565,89
"modifier",30,448,47
"modifier",30,315,405
"modifier",30,444,602
"modifier",30,156,425
"modifier",30,263,462
"modifier",30,602,55
"modifier",30,241,349
"modifier",30,508,500
"modifier",30,282,95
"modifier",30,14,221
"noise",1,586,181
"noise",1,100,22
"noise",1,286,633
"noise",1,371,485
"noise",1,304,185
"noise",1,210,283
"noise",1,608,15
"noise",1,127,602
"noise",1,581,621
"noise",1,621,238
"noise",1,22,519
"noise",1,257,586
"noise",1,15,556
"noise",1,27,165
"noise",1,274,315
"noise",1,643,237
"noise",1,227,396
"noise",1,231,593
"noise",1,599,286
"noise",1,160,579
"noise",1,95,405
"noise",1,102,652
"noise",1,594,694
"noise",1,314,565
"noise",1,630,274
"noise",1,154,517
"noise",1,646,38
"noise",1,545,187
"noise",1,161,42
"noise",1,313,500
"noise",1,224,13
"noise",1,189,445
"noise",1,128,386
"noise",1,445,588
"noise",1,342,372
"noise",1,97,184
"noise",1,324,544
"noise",1,479,630
"noise",1,103,514
"noise",1,140,515
"noise",1,511,41
"noise",1,421,398
"noise",1,514,224
"noise",1,405,558
"noise",1,528,651
"noise",1,517,463
"noise",1,572,145
"noise",1,50,674
"noise",1,237,608
"noise",1,622,24
"noise",1,129,689
"noise",1,579,382
"noise",1,651,172
"noise",1,462,129
"noise",1,343,523
"noise",1,533,69
"noise",1,177,189
"noise",1,185,231
"noise",1,593,646
"noise",1,147,253
"noise",1,523,507
"noise",1,28,66
"noise",1,655,28
"noise",1,167,92
"noise",1,349,613
"noise",1,41,450
"noise",1,253,89
"noise",1,54,440
"noise",1,676,117
"noise",1,558,47
"noise",1,425,210
"noise",1,283,668
"noise",1,196,198
"noise",1,674,197
"noise",1,221,147
"noise",1,665,371
"noise",1,89,545
"noise",1,446,14
"noise",1,490,446
"noise",1,689,215
"noise",1,469,160
"noise",1,20,342
"noise",1,184,138
"noise",1,500,261
"noise",1,440,655
"noise",1,628,196
"noise",1,40,328
"noise",1,382,102
"noise",1,488,418
"noise",1,183,665
"noise",1,588,685
"noise",1,38,161
"noise",1,213,626
"noise",1,195,95
"noise",1,627,488
"noise",1,519,282
"noise",1,172,313
"noise",1,652,402
"noise",1,145,8
"noise",1,544,581
"noise",1,668,154
"noise",1,121,213
"noise",1,181,227
"noise",1,261,444
"noise",1,69,490
"noise",1,171,183
"noise",1,613,343
"noise",1,562,377
"noise",1,402,298
"noise",1,682,562
"noise",1,328,511
"noise",1,386,97
"noise",1,198,54
"noise",1,418,392
"noise",1,138,548
"noise",1,556,425
"noise",1,548,221
"noise",1,485,560
"noise",1,626,259
"noise",1,42,156
"noise",1,336,399
"noise",1,258,324
"noise",1,398,20
"noise",1,179,257
"noise",1,47,263
"noise",1,92,599
"noise",1,187,23
"noise",1,633,533
"noise",1,298,121
"noise",1,176,469
"noise",1,450,177
"noise",1,23,100
"noise",1,66,176
"noise",1,117,349
"noise",1,515,627
"noise",1,463,462
"noise",1,506,50
"noise",1,507,622
"noise",1,259,127
"noise",1,685,628
"noise",1,434,186
"noise",1,322,140
"noise",1,473,508
"noise",1,396,137
"noise",1,137,473
"noise",1,399,27
"noise",1,55,314
"noise",1,325,572
"noise",1,252,479
"noise",1,13,528
"noise",1,694,258
"noise",1,24,421
"noise",1,148,40
"noise",1,270,506
"noise",1,186,325
"noise",1,215,336
"noise",1,392,594
"noise",1,238,304
"noise",1,377,448
"noise",1,165,128
"noise",1,8,148
"noise",1,372,103
"noise",1,560,195
"noise",1,197,643
"noise",1,565,270
"noise",1,448,241
"noise",1,315,179
"noise",1,444,55
"noise",1,156,252
"noise",1,263,676
"noise",1,602,167
"noise",1,241,322
"noise",1,508,434
"noise",1,282,682
"noise",1,14,171
"noise",2,586,398
"noise",2,100,594
"noise",2,286,676
"noise",2,371,314
"noise",2,304,92
"noise",2,210,628
"noise",2,608,651
"noise",2,127,137
"noise",2,581,38
"noise",2,621,560
"noise",2,22,55
"noise",2,257,127
"noise",2,15,252
"noise",2,27,47
"noise",2,274,282
"noise",2,643,95
"noise",2,227,626
"noise",2,231,586
"noise",2,599,160
"noise",2,160,8
"noise",2,95,263
"noise",2,102,117
"noise",2,594,500
"noise",2,314,655
"noise",2,630,102
"noise",2,154,588
"noise",2,646,198
"noise",2,545,558
"noise",2,161,599
"noise",2,313,270
"noise",2,224,42
"noise",2,189,579
"noise",2,128,372
"noise",2,445,313
"noise",2,342,421
"noise",2,97,20
"noise",2,324,418
"noise",2,479,315
"noise",2,103,322
"noise",2,140,181
"noise",2,511,237
"noise",2,421,425
"noise",2,514,27
"noise",2,405,259
"noise",2,528,298
"noise",2,517,185
"noise",2,572,213
"noise",2,50,129
"noise",2,237,257
"noise",2,622,50
"noise",2,129,668
"noise",2,579,69
"noise",2,651,633
"noise",2,462,324
"noise",2,343,445
"noise",2,533,238
"noise",2,177,652
"noise",2,185,646
"noise",2,593,121
"noise",2,147,621
"noise",2,523,177
"noise",2,28,179
"noise",2,655,172
"noise",2,167,548
"noise",2,349,210
"noise",2,41,24
"noise",2,253,183
"noise",2,54,544
"noise",2,676,349
"noise",2,558,565
"noise",2,425,462
"noise",2,283,241
"noise",2,196,514
"noise",2,674,97
"noise",2,221,196
"noise",2,665,215
"noise",2,89,608
"noise",2,446,28
"noise",2,490,402
"noise",2,689,195
"noise",2,469,147
"noise",2,20,507
"noise",2,184,528
"noise",2,500,581
"noise",2,440,283
"noise",2,628,13
"noise",2,40,463
"noise",2,382,682
"noise",2,488,572
"noise",2,183,171
"noise",2,588,511
"noise",2,38,167
"noise",2,213,519
"noise",2,195,613
"noise",2,627,66
"noise",2,519,643
"noise",2,172,371
"noise",2,652,189
"noise",2,145,148
"noise",2,544,54
"noise",2,668,184
"noise",2,121,89
"noise",2,181,448
"noise",2,261,154
"noise",2,69,165
"noise",2,171,343
"noise",2,613,22
"noise",2,562,156
"noise",2,402,396
"noise",2,682,325
"noise",2,328,533
"noise",2,386,227
"noise",2,198,665
"noise",2,418,382
"noise",2,138,274
"noise",2,556,622
"noise",2,548,221
"noise",2,485,674
"noise",2,626,485
"noise",2,42,342
"noise",2,336,523
"noise",2,258,176
"noise",2,398,630
"noise",2,179,627
"noise",2,47,140
"noise",2,92,304
"noise",2,187,392
"noise",2,633,450
"noise",2,298,473
"noise",2,176,138
"noise",2,450,40
"noise",2,23,685
"noise",2,66,405
"noise",2,117,562
"noise",2,515,517
"noise",2,463,23
"noise",2,506,187
"noise",2,507,103
"noise",2,259,479
"noise",2,685,602
"noise",2,434,261
"noise",2,322,100
"noise",2,473,490
"noise",2,396,14
"noise",2,137,197
"noise",2,399,556
"noise",2,55,186
"noise",2,325,446
"noise",2,252,161
"noise",2,13,545
"noise",2,694,41
"noise",2,24,128
"noise",2,148,515
"noise",2,270,694
"noise",2,186,231
"noise",2,215,328
"noise",2,392,377
"noise",2,238,444
"noise",2,377,253
"noise",2,165,286
"noise",2,8,593
"noise",2,372,506
"noise",2,560,15
"noise",2,197,145
"noise",2,565,440
"noise",2,448,689
"noise",2,315,336
"noise",2,444,508
"noise",2,156,469
"noise",2,263,386
"noise",2,602,224
"noise",2,241,434
"noise",2,508,258
"noise",2,282,488
"noise",2,14,399
"noise",3,586,183
"noise",3,100,179
"noise",3,286,13
"noise",3,371,665
"noise",3,304,165
"noise",3,210,599
"noise",3,608,147
"noise",3,127,694
"noise",3,581,161
"noise",3,621,462
"noise",3,22,221
"noise",3,257,314
"noise",3,15,274
"noise",3,27,588
"noise",3,274,622
"noise",3,643,102
"noise",3,227,252
"noise",3,231,405
"noise",3,599,259
"noise",3,160,298
"noise",3,95,237
"noise",3,102,507
"noise",3,594,156
"noise",3,314,586
"noise",3,630,371
"noise",3,154,633
"noise",3,646,593
"noise",3,545,24
"noise",3,161,544
"noise",3,313,189
"noise",3,224,263
"noise",3,189,473
"noise",3,128,210
"noise",3,445,392
"noise",3,342,398
"noise",3,97,506
"noise",3,324,14
"noise",3,479,450
"noise",3,103,386
"noise",3,140,628
"noise",3,511,448
"noise",3,421,184
"noise",3,514,440
"noise",3,405,463
"noise",3,528,562
"noise",3,517,511
"noise",3,572,674
"noise",3,50,558
"noise",3,237,336
"noise",3,622,608
"noise",3,129,652
"noise",3,579,372
"noise",3,651,253
"noise",3,462,160
"noise",3,343,261
"noise",3,533,545
"noise",3,177,651
"noise",3,185,627
"noise",3,593,572
"noise",3,147,325
"noise",3,523,324
"noise",3,28,479
"noise",3,655,286
"noise",3,167,434
"noise",3,349,140
"noise",3,41,565
"noise",3,253,655
"noise",3,54,167
"noise",3,676,195
"noise",3,558,100
"noise",3,425,560
"noise",3,283,128
"noise",3,196,224
"noise",3,674,594
"noise",3,221,89
"noise",3,665,92
"noise",3,89,602
"noise",3,446,172
"noise",3,490,425
"noise",3,689,47
"noise",3,469,322
"noise",3,20,490
"noise",3,184,646
"noise",3,500,28
"noise",3,440,689
"noise",3,628,313
"noise",3,40,579
"noise",3,382,418
"noise",3,488,197
"noise",3,183,613
"noise",3,588,682
"noise",3,38,519
"noise",3,213,103
"noise",3,195,556
"noise",3,627,121
"noise",3,519,198
"noise",3,172,215
"noise",3,652,685
"noise",3,145,515
"noise",3,544,129
"noise",3,668,328
"noise",3,121,23
"noise",3,181,55
"noise",3,261,676
"noise",3,69,176
"noise",3,171,304
"noise",3,613,508
"noise",3,562,15
"noise",3,402,270
"noise",3,682,283
"noise",3,328,40
"noise",3,386,523
"noise",3,198,97
"noise",3,418,626
"noise",3,138,377
"noise",3,556,171
"noise",3,548,42
"noise",3,485,137
"noise",3,626,186
"noise",3,42,241
"noise",3,336,421
"noise",3,258,50
"noise",3,398,145
"noise",3,179,399
"noise",3,47,69
"noise",3,92,231
"noise",3,187,117
"noise",3,633,444
"noise",3,298,402
"noise",3,176,257
"noise",3,450,643
"noise",3,23,668
"noise",3,66,548
"noise",3,117,138
"noise",3,515,213
"noise",3,463,469
"noise",3,506,488
"noise",3,507,54
"noise",3,259,315
"noise",3,685,187
"noise",3,434,445
"noise",3,322,343
"noise",3,473,227
"noise",3,396,127
"noise",3,137,41
"noise",3,399,38
"noise",3,55,20
"noise",3,325,396
"noise",3,252,8
"noise",3,13,382
"noise",3,694,154
"noise",3,24,196
"noise",3,148,258
"noise",3,270,95
"noise",3,186,349
"noise",3,215,621
"noise",3,392,446
"noise",3,238,66
"noise",3,377,148
"noise",3,165,282
"noise",3,8,22
"noise",3,372,177
"noise",3,560,238
"noise",3,197,185
"noise",3,565,630
"noise",3,448,533
"noise",3,315,181
"noise",3,444,500
"noise",3,156,517
"noise",3,263,27
"noise",3,602,528
"noise",3,241,342
"noise",3,508,485
"noise",3,282,514
"noise",3,14,581
"noise",4,586,392
"noise",4,100,148
"noise",4,286,490
"noise",4,371,445
"noise",4,304,562
"noise",4,210,274
"noise",4,608,50
"noise",4,127,42
"noise",4,581,313
"noise",4,621,315
"noise",4,22,444
"noise",4,257,28
"noise",4,15,506
"noise",4,27,613
"noise",4,274,15
"noise",4,643,215
"noise",4,227,89
"noise",4,231,342
"noise",4,599,128
"noise",4,160,20
"noise",4,95,594
"noise",4,102,129
"noise",4,594,643
"noise",4,314,386
"noise",4,630,545
"noise",4,154,588
"noise",4,646,23
"noise",4,545,171
"noise",4,161,259
"noise",4,313,398
"noise",4,224,92
"noise",4,189,418
"noise",4,128,500
"noise",4,445,473
"noise",4,342,298
"noise",4,97,622
"noise",4,324,343
"noise",4,479,257
"noise",4,103,117
"noise",4,140,24
"noise",4,511,382
"noise",4,421,66
"noise",4,514,421
"noise",4,405,630
"noise",4,528,261
"noise",4,517,8
"noise",4,572,652
"noise",4,50,593
"noise",4,237,328
"noise",4,622,511
"noise",4,129,176
"noise",4,579,237
"noise",4,651,627
"noise",4,462,676
"noise",4,343,221
"noise",4,533,462
"noise",4,177,197
"noise",4,185,147
"noise",4,593,224
"noise",4,147,69
"noise",4,523,372
"noise",4,28,685
"noise",4,655,156
"noise",4,167,488
"noise",4,349,40
"noise",4,41,97
"noise",4,253,565
"noise",4,54,507
"noise",4,676,231
"noise",4,558,154
"noise",4,425,102
"noise",4,283,253
"noise",4,196,14
"noise",4,674,184
"noise",4,221,399
"noise",4,665,181
"noise",4,89,210
"noise",4,446,145
"noise",4,490,54
"noise",4,689,252
"noise",4,469,446
"noise",4,20,425
"noise",4,184,258
"noise",4,500,282
"noise",4,440,558
"noise",4,628,179
"noise",4,40,440
"noise",4,382,172
"noise",4,488,187
"noise",4,183,138
"noise",4,588,186
"noise",4,38,515
"noise",4,213,13
"noise",4,195,544
"noise",4,627,485
"noise",4,519,448
"noise",4,172,402
"noise",4,652,469
"noise",4,145,621
"noise",4,544,227
"noise",4,668,586
"noise",4,121,599
"noise",4,181,161
"noise",4,261,238
"noise",4,69,314
"noise",4,171,22
"noise",4,613,167
"noise",4,562,665
"noise",4,402,121
"noise",4,682,694
"noise",4,328,241
"noise",4,386,195
"noise",4,198,283
"noise",4,418,349
"noise",4,138,196
"noise",4,556,682
"noise",4,548,304
"noise",4,485,41
"noise",4,626,137
"noise",4,42,651
"noise",4,336,514
"noise",4,258,517
"noise",4,398,177
"noise",4,179,95
"noise",4,47,581
"noise",4,92,140
"noise",4,187,479
"noise",4,633,668
"noise",4,298,626
"noise",4,176,165
"noise",4,450,27
"noise",4,23,450
"noise",4,66,633
"noise",4,117,160
"noise",4,515,523
"noise",4,463,286
"noise",4,506,646
"noise",4,507,533
"noise",4,259,655
"noise",4,685,38
"noise",4,434,674
"noise",4,322,198
"noise",4,473,371
"noise",4,396,47
"noise",4,137,519
"noise",4,399,377
"noise",4,55,189
"noise",4,325,572
"noise",4,252,628
"noise",4,13,556
"noise",4,694,528
"noise",4,24,608
"noise",4,148,405
"noise",4,270,213
"noise",4,186,508
"noise",4,215,103
"noise",4,392,434
"noise",4,238,689
"noise",4,377,185
"noise",4,165,263
"noise",4,8,100
"noise",4,372,548
"noise",4,560,463
"noise",4,197,602
"noise",4,565,55
"noise",4,448,183
"noise",4,315,325
"noise",4,444,324
"noise",4,156,560
"noise",4,263,579
"noise",4,602,270
"noise",4,241,396
"noise",4,508,127
"noise",4,282,322
"noise",4,14,336
"noise",5,586,314
"noise",5,100,42
"noise",5,286,179
"noise",5,371,14
"noise",5,304,47
"noise",5,210,227
"noise",5,608,237
"noise",5,127,514
"noise",5,581,40
"noise",5,621,440
"noise",5,22,382
"noise",5,257,507
"noise",5,15,508
"noise",5,27,488
"noise",5,274,187
"noise",5,643,154
"noise",5,227,241
"noise",5,231,231
"noise",5,599,515
"noise",5,160,519
"noise",5,95,544
"noise",5,102,613
"noise",5,594,161
"noise",5,314,177
"noise",5,630,630
"noise",5,154,186
"noise",5,646,588
"noise",5,545,103
"noise",5,161,196
"noise",5,313,511
"noise",5,224,372
"noise",5,189,13
"noise",5,128,324
"noise",5,445,189
"noise",5,342,41
"noise",5,97,594
"noise",5,324,263
"noise",5,479,558
"noise",5,103,100
"noise",5,140,97
"noise",5,511,473
"noise",5,421,545
"noise",5,514,621
"noise",5,405,165
"noise",5,528,127
"noise",5,517,261
"noise",5,572,252
"noise",5,50,682
"noise",5,237,434
"noise",5,622,215
"noise",5,129,140
"noise",5,579,167
"noise",5,651,313
"noise",5,462,8
"noise",5,343,377
"noise",5,533,627
"noise",5,177,405
"noise",5,185,171
"noise",5,593,586
"noise",5,147,336
"noise",5,523,55
"noise",5,28,396
"noise",5,655,184
"noise",5,167,689
"noise",5,349,221
"noise",5,41,274
"noise",5,253,147
"noise",5,54,646
"noise",5,676,593
"noise",5,558,23
"noise",5,425,608
"noise",5,283,528
"noise",5,196,548
"noise",5,674,50
"noise",5,221,479
"noise",5,665,185
"noise",5,89,399
"noise",5,446,148
"noise",5,490,145
"noise",5,689,224
"noise",5,469,462
"noise",5,20,674
"noise",5,184,581
"noise",5,500,694
"noise",5,440,38
"noise",5,628,22
"noise",5,40,117
"noise",5,382,562
"noise",5,488,626
"noise",5,183,469
"noise",5,588,485
"noise",5,38,121
"noise",5,213,599
"noise",5,195,418
"noise",5,627,628
"noise",5,519,195
"noise",5,172,572
"noise",5,652,322
"noise",5,145,523
"noise",5,544,282
"noise",5,668,398
"noise",5,121,343
"noise",5,181,556
"noise",5,261,160
"noise",5,69,315
"noise",5,171,602
"noise",5,613,89
"noise",5,562,425
"noise",5,402,622
"noise",5,682,15
"noise",5,328,633
"noise",5,386,643
"noise",5,198,69
"noise",5,418,259
"noise",5,138,448
"noise",5,556,137
"noise",5,548,349
"noise",5,485,102
"noise",5,626,392
"noise",5,42,342
"noise",5,336,176
"noise",5,258,560
"noise",5,398,325
"noise",5,179,257
"noise",5,47,655
"noise",5,92,20
"noise",5,187,258
"noise",5,633,183
"noise",5,298,517
"noise",5,176,210
"noise",5,450,156
"noise",5,23,533
"noise",5,66,668
"noise",5,117,172
"noise",5,515,24
"noise",5,463,304
"noise",5,506,129
"noise",5,507,371
"noise",5,259,665
"noise",5,685,463
"noise",5,434,500
"noise",5,322,444
"noise",5,473,450
"noise",5,396,565
"noise",5,137,421
"noise",5,399,676
"noise",5,55,286
"noise",5,325,95
"noise",5,252,283
"noise",5,13,92
"noise",5,694,506
"noise",5,24,28
"noise",5,148,238
"noise",5,270,198
"noise",5,186,270
"noise",5,215,253
"noise",5,392,490
"noise",5,238,328
"noise",5,377,386
"noise",5,165,54
"noise",5,8,213
"noise",5,372,402
"noise",5,560,685
"noise",5,197,446
"noise",5,565,651
"noise",5,448,66
"noise",5,315,181
"noise",5,444,298
"noise",5,156,138
"noise",5,263,579
"noise",5,602,128
"noise",5,241,652
"noise",5,508,445
"noise",5,282,27
"noise",5,14,197
"noise",6,586,286
"noise",6,100,138
"noise",6,286,519
"noise",6,371,545
"noise",6,304,117
"noise",6,210,252
"noise",6,608,198
"noise",6,127,622
"noise",6,581,586
"noise",6,621,628
"noise",6,22,197
"noise",6,257,47
"noise",6,15,544
"noise",6,27,257
"noise",6,274,238
"noise",6,643,313
"noise",6,227,602
"noise",6,231,97
"noise",6,599,599
"noise",6,160,95
"noise",6,95,20
"noise",6,102,324
"noise",6,594,23
"noise",6,314,165
"noise",6,630,42
"noise",6,154,434
"noise",6,646,579
"noise",6,545,440
"noise",6,161,560
"noise",6,313,556
"noise",6,224,28
"noise",6,189,643
"noise",6,128,646
"noise",6,445,565
"noise",6,342,54
"noise",6,97,371
"noise",6,324,490
"noise",6,479,500
"noise",6,103,270
"noise",6,140,462
"noise",6,511,343
"noise",6,421,298
"noise",6,514,613
"noise",6,405,627
"noise",6,528,241
"noise",6,517,253
"noise",6,572,372
"noise",6,50,548
"noise",6,237,103
"noise",6,622,89
"noise",6,129,621
"noise",6,579,328
"noise",6,651,608
"noise",6,462,386
"noise",6,343,231
"noise",6,533,274
"noise",6,177,533
"noise",6,185,511
"noise",6,593,237
"noise",6,147,14
"noise",6,523,27
"noise",6,28,488
"noise",6,655,558
"noise",6,167,523
"noise",6,349,196
"noise",6,41,444
"noise",6,253,418
"noise",6,54,186
"noise",6,676,145
"noise",6,558,187
"noise",6,425,24
"noise",6,283,668
"noise",6,196,514
"noise",6,674,682
"noise",6,221,69
"noise",6,665,160
"noise",6,89,485
"noise",6,446,227
"noise",6,490,140
"noise",6,689,282
"noise",6,469,665
"noise",6,20,184
"noise",6,184,8
"noise",6,500,22
"noise",6,440,655
"noise",6,628,181
"noise",6,40,405
"noise",6,382,261
"noise",6,488,651
"noise",6,183,315
"noise",6,588,562
"noise",6,38,396
"noise",6,213,398
"noise",6,195,314
"noise",6,627,528
"noise",6,519,588
"noise",6,172,652
"noise",6,652,469
"noise",6,145,402
"noise",6,544,189
"noise",6,668,450
"noise",6,121,446
"noise",6,181,213
"noise",6,261,50
"noise",6,69,167
"noise",6,171,392
"noise",6,613,633
"noise",6,562,572
"noise",6,402,210
"noise",6,682,183
"noise",6,328,626
"noise",6,386,185
"noise",6,198,172
"noise",6,418,448
"noise",6,138,508
"noise",6,556,137
"noise",6,548,13
"noise",6,485,283
"noise",6,626,161
"noise",6,42,128
"noise",6,336,425
"noise",6,258,259
"noise",6,398,147
"noise",6,179,15
"noise",6,47,694
"noise",6,92,148
"noise",6,187,154
"noise",6,633,92
"noise",6,298,258
"noise",6,176,506
"noise",6,450,382
"noise",6,23,215
"noise",6,66,676
"noise",6,117,479
"noise",6,515,445
"noise",6,463,517
"noise",6,506,336
"noise",6,507,41
"noise",6,259,121
"noise",6,685,221
"noise",6,434,325
"noise",6,322,66
"noise",6,473,176
"noise",6,396,55
"noise",6,137,171
"noise",6,399,399
"noise",6,55,195
"noise",6,325,689
"noise",6,252,507
"noise",6,13,685
"noise",6,694,40
"noise",6,24,342
"noise",6,148,674
"noise",6,270,473
"noise",6,186,127
"noise",6,215,156
"noise",6,392,263
"noise",6,238,593
"noise",6,377,102
"noise",6,165,322
"noise",6,8,177
"noise",6,372,224
"noise",6,560,594
"noise",6,197,38
"noise",6,565,129
"noise",6,448,377
"noise",6,315,463
"noise",6,444,179
"noise",6,156,349
"noise",6,263,581
"noise",6,602,515
"noise",6,241,421
"noise",6,508,304
"noise",6,282,100
"noise",6,14,630
"noise",7,586,128
"noise",7,100,253
"noise",7,286,448
"noise",7,371,259
"noise",7,304,40
"noise",7,210,196
"noise",7,608,560
"noise",7,127,156
"noise",7,581,322
"noise",7,621,69
"noise",7,22,241
"noise",7,257,450
"noise",7,15,22
"noise",7,27,581
"noise",7,274,8
"noise",7,643,298
"noise",7,227,651
"noise",7,231,154
"noise",7,599,137
"noise",7,160,313
"noise",7,95,336
"noise",7,102,343
"noise",7,594,622
"noise",7,314,515
"noise",7,630,237
"noise",7,154,396
"noise",7,646,469
"noise",7,545,519
"noise",7,161,231
"noise",7,313,508
"noise",7,224,593
"noise",7,189,55
"noise",7,128,47
"noise",7,445,425
"noise",7,342,445
"noise",7,97,630
"noise",7,324,674
"noise",7,479,676
"noise",7,103,138
"noise",7,140,38
"noise",7,511,181
"noise",7,421,328
"noise",7,514,315
"noise",7,405,270
"noise",7,528,282
"noise",7,517,665
"noise",7,572,682
"noise",7,50,258
"noise",7,237,224
"noise",7,622,377
"noise",7,129,685
"noise",7,579,121
"noise",7,651,24
"noise",7,462,490
"noise",7,343,446
"noise",7,533,20
"noise",7,177,386
"noise",7,185,588
"noise",7,593,13
"noise",7,147,548
"noise",7,523,594
"noise",7,28,485
"noise",7,655,479
"noise",7,167,183
"noise",7,349,238
"noise",7,41,92
"noise",7,253,402
"noise",7,54,97
"noise",7,676,145
"noise",7,558,148
"noise",7,425,544
"noise",7,283,274
"noise",7,196,392
"noise",7,674,177
"noise",7,221,633
"noise",7,665,257
"noise",7,89,382
"noise",7,446,215
"noise",7,490,627
"noise",7,689,556
"noise",7,469,528
"noise",7,20,314
"noise",7,184,562
"noise",7,500,186
"noise",7,440,42
"noise",7,628,694
"noise",7,40,506
"noise",7,382,418
"noise",7,488,189
"noise",7,183,586
"noise",7,588,283
"noise",7,38,324
"noise",7,213,608
"noise",7,195,558
"noise",7,627,95
"noise",7,519,399
"noise",7,172,626
"noise",7,652,100
"noise",7,145,304
"noise",7,544,517
"noise",7,668,27
"noise",7,121,643
"noise",7,181,102
"noise",7,261,221
"noise",7,69,14
"noise",7,171,500
"noise",7,613,579
"noise",7,562,473
"noise",7,402,213
"noise",7,682,572
"noise",7,328,23
"noise",7,386,50
"noise",7,198,252
"noise",7,418,184
"noise",7,138,372
"noise",7,556,523
"noise",7,548,117
"noise",7,485,286
"noise",7,626,129
"noise",7,42,444
"noise",7,336,342
"noise",7,258,621
"noise",7,398,488
"noise",7,179,533
"noise",7,47,463
"noise",7,92,197
"noise",7,187,195
"noise",7,633,187
"noise",7,298,176
"noise",7,176,161
"noise",7,450,655
"noise",7,23,140
"noise",7,66,210
"noise",7,117,371
"noise",7,515,511
"noise",7,463,160
"noise",7,506,652
"noise",7,507,668
"noise",7,259,599
"noise",7,685,565
"noise",7,434,421
"noise",7,322,89
"noise",7,473,613
"noise",7,396,15
"noise",7,137,227
"noise",7,399,179
"noise",7,55,261
"noise",7,325,434
"noise",7,252,405
"noise",7,13,147
"noise",7,694,545
"noise",7,24,689
"noise",7,148,398
"noise",7,270,28
"noise",7,186,41
"noise",7,215,198
"noise",7,392,103
"noise",7,238,54
"noise",7,377,171
"noise",7,165,628
"noise",7,8,507
"noise",7,372,172
"noise",7,560,263
"noise",7,197,462
"noise",7,565,127
"noise",7,448,440
"noise",7,315,167
"noise",7,444,325
"noise",7,156,602
"noise",7,263,646
"noise",7,602,185
"noise",7,241,165
"noise",7,508,349
"noise",7,282,66
"noise",7,14,514
"noise",8,586,315
"noise",8,100,689
"noise",8,286,599
"noise",8,371,41
"noise",8,304,322
"noise",8,210,263
"noise",8,608,27
"noise",8,127,676
"noise",8,581,545
"noise",8,621,8
"noise",8,22,622
"noise",8,257,259
"noise",8,15,140
"noise",8,27,548
"noise",8,274,186
"noise",8,643,608
"noise",8,227,145
"noise",8,231,479
"noise",8,599,161
"noise",8,160,89
"noise",8,95,418
"noise",8,102,195
"noise",8,594,342
"noise",8,314,13
"noise",8,630,544
"noise",8,154,630
"noise",8,646,237
"noise",8,545,183
"noise",8,161,128
"noise",8,313,328
"noise",8,224,171
"noise",8,189,147
"noise",8,128,54
"noise",8,445,558
"noise",8,342,184
"noise",8,97,129
"noise",8,324,488
"noise",8,479,69
"noise",8,103,283
"noise",8,140,655
"noise",8,511,511
"noise",8,421,565
"noise",8,514,224
"noise",8,405,20
"noise",8,528,519
"noise",8,517,652
"noise",8,572,560
"noise",8,50,508
"noise",8,237,227
"noise",8,622,187
"noise",8,129,421
"noise",8,579,47
"noise",8,651,674
"noise",8,462,22
"noise",8,343,28
"noise",8,533,179
"noise",8,177,154
"noise",8,185,446
"noise",8,593,396
"noise",8,147,444
"noise",8,523,66
"noise",8,28,628
"noise",8,655,185
"noise",8,167,238
"noise",8,349,325
"noise",8,41,298
"noise",8,253,643
"noise",8,54,95
"noise",8,676,398
"noise",8,558,257
"noise",8,425,372
"noise",8,283,382
"noise",8,196,515
"noise",8,674,450
"noise",8,221,23
"noise",8,665,343
"noise",8,89,399
"noise",8,446,445
"noise",8,490,181
"noise",8,689,210
"noise",8,469,588
"noise",8,20,594
"noise",8,184,97
"noise",8,500,694
"noise",8,440,160
"noise",8,628,593
"noise",8,40,682
"noise",8,382,314
"noise",8,488,14
"noise",8,183,349
"noise",8,588,463
"noise",8,38,324
"noise",8,213,448
"noise",8,195,651
"noise",8,627,613
"noise",8,519,485
"noise",8,172,198
"noise",8,652,252
"noise",8,145,177
"noise",8,544,425
"noise",8,668,371
"noise",8,121,213
"noise",8,181,506
"noise",8,261,579
"noise",8,69,500
"noise",8,171,523
"noise",8,613,665
"noise",8,562,507
"noise",8,402,103
"noise",8,682,562
"noise",8,328,165
"noise",8,386,602
"noise",8,198,258
"noise",8,418,286
"noise",8,138,167
"noise",8,556,253
"noise",8,548,556
"noise",8,485,42
"noise",8,626,405
"noise",8,42,434
"noise",8,336,473
"noise",8,258,490
"noise",8,398,102
"noise",8,179,231
"noise",8,47,100
"noise",8,92,336
"noise",8,187,196
"noise",8,633,40
"noise",8,298,627
"noise",8,176,440
"noise",8,450,189
"noise",8,23,197
"noise",8,66,38
"noise",8,117,148
"noise",8,515,581
"noise",8,463,392
"noise",8,506,261
"noise",8,507,172
"noise",8,259,221
"noise",8,685,377
"noise",8,434,274
"noise",8,322,282
"noise",8,473,402
"noise",8,396,533
"noise",8,137,92
"noise",8,399,633
"noise",8,55,386
"noise",8,325,176
"noise",8,252,137
"noise",8,13,15
"noise",8,694,127
"noise",8,24,572
"noise",8,148,685
"noise",8,270,469
"noise",8,186,517
"noise",8,215,55
"noise",8,392,24
"noise",8,238,313
"noise",8,377,156
"noise",8,165,668
"noise",8,8,514
"noise",8,372,621
"noise",8,560,138
"noise",8,197,586
"noise",8,565,121
"noise",8,448,528
"noise",8,315,646
"noise",8,444,117
"noise",8,156,241
"noise",8,263,50
"noise",8,602,462
"noise",8,241,626
"noise",8,508,215
"noise",8,282,270
"noise",8,14,304
"noise",9,586,145
"noise",9,100,213
"noise",9,286,23
"noise",9,371,488
"noise",9,304,137
"noise",9,210,89
"noise",9,608,593
"noise",9,127,528
"noise",9,581,14
"noise",9,621,103
"noise",9,22,511
"noise",9,257,95
"noise",9,15,372
"noise",9,27,322
"noise",9,274,579
"noise",9,643,28
"noise",9,227,237
"noise",9,231,92
"noise",9,599,97
"noise",9,160,544
"noise",9,95,27
"noise",9,102,176
"noise",9,594,154
"noise",9,314,386
"noise",9,630,445
"noise",9,154,156
"noise",9,646,349
"noise",9,545,13
"noise",9,161,187
"noise",9,313,440
"noise",9,224,231
"noise",9,189,258
"noise",9,128,8
"noise",9,445,315
"noise",9,342,20
"noise",9,97,148
"noise",9,324,588
"noise",9,479,434
"noise",9,103,514
"noise",9,140,304
"noise",9,511,172
"noise",9,421,253
"noise",9,514,40
"noise",9,405,396
"noise",9,528,314
"noise",9,517,371
"noise",9,572,24
"noise",9,50,336
"noise",9,237,183
"noise",9,622,517
"noise",9,129,469
"noise",9,579,402
"noise",9,651,608
"noise",9,462,418
"noise",9,343,377
"noise",9,533,50
"noise",9,177,121
"noise",9,185,463
"noise",9,593,622
"noise",9,147,545
"noise",9,523,181
"noise",9,28,261
"noise",9,655,286
"noise",9,167,515
"noise",9,349,633
"noise",9,41,558
"noise",9,253,628
"noise",9,54,621
"noise",9,676,324
"noise",9,558,197
"noise",9,425,69
"noise",9,283,42
"noise",9,196,221
"noise",9,674,224
"noise",9,221,668
"noise",9,665,450
"noise",9,89,263
"noise",9,446,161
"noise",9,490,117
"noise",9,689,186
"noise",9,469,533
"noise",9,20,54
"noise",9,184,343
"noise",9,500,252
"noise",9,440,185
"noise",9,628,448
"noise",9,40,572
"noise",9,382,147
"noise",9,488,127
"noise",9,183,392
"noise",9,588,473
"noise",9,38,328
"noise",9,213,167
"noise",9,195,259
"noise",9,627,342
"noise",9,519,241
"noise",9,172,627
"noise",9,652,238
"noise",9,145,140
"noise",9,544,274
"noise",9,668,179
"noise",9,121,196
"noise",9,181,398
"noise",9,261,626
"noise",9,69,446
"noise",9,171,599
"noise",9,613,676
"noise",9,562,500
"noise",9,402,128
"noise",9,682,548
"noise",9,328,100
"noise",9,386,490
"noise",9,198,325
"noise",9,418,189
"noise",9,138,215
"noise",9,556,405
"noise",9,548,565
"noise",9,485,485
"noise",9,626,177
"noise",9,42,694
"noise",9,336,652
"noise",9,258,682
"noise",9,398,507
"noise",9,179,594
"noise",9,47,298
"noise",9,92,646
"noise",9,187,508
"noise",9,633,257
"noise",9,298,210
"noise",9,176,689
"noise",9,450,479
"noise",9,23,55
"noise",9,66,195
"noise",9,117,198
"noise",9,515,399
"noise",9,463,15
"noise",9,506,102
"noise",9,507,665
"noise",9,259,560
"noise",9,685,421
"noise",9,434,651
"noise",9,322,523
"noise",9,473,506
"noise",9,396,655
"noise",9,137,602
"noise",9,399,519
"noise",9,55,313
"noise",9,325,630
"noise",9,252,586
"noise",9,13,129
"noise",9,694,643
"noise",9,24,425
"noise",9,148,66
"noise",9,270,581
"noise",9,186,462
"noise",9,215,613
"noise",9,392,160
"noise",9,238,138
"noise",9,377,227
"noise",9,165,171
"noise",9,8,556
"noise",9,372,22
"noise",9,560,444
"noise",9,197,38
"noise",9,565,184
"noise",9,448,282
"noise",9,315,270
"noise",9,444,47
"noise",9,156,685
"noise",9,263,382
"noise",9,602,283
"noise",9,241,674
"noise",9,508,165
"noise",9,282,562
"noise",9,14,41
"noise",10,586,197
"noise",10,100,665
"noise",10,286,237
"noise",10,371,627
"noise",10,304,66
"noise",10,210,55
"noise",10,608,343
"noise",10,127,161
"noise",10,581,349
"noise",10,621,121
"noise",10,22,515
"noise",10,257,148
"noise",10,15,336
"noise",10,27,444
"noise",10,274,674
"noise",10,643,270
"noise",10,227,398
"noise",10,231,140
"noise",10,599,27
"noise",10,160,286
"noise",10,95,20
"noise",10,102,69
"noise",10,594,445
"noise",10,314,485
"noise",10,630,184
"noise",10,154,171
"noise",10,646,154
"noise",10,545,594
"noise",10,161,145
"noise",10,313,682
"noise",10,224,507
"noise",10,189,176
"noise",10,128,528
"noise",10,445,371
"noise",10,342,651
"noise",10,97,643
"noise",10,324,187
"noise",10,479,593
"noise",10,103,41
"noise",10,140,179
"noise",10,511,579
"noise",10,421,548
"noise",10,514,24
"noise",10,405,446
"noise",10,528,448
"noise",10,517,562
"noise",10,572,274
"noise",10,50,402
"noise",10,237,545
"noise",10,622,463
"noise",10,129,283
"noise",10,579,479
"noise",10,651,221
"noise",10,462,304
"noise",10,343,608
"noise",10,533,328
"noise",10,177,386
"noise",10,185,533
"noise",10,593,241
"noise",10,147,668
"noise",10,523,40
"noise",10,28,342
"noise",10,655,238
"noise",10,167,621
"noise",10,349,694
"noise",10,41,213
"noise",10,253,198
"noise",10,54,506
"noise",10,676,8
"noise",10,558,517
"noise",10,425,581
"noise",10,283,469
"noise",10,196,511
"noise",10,674,127
"noise",10,221,14
"noise",10,665,602
"noise",10,89,189
"noise",10,446,324
"noise",10,490,257
"noise",10,689,177
"noise",10,469,315
"noise",10,20,377
"noise",10,184,392
"noise",10,500,298
"noise",10,440,103
"noise",10,628,652
"noise",10,40,450
"noise",10,382,15
"noise",10,488,405
"noise",10,183,556
"noise",10,588,253
"noise",10,38,22
"noise",10,213,588
"noise",10,195,685
"noise",10,627,565
"noise",10,519,418
"noise",10,172,655
"noise",10,652,676
"noise",10,145,227
"noise",10,544,473
"noise",10,668,282
"noise",10,121,38
"noise",10,181,156
"noise",10,261,50
"noise",10,69,689
"noise",10,171,519
"noise",10,613,47
"noise",10,562,186
"noise",10,402,137
"noise",10,682,500
"noise",10,328,89
"noise",10,386,102
"noise",10,198,23
"noise",10,418,560
"noise",10,138,508
"noise",10,556,172
"noise",10,548,626
"noise",10,485,628
"noise",10,626,313
"noise",10,42,586
"noise",10,336,558
"noise",10,258,165
"noise",10,398,231
"noise",10,179,523
"noise",10,47,488
"noise",10,92,224
"noise",10,187,314
"noise",10,633,622
"noise",10,298,382
"noise",10,176,196
"noise",10,450,117
"noise",10,23,97
"noise",10,66,572
"noise",10,117,210
"noise",10,515,440
"noise",10,463,490
"noise",10,506,630
"noise",10,507,95
"noise",10,259,421
"noise",10,685,28
"noise",10,434,258
"noise",10,322,54
"noise",10,473,396
"noise",10,396,462
"noise",10,137,92
"noise",10,399,128
"noise",10,55,325
"noise",10,325,263
"noise",10,252,147
"noise",10,13,129
"noise",10,694,613
"noise",10,24,646
"noise",10,148,434
"noise",10,270,13
"noise",10,186,183
"noise",10,215,514
"noise",10,392,100
"noise",10,238,372
"noise",10,377,138
"noise",10,165,215
"noise",10,8,261
"noise",10,372,322
"noise",10,560,167
"noise",10,197,633
"noise",10,565,399
"noise",10,448,181
"noise",10,315,544
"noise",10,444,185
"noise",10,156,252
"noise",10,263,425
"noise",10,602,42
"noise",10,241,195
"noise",10,508,259
"noise",10,282,160
"noise",10,14,599
"noise",11,586,572
"noise",11,100,298
"noise",11,286,121
"noise",11,371,55
"noise",11,304,145
"noise",11,210,627
"noise",11,608,560
"noise",11,127,643
"noise",11,581,588
"noise",11,621,38
"noise",11,22,197
"noise",11,257,544
"noise",11,15,224
"noise",11,27,172
"noise",11,274,128
"noise",11,643,184
"noise",11,227,450
"noise",11,231,140
"noise",11,599,372
"noise",11,160,69
"noise",11,95,668
"noise",11,102,469
"noise",11,594,41
"noise",11,314,676
"noise",11,630,517
"noise",11,154,558
"noise",11,646,514
"noise",11,545,421
"noise",11,161,440
"noise",11,313,674
"noise",11,224,50
"noise",11,189,189
"noise",11,128,336
"noise",11,445,398
"noise",11,342,434
"noise",11,97,581
"noise",11,324,103
"noise",11,479,304
"noise",11,103,127
"noise",11,140,402
"noise",11,511,371
"noise",11,421,283
"noise",11,514,137
"noise",11,405,221
"noise",11,528,694
"noise",11,517,171
"noise",11,572,100
"noise",11,50,562
"noise",11,237,556
"noise",11,622,511
"noise",11,129,198
"noise",11,579,473
"noise",11,651,186
"noise",11,462,13
"noise",11,343,160
"noise",11,533,646
"noise",11,177,8
"noise",11,185,274
"noise",11,593,27
"noise",11,147,167
"noise",11,523,545
"noise",11,28,485
"noise",11,655,42
"noise",11,167,651
"noise",11,349,446
"noise",11,41,231
"noise",11,253,689
"noise",11,54,479
"noise",11,676,263
"noise",11,558,181
"noise",11,425,117
"noise",11,283,565
"noise",11,196,602
"noise",11,674,314
"noise",11,221,176
"noise",11,665,655
"noise",11,89,599
"noise",11,446,28
"noise",11,490,490
"noise",11,689,386
"noise",11,469,462
"noise",11,20,161
"noise",11,184,613
"noise",11,500,89
"noise",11,440,185
"noise",11,628,519
"noise",11,40,621
"noise",11,382,129
"noise",11,488,665
"noise",11,183,102
"noise",11,588,213
"noise",11,38,315
"noise",11,213,594
"noise",11,195,652
"noise",11,627,261
"noise",11,519,97
"noise",11,172,622
"noise",11,652,165
"noise",11,145,500
"noise",11,544,47
"noise",11,668,633
"noise",11,121,418
"noise",11,181,463
"noise",11,261,237
"noise",11,69,682
"noise",11,171,328
"noise",11,613,227
"noise",11,562,148
"noise",11,402,252
"noise",11,682,382
"noise",11,328,147
"noise",11,386,20
"noise",11,198,343
"noise",11,418,23
"noise",11,138,377
"noise",11,556,258
"noise",11,548,399
"noise",11,485,586
"noise",11,626,253
"noise",11,42,183
"noise",11,336,238
"noise",11,258,54
"noise",11,398,324
"noise",11,179,608
"noise",11,47,322
"noise",11,92,196
"noise",11,187,405
"noise",11,633,92
"noise",11,298,40
"noise",11,176,508
"noise",11,450,156
"noise",11,23,488
"noise",11,66,533
"noise",11,117,593
"noise",11,515,179
"noise",11,463,95
"noise",11,506,215
"noise",11,507,282
"noise",11,259,506
"noise",11,685,425
"noise",11,434,515
"noise",11,322,349
"noise",11,473,313
"noise",11,396,22
"noise",11,137,626
"noise",11,399,685
"noise",11,55,444
"noise",11,325,523
"noise",11,252,14
"noise",11,13,270
"noise",11,694,448
"noise",11,24,210
"noise",11,148,257
"noise",11,270,445
"noise",11,186,241
"noise",11,215,15
"noise",11,392,396
"noise",11,238,392
"noise",11,377,177
"noise",11,165,187
"noise",11,8,195
"noise",11,372,154
"noise",11,560,66
"noise",11,197,548
"noise",11,565,259
"noise",11,448,286
"noise",11,315,579
"noise",11,444,528
"noise",11,156,507
"noise",11,263,628
"noise",11,602,342
"noise",11,241,24
"noise",11,508,630
"noise",11,282,325
"noise",11,14,138
"noise",12,586,185
"noise",12,100,179
"noise",12,286,444
"noise",12,371,121
"noise",12,304,40
"noise",12,210,117
"noise",12,608,161
"noise",12,127,315
"noise",12,581,15
"noise",12,621,440
"noise",12,22,386
"noise",12,257,97
"noise",12,15,41
"noise",12,27,215
"noise",12,274,626
"noise",12,643,258
"noise",12,227,694
"noise",12,231,392
"noise",12,599,160
"noise",12,160,402
"noise",12,95,23
"noise",12,102,469
"noise",12,594,599
"noise",12,314,371
"noise",12,630,651
"noise",12,154,28
"noise",12,646,147
"noise",12,545,148
"noise",12,161,630
"noise",12,313,621
"noise",12,224,533
"noise",12,189,237
"noise",12,128,324
"noise",12,445,565
"noise",12,342,27
"noise",12,97,50
"noise",12,324,189
"noise",12,479,349
"noise",12,103,462
"noise",12,140,129
"noise",12,511,682
"noise",12,421,328
"noise",12,514,668
"noise",12,405,257
"noise",12,528,195
"noise",12,517,446
"noise",12,572,343
"noise",12,50,506
"noise",12,237,652
"noise",12,622,665
"noise",12,129,588
"noise",12,579,261
"noise",12,651,253
"noise",12,462,55
"noise",12,343,382
"noise",12,533,282
"noise",12,177,210
"noise",12,185,633
"noise",12,593,519
"noise",12,147,473
"noise",12,523,418
"noise",12,28,224
"noise",12,655,646
"noise",12,167,508
"noise",12,349,523
"noise",12,41,54
"noise",12,253,507
"noise",12,54,515
"noise",12,676,181
"noise",12,558,140
"noise",12,425,593
"noise",12,283,421
"noise",12,196,405
"noise",12,674,227
"noise",12,221,213
"noise",12,665,92
"noise",12,89,270
"noise",12,446,676
"noise",12,490,24
"noise",12,689,186
"noise",12,469,608
"noise",12,20,283
"noise",12,184,562
"noise",12,500,627
"noise",12,440,102
"noise",12,628,22
"noise",12,40,154
"noise",12,382,463
"noise",12,488,38
"noise",12,183,145
"noise",12,588,500
"noise",12,38,238
"noise",12,213,325
"noise",12,195,479
"noise",12,627,622
"noise",12,519,336
"noise",12,172,398
"noise",12,652,342
"noise",12,145,322
"noise",12,544,100
"noise",12,668,14
"noise",12,121,231
"noise",12,181,89
"noise",12,261,274
"noise",12,69,448
"noise",12,171,560
"noise",12,613,586
"noise",12,562,425
"noise",12,402,103
"noise",12,682,69
"noise",12,328,581
"noise",12,386,137
"noise",12,198,128
"noise",12,418,628
"noise",12,138,95
"noise",12,556,485
"noise",12,548,198
"noise",12,485,13
"noise",12,626,572
"noise",12,42,286
"noise",12,336,613
"noise",12,258,196
"noise",12,398,167
"noise",12,179,434
"noise",12,47,445
"noise",12,92,490
"noise",12,187,689
"noise",12,633,399
"noise",12,298,396
"noise",12,176,514
"noise",12,450,177
"noise",12,23,47
"noise",12,66,313
"noise",12,117,556
"noise",12,515,298
"noise",12,463,450
"noise",12,506,8
"noise",12,507,685
"noise",12,259,579
"noise",12,685,517
"noise",12,434,655
"noise",12,322,314
"noise",12,473,171
"noise",12,396,263
"noise",12,137,197
"noise",12,399,183
"noise",12,55,674
"noise",12,325,528
"noise",12,252,488
"noise",12,13,20
"noise",12,694,165
"noise",12,24,544
"noise",12,148,602
"noise",12,270,184
"noise",12,186,156
"noise",12,215,42
"noise",12,392,545
"noise",12,238,221
"noise",12,377,138
"noise",12,165,241
"noise",12,8,187
"noise",12,372,259
"noise",12,560,372
"noise",12,197,558
"noise",12,565,252
"noise",12,448,127
"noise",12,315,594
"noise",12,444,643
"noise",12,156,304
"noise",12,263,548
"noise",12,602,66
"noise",12,241,511
"noise",12,508,172
"noise",12,282,176
"noise",12,14,377
"noise",13,586,197
"noise",13,100,241
"noise",13,286,117
"noise",13,371,572
"noise",13,304,286
"noise",13,210,161
"noise",13,608,652
"noise",13,127,371
"noise",13,581,89
"noise",13,621,588
"noise",13,22,402
"noise",13,257,565
"noise",13,15,137
"noise",13,27,147
"noise",13,274,434
"noise",13,643,593
"noise",13,227,548
"noise",13,231,315
"noise",13,599,165
"noise",13,160,473
"noise",13,95,694
"noise",13,102,14
"noise",13,594,382
"noise",13,314,682
"noise",13,630,448
"noise",13,154,314
"noise",13,646,237
"noise",13,545,103
"noise",13,161,485
"noise",13,313,213
"noise",13,224,138
"noise",13,189,396
"noise",13,128,270
"noise",13,445,545
"noise",13,342,630
"noise",13,97,40
"noise",13,324,210
"noise",13,479,22
"noise",13,103,685
"noise",13,140,55
"noise",13,511,23
"noise",13,421,613
"noise",13,514,129
"noise",13,405,100
"noise",13,528,528
"noise",13,517,586
"noise",13,572,20
"noise",13,50,102
"noise",13,237,651
"noise",13,622,655
"noise",13,129,313
"noise",13,579,187
"noise",13,651,628
"noise",13,462,121
"noise",13,343,674
"noise",13,533,689
"noise",13,177,418
"noise",13,185,490
"noise",13,593,556
"noise",13,147,185
"noise",13,523,167
"noise",13,28,8
"noise",13,655,581
"noise",13,167,425
"noise",13,349,196
"noise",13,41,386
"noise",13,253,95
"noise",13,54,646
"noise",13,676,514
"noise",13,558,28
"noise",13,425,488
"noise",13,283,38
"noise",13,196,13
"noise",13,674,398
"noise",13,221,263
"noise",13,665,608
"noise",13,89,643
"noise",13,446,304
"noise",13,490,215
"noise",13,689,405
"noise",13,469,507
"noise",13,20,349
"noise",13,184,252
"noise",13,500,221
"noise",13,440,156
"noise",13,628,392
"noise",13,40,325
"noise",13,382,515
"noise",13,488,298
"noise",13,183,171
"noise",13,588,399
"noise",13,38,183
"noise",13,213,668
"noise",13,195,560
"noise",13,627,322
"noise",13,519,140
"noise",13,172,258
"noise",13,652,626
"noise",13,145,186
"noise",13,544,259
"noise",13,668,463
"noise",13,121,283
"noise",13,181,145
"noise",13,261,602
"noise",13,69,372
"noise",13,171,231
"noise",13,613,627
"noise",13,562,24
"noise",13,402,160
"noise",13,682,181
"noise",13,328,176
"noise",13,386,184
"noise",13,198,594
"noise",13,418,154
"noise",13,138,444
"noise",13,556,195
"noise",13,548,15
"noise",13,485,599
"noise",13,626,257
"noise",13,42,508
"noise",13,336,469
"noise",13,258,336
"noise",13,398,274
"noise",13,179,282
"noise",13,47,558
"noise",13,92,517
"noise",13,187,54
"noise",13,633,562
"noise",13,298,440
"noise",13,176,66
"noise",13,450,445
"noise",13,23,479
"noise",13,66,148
"noise",13,117,665
"noise",13,515,450
"noise",13,463,27
"noise",13,506,446
"noise",13,507,97
"noise",13,259,69
"noise",13,685,343
"noise",13,434,198
"noise",13,322,328
"noise",13,473,579
"noise",13,396,189
"noise",13,137,47
"noise",13,399,127
"noise",13,55,227
"noise",13,325,50
"noise",13,252,253
"noise",13,13,42
"noise",13,694,128
"noise",13,24,506
"noise",13,148,41
"noise",13,270,177
"noise",13,186,622
"noise",13,215,92
"noise",13,392,224
"noise",13,238,500
"noise",13,377,342
"noise",13,165,633
"noise",13,8,421
"noise",13,372,533
"noise",13,560,238
"noise",13,197,179
"noise",13,565,676
"noise",13,448,519
"noise",13,315,511
"noise",13,444,544
"noise",13,156,377
"noise",13,263,621
"noise",13,602,324
"noise",13,241,462
"noise",13,508,261
"noise",13,282,172
"noise",13,14,523
"noise",14,586,371
"noise",14,100,172
"noise",14,286,372
"noise",14,371,377
"noise",14,304,95
"noise",14,210,28
"noise",14,608,97
"noise",14,127,446
"noise",14,581,27
"noise",14,621,147
"noise",14,22,685
"noise",14,257,519
"noise",14,15,128
"noise",14,27,485
"noise",14,274,528
"noise",14,643,515
"noise",14,227,325
"noise",14,231,402
"noise",14,599,198
"noise",14,160,398
"noise",14,95,342
"noise",14,102,66
"noise",14,594,500
"noise",14,314,14
"noise",14,630,20
"noise",14,154,41
"noise",14,646,479
"noise",14,545,197
"noise",14,161,643
"noise",14,313,463
"noise",14,224,652
"noise",14,189,8
"noise",14,128,572
"noise",14,445,594
"noise",14,342,646
"noise",14,97,668
"noise",14,324,282
"noise",14,479,129
"noise",14,103,257
"noise",14,140,448
"noise",14,511,221
"noise",14,421,47
"noise",14,514,213
"noise",14,405,586
"noise",14,528,689
"noise",14,517,261
"noise",14,572,386
"noise",14,50,40
"noise",14,237,140
"noise",14,622,160
"noise",14,129,227
"noise",14,579,488
"noise",14,651,445
"noise",14,462,676
"noise",14,343,602
"noise",14,533,50
"noise",14,177,322
"noise",14,185,298
"noise",14,593,13
"noise",14,147,270
"noise",14,523,593
"noise",14,28,548
"noise",14,655,186
"noise",14,167,588
"noise",14,349,558
"noise",14,41,514
"noise",14,253,628
"noise",14,54,324
"noise",14,676,184
"noise",14,558,22
"noise",14,425,626
"noise",14,283,560
"noise",14,196,161
"noise",14,674,462
"noise",14,221,313
"noise",14,665,253
"noise",14,89,283
"noise",14,446,418
"noise",14,490,137
"noise",14,689,523
"noise",14,469,183
"noise",14,20,314
"noise",14,184,405
"noise",14,500,241
"noise",14,440,622
"noise",14,628,490
"noise",14,40,506
"noise",14,382,674
"noise",14,488,100
"noise",14,183,189
"noise",14,588,69
"noise",14,38,599
"noise",14,213,382
"noise",14,195,181
"noise",14,627,102
"noise",14,519,613
"noise",14,172,127
"noise",14,652,187
"noise",14,145,15
"noise",14,544,231
"noise",14,668,665
"noise",14,121,210
"noise",14,181,392
"noise",14,261,440
"noise",14,69,655
"noise",14,171,167
"noise",14,613,336
"noise",14,562,349
"noise",14,402,425
"noise",14,682,185
"noise",14,328,343
"noise",14,386,92
"noise",14,198,396
"noise",14,418,224
"noise",14,138,473
"noise",14,556,630
"noise",14,548,444
"noise",14,485,23
"noise",14,626,399
"noise",14,42,421
"noise",14,336,507
"noise",14,258,252
"noise",14,398,24
"noise",14,179,237
"noise",14,47,544
"noise",14,92,556
"noise",14,187,171
"noise",14,633,176
"noise",14,298,117
"noise",14,176,286
"noise",14,450,508
"noise",14,23,89
"noise",14,66,621
"noise",14,117,145
"noise",14,515,42
"noise",14,463,533
"noise",14,506,450
"noise",14,507,274
"noise",14,259,434
"noise",14,685,238
"noise",14,434,179
"noise",14,322,581
"noise",14,473,154
"noise",14,396,608
"noise",14,137,263
"noise",14,399,121
"noise",14,55,138
"noise",14,325,682
"noise",14,252,517
"noise",14,13,177
"noise",14,694,511
"noise",14,24,304
"noise",14,148,195
"noise",14,270,579
"noise",14,186,259
"noise",14,215,215
"noise",14,392,328
"noise",14,238,38
"noise",14,377,165
"noise",14,165,627
"noise",14,8,562
"noise",14,372,148
"noise",14,560,196
"noise",14,197,633
"noise",14,565,258
"noise",14,448,54
"noise",14,315,651
"noise",14,444,55
"noise",14,156,694
"noise",14,263,545
"noise",14,602,103
"noise",14,241,469
"noise",14,508,315
"noise",14,282,156
"noise",14,14,565
"noise",15,586,138
"noise",15,100,195
"noise",15,286,556
"noise",15,371,565
"noise",15,304,258
"noise",15,210,23
"noise",15,608,545
"noise",15,127,558
"noise",15,581,92
"noise",15,621,238
"noise",15,22,165
"noise",15,257,463
"noise",15,15,371
"noise",15,27,197
"noise",15,274,485
"noise",15,643,161
"noise",15,227,20
"noise",15,231,324
"noise",15,599,434
"noise",15,160,473
"noise",15,95,594
"noise",15,102,40
"noise",15,594,237
"noise",15,314,572
"noise",15,630,608
"noise",15,154,479
"noise",15,646,117
"noise",15,545,336
"noise",15,161,145
"noise",15,313,342
"noise",15,224,515
"noise",15,189,651
"noise",15,128,548
"noise",15,445,694
"noise",15,342,425
"noise",15,97,508
"noise",15,324,528
"noise",15,479,627
"noise",15,103,314
"noise",15,140,181
"noise",15,511,270
"noise",15,421,405
"noise",15,514,622
"noise",15,405,628
"noise",15,528,189
"noise",15,517,613
"noise",15,572,13
"noise",15,50,221
"noise",15,237,198
"noise",15,622,186
"noise",15,129,121
"noise",15,579,304
"noise",15,651,643
"noise",15,462,440
"noise",15,343,630
"noise",15,533,562
"noise",15,177,506
"noise",15,185,127
"noise",15,593,102
"noise",15,147,38
"noise",15,523,41
"noise",15,28,588
"noise",15,655,55
"noise",15,167,544
"noise",15,349,252
"noise",15,41,172
"noise",15,253,655
"noise",15,54,259
"noise",15,676,50
"noise",15,558,185
"noise",15,425,183
"noise",15,283,54
"noise",15,196,257
"noise",15,674,674
"noise",15,221,160
"noise",15,665,69
"noise",15,89,399
"noise",15,446,668
"noise",15,490,137
"noise",15,689,446
"noise",15,469,28
"noise",15,20,241
"noise",15,184,224
"noise",15,500,646
"noise",15,440,95
"noise",15,628,682
"noise",15,40,418
"noise",15,382,313
"noise",15,488,386
"noise",15,183,398
"noise",15,588,156
"noise",15,38,42
"noise",15,213,315
"noise",15,195,533
"noise",15,627,176
"noise",15,519,128
"noise",15,172,586
"noise",15,652,507
"noise",15,145,129
"noise",15,544,66
"noise",15,668,8
"noise",15,121,210
"noise",15,181,450
"noise",15,261,24
"noise",15,69,179
"noise",15,171,231
"noise",15,613,392
"noise",15,562,581
"noise",15,402,286
"noise",15,682,261
"noise",15,328,177
"noise",15,386,462
"noise",15,198,167
"noise",15,418,328
"noise",15,138,621
"noise",15,556,283
"noise",15,548,469
"noise",15,485,97
"noise",15,626,514
"noise",15,42,685
"noise",15,336,47
"noise",15,258,500
"noise",15,398,140
"noise",15,179,15
"noise",15,47,402
"noise",15,92,633
"noise",15,187,602
"noise",15,633,448
"noise",15,298,148
"noise",15,176,593
"noise",15,450,445
"noise",15,23,652
"noise",15,66,490
"noise",15,117,298
"noise",15,515,187
"noise",15,463,196
"noise",15,506,100
"noise",15,507,396
"noise",15,259,523
"noise",15,685,147
"noise",15,434,274
"noise",15,322,511
"noise",15,473,377
"noise",15,396,22
"noise",15,137,665
"noise",15,399,215
"noise",15,55,560
"noise",15,325,517
"noise",15,252,253
"noise",15,13,14
"noise",15,694,171
"noise",15,24,184
"noise",15,148,444
"noise",15,270,488
"noise",15,186,322
"noise",15,215,154
"noise",15,392,325
"noise",15,238,519
"noise",15,377,27
"noise",15,165,626
"noise",15,8,213
"noise",15,372,382
"noise",15,560,89
"noise",15,197,227
"noise",15,565,349
"noise",15,448,689
"noise",15,315,263
"noise",15,444,372
"noise",15,156,343
"noise",15,263,103
"noise",15,602,599
"noise",15,241,421
"noise",15,508,676
"noise",15,282,282
"noise",15,14,579
"noise",16,586,195
"noise",16,100,517
"noise",16,286,66
"noise",16,371,259
"noise",16,304,181
"noise",16,210,627
"noise",16,608,445
"noise",16,127,608
"noise",16,581,633
"noise",16,621,137
"noise",16,22,274
"noise",16,257,593
"noise",16,15,588
"noise",16,27,148
"noise",16,274,515
"noise",16,643,92
"noise",16,227,425
"noise",16,231,405
"noise",16,599,523
"noise",16,160,519
"noise",16,95,50
"noise",16,102,694
"noise",16,594,160
"noise",16,314,20
"noise",16,630,655
"noise",16,154,586
"noise",16,646,325
"noise",16,545,263
"noise",16,161,231
"noise",16,313,252
"noise",16,224,314
"noise",16,189,121
"noise",16,128,41
"noise",16,445,196
"noise",16,342,440
"noise",16,97,613
"noise",16,324,324
"noise",16,479,313
"noise",16,103,485
"noise",16,140,469
"noise",16,511,398
"noise",16,421,579
"noise",16,514,237
"noise",16,405,689
"noise",16,528,548
"noise",16,517,506
"noise",16,572,560
"noise",16,50,651
"noise",16,237,172
"noise",16,622,304
"noise",16,129,145
"noise",16,579,556
"noise",16,651,462
"noise",16,462,396
"noise",16,343,140
"noise",16,533,117
"noise",16,177,13
"noise",16,185,630
"noise",16,593,27
"noise",16,147,533
"noise",16,523,221
"noise",16,28,286
"noise",16,655,626
"noise",16,167,418
"noise",16,349,22
"noise",16,41,488
"noise",16,253,154
"noise",16,54,643
"noise",16,676,342
"noise",16,558,261
"noise",16,425,682
"noise",16,283,372
"noise",16,196,184
"noise",16,674,97
"noise",16,221,258
"noise",16,665,69
"noise",16,89,171
"noise",16,446,102
"noise",16,490,399
"noise",16,689,128
"noise",16,469,448
"noise",16,20,15
"noise",16,184,473
"noise",16,500,328
"noise",16,440,500
"noise",16,628,227
"noise",16,40,674
"noise",16,382,40
"noise",16,488,147
"noise",16,183,544
"noise",16,588,241
"noise",16,38,392
"noise",16,213,54
"noise",16,195,183
"noise",16,627,444
"noise",16,519,283
"noise",16,172,23
"noise",16,652,238
"noise",16,145,349
"noise",16,544,685
"noise",16,668,646
"noise",16,121,628
"noise",16,181,197
"noise",16,261,179
"noise",16,69,545
"noise",16,171,282
"noise",16,613,167
"noise",16,562,402
"noise",16,402,298
"noise",16,682,210
"noise",16,328,377
"noise",16,386,257
"noise",16,198,176
"noise",16,418,434
"noise",16,138,103
"noise",16,556,528
"noise",16,548,622
"noise",16,485,508
"noise",16,626,129
"noise",16,42,665
"noise",16,336,100
"noise",16,258,185
"noise",16,398,479
"noise",16,179,450
"noise",16,47,562
"noise",16,92,668
"noise",16,187,343
"noise",16,633,138
"noise",16,298,599
"noise",16,176,421
"noise",16,450,177
"noise",16,23,514
"noise",16,66,602
"noise",16,117,676
"noise",16,515,558
"noise",16,463,253
"noise",16,506,565
"noise",16,507,198
"noise",16,259,38
"noise",16,685,511
"noise",16,434,24
"noise",16,322,581
"noise",16,473,507
"noise",16,396,446
"noise",16,137,189
"noise",16,399,14
"noise",16,55,322
"noise",16,325,186
"noise",16,252,28
"noise",16,13,371
"noise",16,694,89
"noise",16,24,386
"noise",16,148,382
"noise",16,270,572
"noise",16,186,165
"noise",16,215,156
"noise",16,392,336
"noise",16,238,95
"noise",16,377,224
"noise",16,165,42
"noise",16,8,490
"noise",16,372,621
"noise",16,560,8
"noise",16,197,215
"noise",16,565,652
"noise",16,448,127
"noise",16,315,161
"noise",16,444,594
"noise",16,156,315
"noise",16,263,55
"noise",16,602,463
"noise",16,241,213
"noise",16,508,270
"noise",16,282,187
"noise",16,14,47
"noise",17,586,548
"noise",17,100,253
"noise",17,286,28
"noise",17,371,511
"noise",17,304,147
"noise",17,210,386
"noise",17,608,630
"noise",17,127,694
"noise",17,581,602
"noise",17,621,377
"noise",17,22,621
"noise",17,257,252
"noise",17,15,154
"noise",17,27,446
"noise",17,274,440
"noise",17,643,195
"noise",17,227,622
"noise",17,231,463
"noise",17,599,97
"noise",17,160,506
"noise",17,95,343
"noise",17,102,282
"noise",17,594,469
"noise",17,314,325
"noise",17,630,176
"noise",17,154,405
"noise",17,646,473
"noise",17,545,324
"noise",17,161,102
"noise",17,313,156
"noise",17,224,54
"noise",17,189,328
"noise",17,128,171
"noise",17,445,560
"noise",17,342,565
"noise",17,97,421
"noise",17,324,121
"noise",17,479,314
"noise",17,103,652
"noise",17,140,485
"noise",17,511,562
"noise",17,421,161
"noise",17,514,95
"noise",17,405,372
"noise",17,528,41
"noise",17,517,196
"noise",17,572,261
"noise",17,50,396
"noise",17,237,533
"noise",17,622,599
"noise",17,129,129
"noise",17,579,24
"noise",17,651,167
"noise",17,462,179
"noise",17,343,651
"noise",17,533,283
"noise",17,177,628
"noise",17,185,189
"noise",17,593,14
"noise",17,147,507
"noise",17,523,490
"noise",17,28,418
"noise",17,655,298
"noise",17,167,148
"noise",17,349,579
"noise",17,41,69
"noise",17,253,42
"noise",17,54,517
"noise",17,676,213
"noise",17,558,371
"noise",17,425,198
"noise",17,283,399
"noise",17,196,185
"noise",17,674,572
"noise",17,221,594
"noise",17,665,523
"noise",17,89,140
"noise",17,446,286
"noise",17,490,165
"noise",17,689,336
"noise",17,469,402
"noise",17,20,655
"noise",17,184,633
"noise",17,500,626
"noise",17,440,508
"noise",17,628,15
"noise",17,40,27
"noise",17,382,92
"noise",17,488,488
"noise",17,183,349
"noise",17,588,613
"noise",17,38,593
"noise",17,213,588
"noise",17,195,545
"noise",17,627,259
"noise",17,519,528
"noise",17,172,237
"noise",17,652,227
"noise",17,145,186
"noise",17,544,137
"noise",17,668,183
"noise",17,121,382
"noise",17,181,238
"noise",17,261,304
"noise",17,69,313
"noise",17,171,40
"noise",17,613,586
"noise",17,562,181
"noise",17,402,445
"noise",17,682,89
"noise",17,328,138
"noise",17,386,462
"noise",17,198,676
"noise",17,418,434
"noise",17,138,646
"noise",17,556,342
"noise",17,548,221
"noise",17,485,665
"noise",17,626,608
"noise",17,42,66
"noise",17,336,50
"noise",17,258,627
"noise",17,398,38
"noise",17,179,23
"noise",17,47,177
"noise",17,92,231
"noise",17,187,544
"noise",17,633,274
"noise",17,298,668
"noise",17,176,448
"noise",17,450,22
"noise",17,23,172
"noise",17,66,184
"noise",17,117,479
"noise",17,515,224
"noise",17,463,263
"noise",17,506,270
"noise",17,507,425
"noise",17,259,103
"noise",17,685,187
"noise",17,434,514
"noise",17,322,558
"noise",17,473,519
"noise",17,396,127
"noise",17,137,322
"noise",17,399,581
"noise",17,55,210
"noise",17,325,682
"noise",17,252,117
"noise",17,13,500
"noise",17,694,689
"noise",17,24,215
"noise",17,148,685
"noise",17,270,55
"noise",17,186,444
"noise",17,215,258
"noise",17,392,450
"noise",17,238,8
"noise",17,377,13
"noise",17,165,556
"noise",17,8,398
"noise",17,372,241
"noise",17,560,145
"noise",17,197,392
"noise",17,565,515
"noise",17,448,674
"noise",17,315,643
"noise",17,444,315
"noise",17,156,100
"noise",17,263,47
"noise",17,602,160
"noise",17,241,197
"noise",17,508,257
"noise",17,282,128
"noise",17,14,20
"noise",18,586,386
"noise",18,100,92
"noise",18,286,511
"noise",18,371,13
"noise",18,304,402
"noise",18,210,545
"noise",18,608,328
"noise",18,127,187
"noise",18,581,676
"noise",18,621,336
"noise",18,22,651
"noise",18,257,227
"noise",18,15,89
"noise",18,27,682
"noise",18,274,655
"noise",18,643,462
"noise",18,227,8
"noise",18,231,148
"noise",18,599,633
"noise",18,160,613
"noise",18,95,128
"noise",18,102,448
"noise",18,594,41
"noise",18,314,183
"noise",18,630,372
"noise",18,154,195
"noise",18,646,325
"noise",18,545,608
"noise",18,161,304
"noise",18,313,421
"noise",18,224,24
"noise",18,189,165
"noise",18,128,69
"noise",18,445,627
"noise",18,342,196
"noise",18,97,507
"noise",18,324,398
"noise",18,479,176
"noise",18,103,185
"noise",18,140,137
"noise",18,511,434
"noise",18,421,171
"noise",18,514,257
"noise",18,405,283
"noise",18,528,314
"noise",18,517,508
"noise",18,572,47
"noise",18,50,252
"noise",18,237,197
"noise",18,622,562
"noise",18,129,621
"noise",18,579,140
"noise",18,651,490
"noise",18,462,66
"noise",18,343,42
"noise",18,533,15
"noise",18,177,519
"noise",18,185,405
"noise",18,593,286
"noise",18,147,544
"noise",18,523,186
"noise",18,28,602
"noise",18,655,282
"noise",18,167,643
"noise",18,349,54
"noise",18,41,103
"noise",18,253,377
"noise",18,54,665
"noise",18,676,646
"noise",18,558,23
"noise",18,425,517
"noise",18,283,210
"noise",18,196,274
"noise",18,674,121
"noise",18,221,184
"noise",18,665,588
"noise",18,89,189
"noise",18,446,349
"noise",18,490,593
"noise",18,689,27
"noise",18,469,177
"noise",18,20,258
"noise",18,184,22
"noise",18,500,392
"noise",18,440,40
"noise",18,628,382
"noise",18,40,127
"noise",18,382,161
"noise",18,488,213
"noise",18,183,586
"noise",18,588,14
"noise",18,38,418
"noise",18,213,500
"noise",18,195,129
"noise",18,627,515
"noise",18,519,298
"noise",18,172,154
"noise",18,652,38
"noise",18,145,479
"noise",18,544,556
"noise",18,668,444
"noise",18,121,28
"noise",18,181,102
"noise",18,261,50
"noise",18,69,626
"noise",18,171,313
"noise",18,613,558
"noise",18,562,241
"noise",18,402,343
"noise",18,682,95
"noise",18,328,172
"noise",18,386,20
"noise",18,198,231
"noise",18,418,263
"noise",18,138,160
"noise",18,556,270
"noise",18,548,55
"noise",18,485,689
"noise",18,626,628
"noise",18,42,138
"noise",18,336,514
"noise",18,258,221
"noise",18,398,506
"noise",18,179,599
"noise",18,47,565
"noise",18,92,523
"noise",18,187,674
"noise",18,633,528
"noise",18,298,572
"noise",18,176,324
"noise",18,450,371
"noise",18,23,446
"noise",18,66,147
"noise",18,117,237
"noise",18,515,181
"noise",18,463,445
"noise",18,506,485
"noise",18,507,548
"noise",18,259,533
"noise",18,685,450
"noise",18,434,253
"noise",18,322,238
"noise",18,473,594
"noise",18,396,630
"noise",18,137,581
"noise",18,399,622
"noise",18,55,469
"noise",18,325,488
"noise",18,252,652
"noise",18,13,685
"noise",18,694,425
"noise",18,24,259
"noise",18,148,145
"noise",18,270,179
"noise",18,186,440
"noise",18,215,579
"noise",18,392,224
"noise",18,238,261
"noise",18,377,315
"noise",18,165,342
"noise",18,8,322
"noise",18,372,100
"noise",18,560,117
"noise",18,197,668
"noise",18,565,396
"noise",18,448,198
"noise",18,315,560
"noise",18,444,97
"noise",18,156,156
"noise",18,263,167
"noise",18,602,694
"noise",18,241,463
"noise",18,508,399
"noise",18,282,215
"noise",18,14,473
"noise",19,586,676
"noise",19,100,633
"noise",19,286,533
"noise",19,371,528
"noise",19,304,556
"noise",19,210,386
"noise",19,608,565
"noise",19,127,181
"noise",19,581,258
"noise",19,621,462
"noise",19,22,283
"noise",19,257,95
"noise",19,15,371
"noise",19,27,184
"noise",19,274,588
"noise",19,643,15
"noise",19,227,89
"noise",19,231,167
"noise",19,599,627
"noise",19,160,148
"noise",19,95,38
"noise",19,102,421
"noise",19,594,328
"noise",19,314,651
"noise",19,630,13
"noise",19,154,252
"noise",19,646,145
"noise",19,545,137
"noise",19,161,392
"noise",19,313,257
"noise",19,224,263
"noise",19,189,515
"noise",19,128,581
"noise",19,445,674
"noise",19,342,238
"noise",19,97,27
"noise",19,324,179
"noise",19,479,322
"noise",19,103,42
"noise",19,140,440
"noise",19,511,399
"noise",19,421,161
"noise",19,514,336
"noise",19,405,519
"noise",19,528,156
"noise",19,517,224
"noise",19,572,508
"noise",19,50,643
"noise",19,237,425
"noise",19,622,655
"noise",19,129,128
"noise",19,579,103
"noise",19,651,558
"noise",19,462,377
"noise",19,343,608
"noise",19,533,270
"noise",19,177,544
"noise",19,185,172
"noise",19,593,186
"noise",19,147,652
"noise",19,523,398
"noise",19,28,446
"noise",19,655,593
"noise",19,167,562
"noise",19,349,485
"noise",19,41,630
"noise",19,253,545
"noise",19,54,41
"noise",19,676,102
"noise",19,558,325
"noise",19,425,54
"noise",19,283,40
"noise",19,196,450
"noise",19,674,665
"noise",19,221,602
"noise",19,665,473
"noise",19,89,253
"noise",19,446,628
"noise",19,490,221
"noise",19,689,324
"noise",19,469,298
"noise",19,20,160
"noise",19,184,682
"noise",19,500,343
"noise",19,440,469
"noise",19,628,402
"noise",19,40,237
"noise",19,382,198
"noise",19,488,282
"noise",19,183,129
"noise",19,588,396
"noise",19,38,315
"noise",19,213,488
"noise",19,195,523
"noise",19,627,210
"noise",19,519,444
"noise",19,172,599
"noise",19,652,382
"noise",19,145,185
"noise",19,544,479
"noise",19,668,668
"noise",19,121,689
"noise",19,181,66
"noise",19,261,231
"noise",19,69,24
"noise",19,171,507
"noise",19,613,165
"noise",19,562,23
"noise",19,402,28
"noise",19,682,274
"noise",19,328,314
"noise",19,386,171
"noise",19,198,117
"noise",19,418,92
"noise",19,138,572
"noise",19,556,138
"noise",19,548,560
"noise",19,485,195
"noise",19,626,514
"noise",19,42,259
"noise",19,336,506
"noise",19,258,511
"noise",19,398,579
"noise",19,179,313
"noise",19,47,594
"noise",19,92,685
"noise",19,187,140
"noise",19,633,215
"noise",19,298,22
"noise",19,176,694
"noise",19,450,55
"noise",19,23,613
"noise",19,66,227
"noise",19,117,176
"noise",19,515,189
"noise",19,463,147
"noise",19,506,187
"noise",19,507,463
"noise",19,259,47
"noise",19,685,14
"noise",19,434,20
"noise",19,322,548
"noise",19,473,154
"noise",19,396,622
"noise",19,137,50
"noise",19,399,405
"noise",19,55,286
"noise",19,325,304
"noise",19,252,241
"noise",19,13,100
"noise",19,694,177
"noise",19,24,196
"noise",19,148,418
"noise",19,270,372
"noise",19,186,261
"noise",19,215,349
"noise",19,392,646
"noise",19,238,183
"noise",19,377,97
"noise",19,165,121
"noise",19,8,626
"noise",19,372,586
"noise",19,560,213
"noise",19,197,8
"noise",19,565,621
"noise",19,448,342
"noise",19,315,490
"noise",19,444,127
"noise",19,156,500
"noise",19,263,448
"noise",19,602,434
"noise",19,241,445
"noise",19,508,517
"noise",19,282,69
"noise",19,14,197
"noise",20,586,128
"noise",20,100,382
"noise",20,286,161
"noise",20,371,187
"noise",20,304,66
"noise",20,210,545
"noise",20,608,448
"noise",20,127,165
"noise",20,581,646
"noise",20,621,40
"noise",20,22,27
"noise",20,257,270
"noise",20,15,655
"noise",20,27,594
"noise",20,274,41
"noise",20,643,47
"noise",20,227,463
"noise",20,231,8
"noise",20,599,213
"noise",20,160,237
"noise",20,95,154
"noise",20,102,224
"noise",20,594,343
"noise",20,314,322
"noise",20,630,181
"noise",20,154,528
"noise",20,646,445
"noise",20,545,643
"noise",20,161,102
"noise",20,313,485
"noise",20,224,227
"noise",20,189,511
"noise",20,128,183
"noise",20,445,450
"noise",20,342,197
"noise",20,97,665
"noise",20,324,599
"noise",20,479,342
"noise",20,103,313
"noise",20,140,622
"noise",20,511,652
"noise",20,421,156
"noise",20,514,506
"noise",20,405,103
"noise",20,528,507
"noise",20,517,651
"noise",20,572,324
"noise",20,50,377
"noise",20,237,405
"noise",20,622,95
"noise",20,129,171
"noise",20,579,89
"noise",20,651,446
"noise",20,462,548
"noise",20,343,325
"noise",20,533,630
"noise",20,177,54
"noise",20,185,14
"noise",20,593,253
"noise",20,147,50
"noise",20,523,500
"noise",20,28,283
"noise",20,655,241
"noise",20,167,402
"noise",20,349,55
"noise",20,41,257
"noise",20,253,38
"noise",20,54,140
"noise",20,676,198
"noise",20,558,469
"noise",20,425,479
"noise",20,283,258
"noise",20,196,28
"noise",20,674,196
"noise",20,221,42
"noise",20,665,372
"noise",20,89,23
"noise",20,446,147
"noise",20,490,127
"noise",20,689,261
"noise",20,469,517
"noise",20,20,314
"noise",20,184,210
"noise",20,500,282
"noise",20,440,129
"noise",20,628,490
"noise",20,40,386
"noise",20,382,371
"noise",20,488,195
"noise",20,183,398
"noise",20,588,172
"noise",20,38,668
"noise",20,213,676
"noise",20,195,259
"noise",20,627,588
"noise",20,519,97
"noise",20,172,69
"noise",20,652,274
"noise",20,145,685
"noise",20,544,263
"noise",20,668,176
"noise",20,121,186
"noise",20,181,462
"noise",20,261,558
"noise",20,69,148
"noise",20,171,298
"noise",20,613,682
"noise",20,562,399
"noise",20,402,349
"noise",20,682,579
"noise",20,328,508
"noise",20,386,572
"noise",20,198,421
"noise",20,418,444
"noise",20,138,689
"noise",20,556,215
"noise",20,548,602
"noise",20,485,562
"noise",20,626,286
"noise",20,42,514
"noise",20,336,523
"noise",20,258,184
"noise",20,398,392
"noise",20,179,434
"noise",20,47,336
"noise",20,92,440
"noise",20,187,221
"noise",20,633,304
"noise",20,298,189
"noise",20,176,544
"noise",20,450,560
"noise",20,23,231
"noise",20,66,581
"noise",20,117,328
"noise",20,515,121
"noise",20,463,593
"noise",20,506,160
"noise",20,507,608
"noise",20,259,20
"noise",20,685,167
"noise",20,434,185
"noise",20,322,137
"noise",20,473,473
"noise",20,396,425
"noise",20,137,556
"noise",20,399,179
"noise",20,55,674
"noise",20,325,100
"noise",20,252,626
"noise",20,13,519
"noise",20,694,565
"noise",20,24,533
"noise",20,148,488
"noise",20,270,694
"noise",20,186,396
"noise",20,215,621
"noise",20,392,24
"noise",20,238,13
"noise",20,377,252
"noise",20,165,138
"noise",20,8,117
"noise",20,372,633
"noise",20,560,145
"noise",20,197,238
"noise",20,565,177
"noise",20,448,418
"noise",20,315,628
"noise",20,444,627
"noise",20,156,22
"noise",20,263,15
"noise",20,602,315
"noise",20,241,515
"noise",20,508,613
"noise",20,282,92
"noise",20,14,586
"noise",21,586,274
"noise",21,100,237
"noise",21,286,533
"noise",21,371,694
"noise",21,304,517
"noise",21,210,282
"noise",21,608,473
"noise",21,127,38
"noise",21,581,440
"noise",21,621,488
"noise",21,22,252
"noise",21,257,154
"noise",21,15,479
"noise",21,27,445
"noise",21,274,231
"noise",21,643,15
"noise",21,227,343
"noise",21,231,186
"noise",21,599,602
"noise",21,160,304
"noise",21,95,315
"noise",21,102,599
"noise",21,594,129
"noise",21,314,622
"noise",21,630,556
"noise",21,154,54
"noise",21,646,196
"noise",21,545,167
"noise",21,161,66
"noise",21,313,102
"noise",21,224,322
"noise",21,189,371
"noise",21,128,630
"noise",21,445,97
"noise",21,342,161
"noise",21,97,14
"noise",21,324,655
"noise",21,479,572
"noise",21,103,41
"noise",21,140,562
"noise",21,511,565
"noise",21,421,314
"noise",21,514,241
"noise",21,405,121
"noise",21,528,558
"noise",21,517,608
"noise",21,572,386
"noise",21,50,507
"noise",21,237,224
"noise",21,622,462
"noise",21,129,544
"noise",21,579,633
"noise",21,651,643
"noise",21,462,446
"noise",21,343,463
"noise",21,533,588
"noise",21,177,398
"noise",21,185,145
"noise",21,593,184
"noise",21,147,448
"noise",21,523,263
"noise",21,28,469
"noise",21,655,313
"noise",21,167,181
"noise",21,349,450
"noise",21,41,176
"noise",21,253,20
"noise",21,54,377
"noise",21,676,103
"noise",21,558,372
"noise",21,425,298
"noise",21,283,594
"noise",21,196,579
"noise",21,674,95
"noise",21,221,55
"noise",21,665,652
"noise",21,89,177
"noise",21,446,402
"noise",21,490,198
"noise",21,689,421
"noise",21,469,646
"noise",21,20,258
"noise",21,184,434
"noise",21,500,515
"noise",21,440,227
"noise",21,628,511
"noise",21,40,22
"noise",21,382,215
"noise",21,488,165
"noise",21,183,128
"noise",21,588,560
"noise",21,38,138
"noise",21,213,508
"noise",21,195,396
"noise",21,627,425
"noise",21,519,172
"noise",21,172,586
"noise",21,652,514
"noise",21,145,270
"noise",21,544,382
"noise",21,668,283
"noise",21,121,13
"noise",21,181,628
"noise",21,261,156
"noise",21,69,89
"noise",21,171,545
"noise",21,613,519
"noise",21,562,259
"noise",21,402,665
"noise",21,682,92
"noise",21,328,328
"noise",21,386,325
"noise",21,198,674
"noise",21,418,257
"noise",21,138,676
"noise",21,556,689
"noise",21,548,187
"noise",21,485,581
"noise",21,626,24
"noise",21,42,444
"noise",21,336,685
"noise",21,258,171
"noise",21,398,286
"noise",21,179,349
"noise",21,47,627
"noise",21,92,185
"noise",21,187,651
"noise",21,633,127
"noise",21,298,523
"noise",21,176,50
"noise",21,450,40
"noise",21,23,336
"noise",21,66,117
"noise",21,117,23
"noise",21,515,418
"noise",21,463,682
"noise",21,506,147
"noise",21,507,392
"noise",21,259,160
"noise",21,685,213
"noise",21,434,27
"noise",21,322,485
"noise",21,473,179
"noise",21,396,137
"noise",21,137,342
"noise",21,399,47
"noise",21,55,506
"noise",21,325,8
"noise",21,252,210
"noise",21,13,100
"noise",21,694,405
"noise",21,24,548
"noise",21,148,195
"noise",21,270,324
"noise",21,186,593
"noise",21,215,261
"noise",21,392,183
"noise",21,238,253
"noise",21,377,140
"noise",21,165,148
"noise",21,8,221
"noise",21,372,613
"noise",21,560,528
"noise",21,197,621
"noise",21,565,668
"noise",21,448,500
"noise",21,315,399
"noise",21,444,490
"noise",21,156,197
"noise",21,263,626
"noise",21,602,28
"noise",21,241,69
"noise",21,508,189
"noise",21,282,42
"noise",21,14,238
"noise",22,586,324
"noise",22,100,668
"noise",22,286,177
"noise",22,371,97
"noise",22,304,558
"noise",22,210,434
"noise",22,608,241
"noise",22,127,572
"noise",22,581,599
"noise",22,621,282
"noise",22,22,485
"noise",22,257,28
"noise",22,15,581
"noise",22,27,613
"noise",22,274,548
"noise",22,643,210
"noise",22,227,258
"noise",22,231,608
"noise",22,599,161
"noise",22,160,500
"noise",22,95,187
"noise",22,102,655
"noise",22,594,181
"noise",22,314,450
"noise",22,630,685
"noise",22,154,224
"noise",22,646,523
"noise",22,545,237
"noise",22,161,473
"noise",22,313,343
"noise",22,224,377
"noise",22,189,594
"noise",22,128,517
"noise",22,445,633
"noise",22,342,328
"noise",22,97,627
"noise",22,324,544
"noise",22,479,165
"noise",22,103,147
"noise",22,140,55
"noise",22,511,263
"noise",22,421,160
"noise",22,514,23
"noise",22,405,488
"noise",22,528,15
"noise",22,517,40
"noise",22,572,674
"noise",22,50,646
"noise",22,237,286
"noise",22,622,259
"noise",22,129,336
"noise",22,579,421
"noise",22,651,137
"noise",22,462,167
"noise",22,343,145
"noise",22,533,382
"noise",22,177,469
"noise",22,185,507
"noise",22,593,50
"noise",22,147,342
"noise",22,523,179
"noise",22,28,198
"noise",22,655,372
"noise",22,167,215
"noise",22,349,386
"noise",22,41,42
"noise",22,253,8
"noise",22,54,643
"noise",22,676,652
"noise",22,558,444
"noise",22,425,221
"noise",22,283,694
"noise",22,196,440
"noise",22,674,528
"noise",22,221,602
"noise",22,665,556
"noise",22,89,154
"noise",22,446,682
"noise",22,490,171
"noise",22,689,579
"noise",22,469,405
"noise",22,20,140
"noise",22,184,117
"noise",22,500,138
"noise",22,440,185
"noise",22,628,398
"noise",22,40,508
"noise",22,382,252
"noise",22,488,189
"noise",22,183,519
"noise",22,588,274
"noise",22,38,148
"noise",22,213,479
"noise",22,195,562
"noise",22,627,448
"noise",22,519,560
"noise",22,172,622
"noise",22,652,22
"noise",22,145,41
"noise",22,544,628
"noise",22,668,511
"noise",22,121,418
"noise",22,181,593
"noise",22,261,304
"noise",22,69,565
"noise",22,171,445
"noise",22,613,533
"noise",22,562,102
"noise",22,402,127
"noise",22,682,315
"noise",22,328,54
"noise",22,386,588
"noise",22,198,103
"noise",22,418,231
"noise",22,138,195
"noise",22,556,213
"noise",22,548,238
"noise",22,485,515
"noise",22,626,128
"noise",22,42,14
"noise",22,336,89
"noise",22,258,253
"noise",22,398,586
"noise",22,179,463
"noise",22,47,27
"noise",22,92,665
"noise",22,187,630
"noise",22,633,13
"noise",22,298,129
"noise",22,176,66
"noise",22,450,313
"noise",22,23,676
"noise",22,66,446
"noise",22,117,196
"noise",22,515,172
"noise",22,463,47
"noise",22,506,156
"noise",22,507,349
"noise",22,259,462
"noise",22,685,396
"noise",22,434,371
"noise",22,322,322
"noise",22,473,325
"noise",22,396,402
"noise",22,137,92
"noise",22,399,186
"noise",22,55,392
"noise",22,325,121
"noise",22,252,270
"noise",22,13,197
"noise",22,694,184
"noise",22,24,183
"noise",22,148,298
"noise",22,270,689
"noise",22,186,314
"noise",22,215,506
"noise",22,392,399
"noise",22,238,20
"noise",22,377,24
"noise",22,165,626
"noise",22,8,227
"noise",22,372,425
"noise",22,560,257
"noise",22,197,100
"noise",22,565,651
"noise",22,448,95
"noise",22,315,261
"noise",22,444,514
"noise",22,156,176
"noise",22,263,283
"noise",22,602,69
"noise",22,241,490
"noise",22,508,545
"noise",22,282,621
"noise",22,14,38
"noise",23,586,129
"noise",23,100,177
"noise",23,286,450
"noise",23,371,117
"noise",23,304,372
"noise",23,210,282
"noise",23,608,252
"noise",23,127,371
"noise",23,581,55
"noise",23,621,676
"noise",23,22,685
"noise",23,257,128
"noise",23,15,42
"noise",23,27,349
"noise",23,274,462
"noise",23,643,599
"noise",23,227,23
"noise",23,231,490
"noise",23,599,646
"noise",23,160,258
"noise",23,95,137
"noise",23,102,562
"noise",23,594,314
"noise",23,314,418
"noise",23,630,102
"noise",23,154,69
"noise",23,646,95
"noise",23,545,15
"noise",23,161,421
"noise",23,313,186
"noise",23,224,154
"noise",23,189,402
"noise",23,128,241
"noise",23,445,508
"noise",23,342,185
"noise",23,97,560
"noise",23,324,628
"noise",23,479,38
"noise",23,103,445
"noise",23,140,343
"noise",23,511,147
"noise",23,421,121
"noise",23,514,579
"noise",23,405,179
"noise",23,528,602
"noise",23,517,27
"noise",23,572,274
"noise",23,50,565
"noise",23,237,8
"noise",23,622,396
"noise",23,129,630
"noise",23,579,488
"noise",23,651,405
"noise",23,462,13
"noise",23,343,674
"noise",23,533,448
"noise",23,177,621
"noise",23,185,103
"noise",23,593,652
"noise",23,147,342
"noise",23,523,298
"noise",23,28,313
"noise",23,655,444
"noise",23,167,446
"noise",23,349,183
"noise",23,41,283
"noise",23,253,668
"noise",23,54,473
"noise",23,676,382
"noise",23,558,160
"noise",23,425,270
"noise",23,283,626
"noise",23,196,622
"noise",23,674,237
"noise",23,221,213
"noise",23,665,377
"noise",23,89,40
"noise",23,446,47
"noise",23,490,479
"noise",23,689,682
"noise",23,469,523
"noise",23,20,514
"noise",23,184,257
"noise",23,500,189
"noise",23,440,425
"noise",23,628,594
"noise",23,40,613
"noise",23,382,689
"noise",23,488,97
"noise",23,183,515
"noise",23,588,588
"noise",23,38,253
"noise",23,213,545
"noise",23,195,507
"noise",23,627,127
"noise",23,519,304
"noise",23,172,231
"noise",23,652,286
"noise",23,145,172
"noise",23,544,665
"noise",23,668,197
"noise",23,121,66
"noise",23,181,511
"noise",23,261,138
"noise",23,69,259
"noise",23,171,238
"noise",23,613,548
"noise",23,562,655
"noise",23,402,184
"noise",23,682,50
"noise",23,328,386
"noise",23,386,506
"noise",23,198,156
"noise",23,418,519
"noise",23,138,544
"noise",23,556,176
"noise",23,548,89
"noise",23,485,399
"noise",23,626,485
"noise",23,42,558
"noise",23,336,167
"noise",23,258,500
"noise",23,398,22
"noise",23,179,181
"noise",23,47,20
"noise",23,92,608
"noise",23,187,325
"noise",23,633,41
"noise",23,298,28
"noise",23,176,215
"noise",23,450,633
"noise",23,23,187
"noise",23,66,440
"noise",23,117,24
"noise",23,515,210
"noise",23,463,140
"noise",23,506,322
"noise",23,507,463
"noise",23,259,92
"noise",23,685,165
"noise",23,434,398
"noise",23,322,572
"noise",23,473,148
"noise",23,396,533
"noise",23,137,315
"noise",23,399,161
"noise",23,55,224
"noise",23,325,263
"noise",23,252,54
"noise",23,13,517
"noise",23,694,324
"noise",23,24,171
"noise",23,148,198
"noise",23,270,694
"noise",23,186,556
"noise",23,215,586
"noise",23,392,643
"noise",23,238,196
"noise",23,377,627
"noise",23,165,651
"noise",23,8,328
"noise",23,372,593
"noise",23,560,100
"noise",23,197,336
"noise",23,565,145
"noise",23,448,392
"noise",23,315,469
"noise",23,444,581
"noise",23,156,14
"noise",23,263,528
"noise",23,602,434
"noise",23,241,195
"noise",23,508,221
"noise",23,282,261
"noise",23,14,227
"noise",24,586,599
"noise",24,100,286
"noise",24,286,628
"noise",24,371,572
"noise",24,304,560
"noise",24,210,183
"noise",24,608,28
"noise",24,127,514
"noise",24,581,129
"noise",24,621,633
"noise",24,22,405
"noise",24,257,682
"noise",24,15,479
"noise",24,27,102
"noise",24,274,425
"noise",24,643,342
"noise",24,227,145
"noise",24,231,55
"noise",24,599,189
"noise",24,160,241
"noise",24,95,253
"noise",24,102,613
"noise",24,594,213
"noise",24,314,89
"noise",24,630,556
"noise",24,154,14
"noise",24,646,523
"noise",24,545,121
"noise",24,161,694
"noise",24,313,462
"noise",24,224,328
"noise",24,189,27
"noise",24,128,103
"noise",24,445,515
"noise",24,342,676
"noise",24,97,506
"noise",24,324,283
"noise",24,479,473
"noise",24,103,558
"noise",24,140,304
"noise",24,511,446
"noise",24,421,20
"noise",24,514,517
"noise",24,405,298
"noise",24,528,154
"noise",24,517,652
"noise",24,572,128
"noise",24,50,511
"noise",24,237,261
"noise",24,622,127
"noise",24,129,177
"noise",24,579,349
"noise",24,651,42
"noise",24,462,147
"noise",24,343,97
"noise",24,533,507
"noise",24,177,161
"noise",24,185,626
"noise",24,593,392
"noise",24,147,197
"noise",24,523,160
"noise",24,28,593
"noise",24,655,655
"noise",24,167,377
"noise",24,349,92
"noise",24,41,508
"noise",24,253,434
"noise",24,54,372
"noise",24,676,689
"noise",24,558,221
"noise",24,425,117
"noise",24,283,41
"noise",24,196,643
"noise",24,674,646
"noise",24,221,668
"noise",24,665,579
"noise",24,89,594
"noise",24,446,463
"noise",24,490,140
"noise",24,689,138
"noise",24,469,54
"noise",24,20,421
"noise",24,184,445
"noise",24,500,490
"noise",24,440,15
"noise",24,628,237
"noise",24,40,336
"noise",24,382,314
"noise",24,488,315
"noise",24,183,469
"noise",24,588,586
"noise",24,38,621
"noise",24,213,382
"noise",24,195,371
"noise",24,627,565
"noise",24,519,622
"noise",24,172,500
"noise",24,652,187
"noise",24,145,270
"noise",24,544,386
"noise",24,668,685
"noise",24,121,396
"noise",24,181,210
"noise",24,261,562
"noise",24,69,137
"noise",24,171,450
"noise",24,613,544
"noise",24,562,185
"noise",24,402,156
"noise",24,682,313
"noise",24,328,398
"noise",24,386,257
"noise",24,198,23
"noise",24,418,24
"noise",24,138,630
"noise",24,556,165
"noise",24,548,665
"noise",24,485,418
"noise",24,626,195
"noise",24,42,231
"noise",24,336,602
"noise",24,258,47
"noise",24,398,444
"noise",24,179,588
"noise",24,47,196
"noise",24,92,674
"noise",24,187,38
"noise",24,633,627
"noise",24,298,215
"noise",24,176,399
"noise",24,450,488
"noise",24,23,13
"noise",24,66,519
"noise",24,117,448
"noise",24,515,548
"noise",24,463,184
"noise",24,506,402
"noise",24,507,40
"noise",24,259,171
"noise",24,685,274
"noise",24,434,186
"noise",24,322,545
"noise",24,473,533
"noise",24,396,581
"noise",24,137,259
"noise",24,399,172
"noise",24,55,198
"noise",24,325,238
"noise",24,252,69
"noise",24,13,651
"noise",24,694,440
"noise",24,24,263
"noise",24,148,325
"noise",24,270,227
"noise",24,186,322
"noise",24,215,282
"noise",24,392,22
"noise",24,238,252
"noise",24,377,608
"noise",24,165,167
"noise",24,8,528
"noise",24,372,8
"noise",24,560,485
"noise",24,197,148
"noise",24,565,181
"noise",24,448,343
"noise",24,315,324
"noise",24,444,258
"noise",24,156,50
"noise",24,263,66
"noise",24,602,224
"noise",24,241,176
"noise",24,508,179
"noise",24,282,100
"noise",24,14,95
"noise",25,586,140
"noise",25,100,398
"noise",25,286,161
"noise",25,371,154
"noise",25,304,558
"noise",25,210,445
"noise",25,608,102
"noise",25,127,626
"noise",25,581,195
"noise",25,621,425
"noise",25,22,586
"noise",25,257,196
"noise",25,15,463
"noise",25,27,651
"noise",25,274,241
"noise",25,643,103
"noise",25,227,440
"noise",25,231,602
"noise",25,599,314
"noise",25,160,646
"noise",25,95,100
"noise",25,102,183
"noise",25,594,665
"noise",25,314,399
"noise",25,630,231
"noise",25,154,560
"noise",25,646,213
"noise",25,545,544
"noise",25,161,581
"noise",25,313,261
"noise",25,224,694
"noise",25,189,148
"noise",25,128,210
"noise",25,445,548
"noise",25,342,252
"noise",25,97,325
"noise",25,324,613
"noise",25,479,8
"noise",25,103,89
"noise",25,140,47
"noise",25,511,565
"noise",25,421,160
"noise",25,514,655
"noise",25,405,630
"noise",25,528,66
"noise",25,517,676
"noise",25,572,28
"noise",25,50,556
"noise",25,237,156
"noise",25,622,322
"noise",25,129,197
"noise",25,579,562
"noise",25,651,121
"noise",25,462,27
"noise",25,343,343
"noise",25,533,22
"noise",25,177,177
"noise",25,185,652
"noise",25,593,186
"noise",25,147,523
"noise",25,523,508
"noise",25,28,628
"noise",25,655,444
"noise",25,167,418
"noise",25,349,20
"noise",25,41,274
"noise",25,253,179
"noise",25,54,450
"noise",25,676,41
"noise",25,558,237
"noise",25,425,579
"noise",25,283,588
"noise",25,196,42
"noise",25,674,181
"noise",25,221,129
"noise",25,665,685
"noise",25,89,448
"noise",25,446,171
"noise",25,490,92
"noise",25,689,253
"noise",25,469,479
"noise",25,20,500
"noise",25,184,38
"noise",25,500,40
"noise",25,440,372
"noise",25,628,434
"noise",25,40,14
"noise",25,382,593
"noise",25,488,488
"noise",25,183,15
"noise",25,588,187
"noise",25,38,627
"noise",25,213,633
"noise",25,195,117
"noise",25,627,137
"noise",25,519,324
"noise",25,172,377
"noise",25,652,95
"noise",25,145,283
"noise",25,544,599
"noise",25,668,336
"noise",25,121,608
"noise",25,181,528
"noise",25,261,689
"noise",25,69,469
"noise",25,171,446
"noise",25,613,315
"noise",25,562,55
"noise",25,402,392
"noise",25,682,13
"noise",25,328,167
"noise",25,386,304
"noise",25,198,172
"noise",25,418,282
"noise",25,138,257
"noise",25,556,328
"noise",25,548,313
"noise",25,485,69
"noise",25,626,185
"noise",25,42,349
"noise",25,336,198
"noise",25,258,473
"noise",25,398,402
"noise",25,179,594
"noise",25,47,371
"noise",25,92,517
"noise",25,187,215
"noise",25,633,270
"noise",25,298,165
"noise",25,176,176
"noise",25,450,668
"noise",25,23,682
"noise",25,66,258
"noise",25,117,138
"noise",25,515,514
"noise",25,463,298
"noise",25,506,184
"noise",25,507,342
"noise",25,259,127
"noise",25,685,572
"noise",25,434,24
"noise",25,322,506
"noise",25,473,405
"noise",25,396,462
"noise",25,137,238
"noise",25,399,189
"noise",25,55,50
"noise",25,325,490
"noise",25,252,128
"noise",25,13,622
"noise",25,694,421
"noise",25,24,147
"noise",25,148,519
"noise",25,270,23
"noise",25,186,515
"noise",25,215,485
"noise",25,392,545
"noise",25,238,643
"noise",25,377,396
"noise",25,165,507
"noise",25,8,221
"noise",25,372,533
"noise",25,560,621
"noise",25,197,224
"noise",25,565,259
"noise",25,448,54
"noise",25,315,511
"noise",25,444,97
"noise",25,156,263
"noise",25,263,674
"noise",25,602,382
"noise",25,241,227
"noise",25,508,386
"noise",25,282,145
"noise",25,14,286
"noise",26,586,392
"noise",26,100,440
"noise",26,286,47
"noise",26,371,252
"noise",26,304,425
"noise",26,210,396
"noise",26,608,13
"noise",26,127,237
"noise",26,581,171
"noise",26,621,213
"noise",26,22,405
"noise",26,257,682
"noise",26,15,515
"noise",26,27,24
"noise",26,274,462
"noise",26,643,328
"noise",26,227,508
"noise",26,231,548
"noise",26,599,138
"noise",26,160,172
"noise",26,95,196
"noise",26,102,421
"noise",26,594,89
"noise",26,314,528
"noise",26,630,349
"noise",26,154,398
"noise",26,646,651
"noise",26,545,633
"noise",26,161,586
"noise",26,313,445
"noise",26,224,241
"noise",26,189,148
"noise",26,128,372
"noise",26,445,652
"noise",26,342,177
"noise",26,97,593
"noise",26,324,283
"noise",26,479,15
"noise",26,103,137
"noise",26,140,38
"noise",26,511,147
"noise",26,421,446
"noise",26,514,263
"noise",26,405,343
"noise",26,528,165
"noise",26,517,630
"noise",26,572,399
"noise",26,50,627
"noise",26,237,382
"noise",26,622,485
"noise",26,129,185
"noise",26,579,54
"noise",26,651,622
"noise",26,462,50
"noise",26,343,95
"noise",26,533,665
"noise",26,177,371
"noise",26,185,100
"noise",26,593,668
"noise",26,147,117
"noise",26,523,511
"noise",26,28,167
"noise",26,655,594
"noise",26,167,181
"noise",26,349,14
"noise",26,41,558
"noise",26,253,238
"noise",26,54,479
"noise",26,676,506
"noise",26,558,322
"noise",26,425,621
"noise",26,283,253
"noise",26,196,313
"noise",26,674,258
"noise",26,221,336
"noise",26,665,8
"noise",26,89,231
"noise",26,446,97
"noise",26,490,215
"noise",26,689,195
"noise",26,469,377
"noise",26,20,102
"noise",26,184,128
"noise",26,500,103
"noise",26,440,689
"noise",26,628,514
"noise",26,40,66
"noise",26,382,270
"noise",26,488,560
"noise",26,183,286
"noise",26,588,469
"noise",26,38,187
"noise",26,213,261
"noise",26,195,28
"noise",26,627,282
"noise",26,519,533
"noise",26,172,160
"noise",26,652,450
"noise",26,145,402
"noise",26,544,643
"noise",26,668,463
"noise",26,121,227
"noise",26,181,186
"noise",26,261,523
"noise",26,69,127
"noise",26,171,685
"noise",26,613,581
"noise",26,562,572
"noise",26,402,676
"noise",26,682,179
"noise",26,328,257
"noise",26,386,386
"noise",26,198,646
"noise",26,418,324
"noise",26,138,259
"noise",26,556,674
"noise",26,548,448
"noise",26,485,183
"noise",26,626,602
"noise",26,42,156
"noise",26,336,298
"noise",26,258,488
"noise",26,398,579
"noise",26,179,588
"noise",26,47,140
"noise",26,92,274
"noise",26,187,304
"noise",26,633,418
"noise",26,298,599
"noise",26,176,129
"noise",26,450,473
"noise",26,23,655
"noise",26,66,500
"noise",26,117,613
"noise",26,515,325
"noise",26,463,197
"noise",26,506,694
"noise",26,507,544
"noise",26,259,154
"noise",26,685,545
"noise",26,434,221
"noise",26,322,628
"noise",26,473,121
"noise",26,396,69
"noise",26,137,562
"noise",26,399,161
"noise",26,55,198
"noise",26,325,92
"noise",26,252,314
"noise",26,13,556
"noise",26,694,490
"noise",26,24,184
"noise",26,148,41
"noise",26,270,189
"noise",26,186,565
"noise",26,215,23
"noise",26,392,507
"noise",26,238,27
"noise",26,377,42
"noise",26,165,22
"noise",26,8,315
"noise",26,372,444
"noise",26,560,342
"noise",26,197,626
"noise",26,565,40
"noise",26,448,55
"noise",26,315,210
"noise",26,444,434
"noise",26,156,519
"noise",26,263,608
"noise",26,602,517
"noise",26,241,224
"noise",26,508,20
"noise",26,282,176
"noise",26,14,145
"noise",27,586,444
"noise",27,100,613
"noise",27,286,8
"noise",27,371,402
"noise",27,304,622
"noise",27,210,315
"noise",27,608,450
"noise",27,127,129
"noise",27,581,515
"noise",27,621,145
"noise",27,22,514
"noise",27,257,184
"noise",27,15,189
"noise",27,27,274
"noise",27,274,349
"noise",27,643,259
"noise",27,227,221
"noise",27,231,651
"noise",27,599,626
"noise",27,160,469
"noise",27,95,148
"noise",27,102,127
"noise",27,594,197
"noise",27,314,50
"noise",27,630,652
"noise",27,154,47
"noise",27,646,231
"noise",27,545,263
"noise",27,161,343
"noise",27,313,128
"noise",27,224,386
"noise",27,189,179
"noise",27,128,167
"noise",27,445,42
"noise",27,342,519
"noise",27,97,97
"noise",27,324,479
"noise",27,479,100
"noise",27,103,41
"noise",27,140,283
"noise",27,511,172
"noise",27,421,668
"noise",27,514,185
"noise",27,405,210
"noise",27,528,257
"noise",27,517,224
"noise",27,572,405
"noise",27,50,324
"noise",27,237,258
"noise",27,622,462
"noise",27,129,102
"noise",27,579,396
"noise",27,651,252
"noise",27,462,22
"noise",27,343,523
"noise",27,533,665
"noise",27,177,336
"noise",27,185,215
"noise",27,593,140
"noise",27,147,628
"noise",27,523,507
"noise",27,28,69
"noise",27,655,463
"noise",27,167,593
"noise",27,349,473
"noise",27,41,372
"noise",27,253,15
"noise",27,54,674
"noise",27,676,237
"noise",27,558,227
"noise",27,425,630
"noise",27,283,508
"noise",27,196,594
"noise",27,674,95
"noise",27,221,588
"noise",27,665,27
"noise",27,89,421
"noise",27,446,147
"noise",27,490,328
"noise",27,689,322
"noise",27,469,342
"noise",27,20,506
"noise",27,184,213
"noise",27,500,445
"noise",27,440,286
"noise",27,628,55
"noise",27,40,23
"noise",27,382,621
"noise",27,488,154
"noise",27,183,685
"noise",27,588,500
"noise",27,38,28
"noise",27,213,176
"noise",27,195,448
"noise",27,627,488
"noise",27,519,117
"noise",27,172,13
"noise",27,652,560
"noise",27,145,160
"noise",27,544,196
"noise",27,668,558
"noise",27,121,485
"noise",27,181,253
"noise",27,261,137
"noise",27,69,646
"noise",27,171,627
"noise",27,613,392
"noise",27,562,548
"noise",27,402,20
"noise",27,682,186
"noise",27,328,556
"noise",27,386,314
"noise",27,198,54
"noise",27,418,418
"noise",27,138,261
"noise",27,556,377
"noise",27,548,92
"noise",27,485,511
"noise",27,626,545
"noise",27,42,14
"noise",27,336,138
"noise",27,258,490
"noise",27,398,161
"noise",27,179,165
"noise",27,47,586
"noise",27,92,544
"noise",27,187,689
"noise",27,633,440
"noise",27,298,177
"noise",27,176,24
"noise",27,450,517
"noise",27,23,633
"noise",27,66,643
"noise",27,117,156
"noise",27,515,655
"noise",27,463,66
"noise",27,506,183
"noise",27,507,676
"noise",27,259,682
"noise",27,685,382
"noise",27,434,562
"noise",27,322,89
"noise",27,473,270
"noise",27,396,399
"noise",27,137,282
"noise",27,399,313
"noise",27,55,579
"noise",27,325,599
"noise",27,252,241
"noise",27,13,434
"noise",27,694,581
"noise",27,24,304
"noise",27,148,533
"noise",27,270,198
"noise",27,186,694
"noise",27,215,602
"noise",27,392,425
"noise",27,238,565
"noise",27,377,572
"noise",27,165,238
"noise",27,8,187
"noise",27,372,528
"noise",27,560,195
"noise",27,197,298
"noise",27,565,38
"noise",27,448,325
"noise",27,315,371
"noise",27,444,40
"noise",27,156,121
"noise",27,263,446
"noise",27,602,398
"noise",27,241,171
"noise",27,508,608
"noise",27,282,103
"noise",27,14,181
"noise",28,586,517
"noise",28,100,399
"noise",28,286,92
"noise",28,371,313
"noise",28,304,627
"noise",28,210,315
"noise",28,608,668
"noise",28,127,444
"noise",28,581,402
"noise",28,621,377
"noise",28,22,181
"noise",28,257,13
"noise",28,15,282
"noise",28,27,66
"noise",28,274,41
"noise",28,643,165
"noise",28,227,643
"noise",28,231,160
"noise",28,599,283
"noise",28,160,154
"noise",28,95,342
"noise",28,102,40
"noise",28,594,548
"noise",28,314,434
"noise",28,630,252
"noise",28,154,156
"noise",28,646,161
"noise",28,545,488
"noise",28,161,421
"noise",28,313,490
"noise",28,224,674
"noise",28,189,258
"noise",28,128,628
"noise",28,445,187
"noise",28,342,506
"noise",28,97,224
"noise",28,324,328
"noise",28,479,102
"noise",28,103,562
"noise",28,140,336
"noise",28,511,594
"noise",28,421,593
"noise",28,514,100
"noise",28,405,588
"noise",28,528,581
"noise",28,517,533
"noise",28,572,500
"noise",28,50,121
"noise",28,237,129
"noise",28,622,544
"noise",28,129,197
"noise",28,579,523
"noise",28,651,286
"noise",28,462,450
"noise",28,343,14
"noise",28,533,186
"noise",28,177,183
"noise",28,185,127
"noise",28,593,545
"noise",28,147,137
"noise",28,523,69
"noise",28,28,95
"noise",28,655,172
"noise",28,167,445
"noise",28,349,694
"noise",28,41,54
"noise",28,253,511
"noise",28,54,24
"noise",28,676,630
"noise",28,558,519
"noise",28,425,176
"noise",28,283,608
"noise",28,196,425
"noise",28,674,372
"noise",28,221,665
"noise",28,665,257
"noise",28,89,602
"noise",28,446,579
"noise",28,490,210
"noise",28,689,55
"noise",28,469,198
"noise",28,20,298
"noise",28,184,221
"noise",28,500,652
"noise",28,440,349
"noise",28,628,171
"noise",28,40,689
"noise",28,382,314
"noise",28,488,572
"noise",28,183,469
"noise",28,588,676
"noise",28,38,179
"noise",28,213,646
"noise",28,195,479
"noise",28,627,148
"noise",28,519,261
"noise",28,172,38
"noise",28,652,392
"noise",28,145,128
"noise",28,544,253
"noise",28,668,626
"noise",28,121,270
"noise",28,181,682
"noise",28,261,446
"noise",28,69,343
"noise",28,171,227
"noise",28,613,558
"noise",28,562,138
"noise",28,402,238
"noise",28,682,189
"noise",28,328,398
"noise",28,386,15
"noise",28,198,473
"noise",28,418,651
"noise",28,138,418
"noise",28,556,633
"noise",28,548,140
"noise",28,485,50
"noise",28,626,514
"noise",28,42,185
"noise",28,336,263
"noise",28,258,655
"noise",28,398,386
"noise",28,179,97
"noise",28,47,167
"noise",28,92,23
"noise",28,187,325
"noise",28,633,304
"noise",28,298,613
"noise",28,176,560
"noise",28,450,213
"noise",28,23,556
"noise",28,66,89
"noise",28,117,241
"noise",28,515,508
"noise",28,463,463
"noise",28,506,405
"noise",28,507,147
"noise",28,259,8
"noise",28,685,103
"noise",28,434,177
"noise",28,322,621
"noise",28,473,47
"noise",28,396,42
"noise",28,137,259
"noise",28,399,485
"noise",28,55,322
"noise",28,325,685
"noise",28,252,371
"noise",28,13,20
"noise",28,694,145
"noise",28,24,440
"noise",28,148,565
"noise",28,270,324
"noise",28,186,28
"noise",28,215,599
"noise",28,392,196
"noise",28,238,237
"noise",28,377,448
"noise",28,165,586
"noise",28,8,382
"noise",28,372,396
"noise",28,560,231
"noise",28,197,215
"noise",28,565,117
"noise",28,448,184
"noise",28,315,22
"noise",28,444,195
"noise",28,156,622
"noise",28,263,274
"noise",28,602,528
"noise",28,241,462
"noise",28,508,507
"noise",28,282,515
"noise",28,14,27
"noise",29,586,24
"noise",29,100,23
"noise",29,286,259
"noise",29,371,92
"noise",29,304,325
"noise",29,210,418
"noise",29,608,177
"noise",29,127,462
"noise",29,581,479
"noise",29,621,181
"noise",29,22,286
"noise",29,257,171
"noise",29,15,386
"noise",29,27,184
"noise",29,274,103
"noise",29,643,558
"noise",29,227,342
"noise",29,231,263
"noise",29,599,488
"noise",29,160,421
"noise",29,95,405
"noise",29,102,515
"noise",29,594,261
"noise",29,314,165
"noise",29,630,183
"noise",29,154,257
"noise",29,646,685
"noise",29,545,560
"noise",29,161,633
"noise",29,313,689
"noise",29,224,392
"noise",29,189,372
"noise",29,128,66
"noise",29,445,594
"noise",29,342,27
"noise",29,97,47
"noise",29,324,324
"noise",29,479,440
"noise",29,103,586
"noise",29,140,172
"noise",29,511,189
"noise",29,421,231
"noise",29,514,572
"noise",29,405,602
"noise",29,528,156
"noise",29,517,533
"noise",29,572,434
"noise",29,50,343
"noise",29,237,315
"noise",29,622,473
"noise",29,129,127
"noise",29,579,548
"noise",29,651,198
"noise",29,462,237
"noise",29,343,398
"noise",29,533,396
"noise",29,177,22
"noise",29,185,450
"noise",29,593,593
"noise",29,147,282
"noise",29,523,15
"noise",29,28,469
"noise",29,655,121
"noise",29,167,238
"noise",29,349,313
"noise",29,41,425
"noise",29,253,506
"noise",29,54,627
"noise",29,676,213
"noise",29,558,508
"noise",29,425,544
"noise",29,283,241
"noise",29,196,599
"noise",29,674,519
"noise",29,221,371
"noise",29,665,196
"noise",29,89,674
"noise",29,446,8
"noise",29,490,161
"noise",29,689,210
"noise",29,469,463
"noise",29,20,138
"noise",29,184,314
"noise",29,500,613
"noise",29,440,40
"noise",29,628,622
"noise",29,40,444
"noise",29,382,274
"noise",29,488,676
"noise",29,183,89
"noise",29,588,322
"noise",29,38,147
"noise",29,213,185
"noise",29,195,221
"noise",29,627,485
"noise",29,519,655
"noise",29,172,626
"noise",29,652,579
"noise",29,145,186
"noise",29,544,145
"noise",29,668,14
"noise",29,121,646
"noise",29,181,588
"noise",29,261,215
"noise",29,69,195
"noise",29,171,41
"noise",29,613,562
"noise",29,562,682
"noise",29,402,298
"noise",29,682,581
"noise",29,328,336
"noise",29,386,117
"noise",29,198,38
"noise",29,418,621
"noise",29,138,514
"noise",29,556,102
"noise",29,548,137
"noise",29,485,167
"noise",29,626,445
"noise",29,42,95
"noise",29,336,160
"noise",29,258,100
"noise",29,398,304
"noise",29,179,28
"noise",29,47,490
"noise",29,92,446
"noise",29,187,377
"noise",29,633,694
"noise",29,298,154
"noise",29,176,507
"noise",29,450,42
"noise",29,23,20
"noise",29,66,176
"noise",29,117,328
"noise",29,515,399
"noise",29,463,129
"noise",29,506,608
"noise",29,507,511
"noise",29,259,69
"noise",29,685,270
"noise",29,434,50
"noise",29,322,643
"noise",29,473,224
"noise",29,396,227
"noise",29,137,652
"noise",29,399,187
"noise",29,55,349
"noise",29,325,13
"noise",29,252,556
"noise",29,13,665
"noise",29,694,197
"noise",29,24,565
"noise",29,148,402
"noise",29,270,55
"noise",29,186,179
"noise",29,215,258
"noise",29,392,382
"noise",29,238,668
"noise",29,377,97
"noise",29,165,528
"noise",29,8,128
"noise",29,372,54
"noise",29,560,283
"noise",29,197,651
"noise",29,565,628
"noise",29,448,517
"noise",29,315,523
"noise",29,444,448
"noise",29,156,253
"noise",29,263,252
"noise",29,602,148
"noise",29,241,500
"noise",29,508,630
"noise",29,282,140
"noise",29,14,545
"noise",30,586,593
"noise",30,100,221
"noise",30,286,263
"noise",30,371,156
"noise",30,304,171
"noise",30,210,343
"noise",30,608,328
"noise",30,127,224
"noise",30,581,129
"noise",30,621,196
"noise",30,22,197
"noise",30,257,20
"noise",30,15,121
"noise",30,27,140
"noise",30,274,179
"noise",30,643,445
"noise",30,227,38
"noise",30,231,28
"noise",30,599,405
"noise",30,160,515
"noise",30,95,558
"noise",30,102,421
"noise",30,594,181
"noise",30,314,42
"noise",30,630,183
"noise",30,154,377
"noise",30,646,371
"noise",30,545,507
"noise",30,161,399
"noise",30,313,148
"noise",30,224,198
"noise",30,189,322
"noise",30,128,315
"noise",30,445,283
"noise",30,342,50
"noise",30,97,633
"noise",30,324,40
"noise",30,479,54
"noise",30,103,628
"noise",30,140,286
"noise",30,511,488
"noise",30,421,594
"noise",30,514,100
"noise",30,405,396
"noise",30,528,238
"noise",30,517,402
"noise",30,572,511
"noise",30,50,651
"noise",30,237,258
"noise",30,622,8
"noise",30,129,627
"noise",30,579,342
"noise",30,651,500
"noise",30,462,689
"noise",30,343,128
"noise",30,533,23
"noise",30,177,463
"noise",30,185,398
"noise",30,593,621
"noise",30,147,519
"noise",30,523,154
"noise",30,28,186
"noise",30,655,172
"noise",30,167,147
"noise",30,349,261
"noise",30,41,508
"noise",30,253,231
"noise",30,54,613
"noise",30,676,545
"noise",30,558,544
"noise",30,425,685
"noise",30,283,533
"noise",30,196,372
"noise",30,674,440
"noise",30,221,184
"noise",30,665,97
"noise",30,89,66
"noise",30,446,47
"noise",30,490,274
"noise",30,689,304
"noise",30,469,382
"noise",30,20,562
"noise",30,184,270
"noise",30,500,446
"noise",30,440,450
"noise",30,628,27
"noise",30,40,473
"noise",30,382,425
"noise",30,488,176
"noise",30,183,41
"noise",30,588,237
"noise",30,38,514
"noise",30,213,668
"noise",30,195,523
"noise",30,627,314
"noise",30,519,127
"noise",30,172,602
"noise",30,652,548
"noise",30,145,565
"noise",30,544,579
"noise",30,668,682
"noise",30,121,241
"noise",30,181,102
"noise",30,261,167
"noise",30,69,89
"noise",30,171,469
"noise",30,613,646
"noise",30,562,138
"noise",30,402,528
"noise",30,682,694
"noise",30,328,325
"noise",30,386,630
"noise",30,198,187
"noise",30,418,189
"noise",30,138,622
"noise",30,556,69
"noise",30,548,24
"noise",30,485,161
"noise",30,626,506
"noise",30,42,257
"noise",30,336,13
"noise",30,258,655
"noise",30,398,448
"noise",30,179,213
"noise",30,47,462
"noise",30,92,55
"noise",30,187,572
"noise",30,633,282
"noise",30,298,177
"noise",30,176,14
"noise",30,450,185
"noise",30,23,674
"noise",30,66,676
"noise",30,117,444
"noise",30,515,626
"noise",30,463,259
"noise",30,506,586
"noise",30,507,588
"noise",30,259,95
"noise",30,685,313
"noise",30,434,665
"noise",30,322,490
"noise",30,473,92
"noise",30,396,22
"noise",30,137,298
"noise",30,399,145
"noise",30,55,434
"noise",30,325,195
"noise",30,252,253
"noise",30,13,252
"noise",30,694,599
"noise",30,24,137
"noise",30,148,581
"noise",30,270,608
"noise",30,186,15
"noise",30,215,227
"noise",30,392,386
"noise",30,238,652
"noise",30,377,418
"noise",30,165,643
"noise",30,8,336
"noise",30,372,349
"noise",30,560,556
"noise",30,197,215
"noise",30,565,117
"noise",30,448,485
"noise",30,315,160
"noise",30,444,517
"noise",30,156,165
"noise",30,263,392
"noise",30,602,103
"noise",30,241,479
"noise",30,508,324
"noise",30,282,210
"noise",30,14,560
