"model_id","model_class","feature","iter_rsmp","iter_repeat","baseline_loss","permuted_loss","importance","validation_loss","backend"
"Linear-001","Linear","signal",1,1,0.920090013279493,19.2118769202723,18.2917869069928,0.934510129125112,"direct_R_permutation"
"Linear-001","Linear","signal",1,2,0.920090013279493,18.9354190243905,18.015329011111,0.934510129125112,"direct_R_permutation"
"Linear-001","Linear","signal",1,3,0.920090013279493,20.5629629943824,19.6428729811029,0.934510129125112,"direct_R_permutation"
"Linear-001","Linear","signal",1,4,0.920090013279493,19.4527300595885,18.532640046309,0.934510129125112,"direct_R_permutation"
"Linear-001","Linear","signal",1,5,0.920090013279493,18.8969280484711,17.9768380351916,0.934510129125112,"direct_R_permutation"
"Linear-001","Linear","signal",1,6,0.920090013279493,21.2323709773276,20.3122809640481,0.934510129125112,"direct_R_permutation"
"Linear-001","Linear","signal",1,7,0.920090013279493,22.5313495142076,21.6112595009281,0.934510129125112,"direct_R_permutation"
"Linear-001","Linear","signal",1,8,0.920090013279493,21.0402429977617,20.1201529844822,0.934510129125112,"direct_R_permutation"
"Linear-001","Linear","signal",1,9,0.920090013279493,17.5173225099887,16.5972324967093,0.934510129125112,"direct_R_permutation"
"Linear-001","Linear","signal",1,10,0.920090013279493,18.7408694642851,17.8207794510056,0.934510129125112,"direct_R_permutation"
"Linear-001","Linear","signal",1,11,0.920090013279493,19.3348790916522,18.4147890783727,0.934510129125112,"direct_R_permutation"
"Linear-001","Linear","signal",1,12,0.920090013279493,21.9429589287302,21.0228689154507,0.934510129125112,"direct_R_permutation"
"Linear-001","Linear","signal",1,13,0.920090013279493,20.6765236177523,19.7564336044728,0.934510129125112,"direct_R_permutation"
"Linear-001","Linear","signal",1,14,0.920090013279493,18.1584311078294,17.2383410945499,0.934510129125112,"direct_R_permutation"
"Linear-001","Linear","signal",1,15,0.920090013279493,19.835863885813,18.9157738725335,0.934510129125112,"direct_R_permutation"
"Linear-001","Linear","signal",1,16,0.920090013279493,19.365155734356,18.4450657210765,0.934510129125112,"direct_R_permutation"
"Linear-001","Linear","signal",1,17,0.920090013279493,18.9918597809151,18.0717697676356,0.934510129125112,"direct_R_permutation"
"Linear-001","Linear","signal",1,18,0.920090013279493,14.0198108607864,13.0997208475069,0.934510129125112,"direct_R_permutation"
"Linear-001","Linear","signal",1,19,0.920090013279493,20.527919036699,19.6078290234195,0.934510129125112,"direct_R_permutation"
"Linear-001","Linear","signal",1,20,0.920090013279493,22.3168978882364,21.3968078749569,0.934510129125112,"direct_R_permutation"
"Linear-001","Linear","signal",1,21,0.920090013279493,20.5696405407319,19.6495505274524,0.934510129125112,"direct_R_permutation"
"Linear-001","Linear","signal",1,22,0.920090013279493,19.7456619637741,18.8255719504946,0.934510129125112,"direct_R_permutation"
"Linear-001","Linear","signal",1,23,0.920090013279493,19.7813178661632,18.8612278528837,0.934510129125112,"direct_R_permutation"
"Linear-001","Linear","signal",1,24,0.920090013279493,17.5291930748615,16.609103061582,0.934510129125112,"direct_R_permutation"
"Linear-001","Linear","signal",1,25,0.920090013279493,21.3293822509419,20.4092922376624,0.934510129125112,"direct_R_permutation"
"Linear-001","Linear","signal",1,26,0.920090013279493,18.6701606167785,17.750070603499,0.934510129125112,"direct_R_permutation"
"Linear-001","Linear","signal",1,27,0.920090013279493,19.6497146984475,18.729624685168,0.934510129125112,"direct_R_permutation"
"Linear-001","Linear","signal",1,28,0.920090013279493,17.4470227579089,16.5269327446294,0.934510129125112,"direct_R_permutation"
"Linear-001","Linear","signal",1,29,0.920090013279493,22.3397541209536,21.4196641076741,0.934510129125112,"direct_R_permutation"
"Linear-001","Linear","signal",1,30,0.920090013279493,21.1043579545382,20.1842679412587,0.934510129125112,"direct_R_permutation"
"Linear-001","Linear","proxy",1,1,0.920090013279493,0.918995700166407,-0.00109431311308605,0.934510129125112,"direct_R_permutation"
"Linear-001","Linear","proxy",1,2,0.920090013279493,0.922228585918948,0.00213857263945505,0.934510129125112,"direct_R_permutation"
"Linear-001","Linear","proxy",1,3,0.920090013279493,0.910578093079109,-0.00951192020038405,0.934510129125112,"direct_R_permutation"
"Linear-001","Linear","proxy",1,4,0.920090013279493,0.911479847130951,-0.00861016614854282,0.934510129125112,"direct_R_permutation"
"Linear-001","Linear","proxy",1,5,0.920090013279493,0.914931911274471,-0.00515810200502187,0.934510129125112,"direct_R_permutation"
"Linear-001","Linear","proxy",1,6,0.920090013279493,0.914963368765499,-0.00512664451399403,0.934510129125112,"direct_R_permutation"
"Linear-001","Linear","proxy",1,7,0.920090013279493,0.911180071856325,-0.00890994142316859,0.934510129125112,"direct_R_permutation"
"Linear-001","Linear","proxy",1,8,0.920090013279493,0.905696534841207,-0.0143934784382861,0.934510129125112,"direct_R_permutation"
"Linear-001","Linear","proxy",1,9,0.920090013279493,0.919923048613577,-0.000166964665916702,0.934510129125112,"direct_R_permutation"
"Linear-001","Linear","proxy",1,10,0.920090013279493,0.907668729852999,-0.012421283426494,0.934510129125112,"direct_R_permutation"
"Linear-001","Linear","proxy",1,11,0.920090013279493,0.917011032953271,-0.00307898032622267,0.934510129125112,"direct_R_permutation"
"Linear-001","Linear","proxy",1,12,0.920090013279493,0.912639035199846,-0.00745097807964767,0.934510129125112,"direct_R_permutation"
"Linear-001","Linear","proxy",1,13,0.920090013279493,0.911965133682409,-0.00812487959708419,0.934510129125112,"direct_R_permutation"
"Linear-001","Linear","proxy",1,14,0.920090013279493,0.917331522410234,-0.00275849086925939,0.934510129125112,"direct_R_permutation"
"Linear-001","Linear","proxy",1,15,0.920090013279493,0.916831963919388,-0.00325804936010554,0.934510129125112,"direct_R_permutation"
"Linear-001","Linear","proxy",1,16,0.920090013279493,0.919418695073763,-0.000671318205730742,0.934510129125112,"direct_R_permutation"
"Linear-001","Linear","proxy",1,17,0.920090013279493,0.919839593811225,-0.000250419468268759,0.934510129125112,"direct_R_permutation"
"Linear-001","Linear","proxy",1,18,0.920090013279493,0.903730725416205,-0.0163592878632887,0.934510129125112,"direct_R_permutation"
"Linear-001","Linear","proxy",1,19,0.920090013279493,0.906680096406279,-0.0134099168732141,0.934510129125112,"direct_R_permutation"
"Linear-001","Linear","proxy",1,20,0.920090013279493,0.917413409138408,-0.0026766041410855,0.934510129125112,"direct_R_permutation"
"Linear-001","Linear","proxy",1,21,0.920090013279493,0.904623498839782,-0.0154665144397117,0.934510129125112,"direct_R_permutation"
"Linear-001","Linear","proxy",1,22,0.920090013279493,0.913878242183827,-0.00621177109566684,0.934510129125112,"direct_R_permutation"
"Linear-001","Linear","proxy",1,23,0.920090013279493,0.911805226271931,-0.00828478700756263,0.934510129125112,"direct_R_permutation"
"Linear-001","Linear","proxy",1,24,0.920090013279493,0.912700027240061,-0.00738998603943208,0.934510129125112,"direct_R_permutation"
"Linear-001","Linear","proxy",1,25,0.920090013279493,0.916480745092444,-0.0036092681870491,0.934510129125112,"direct_R_permutation"
"Linear-001","Linear","proxy",1,26,0.920090013279493,0.916710016677138,-0.00337999660235522,0.934510129125112,"direct_R_permutation"
"Linear-001","Linear","proxy",1,27,0.920090013279493,0.91672975544642,-0.00336025783307348,0.934510129125112,"direct_R_permutation"
"Linear-001","Linear","proxy",1,28,0.920090013279493,0.908128924590571,-0.0119610886889222,0.934510129125112,"direct_R_permutation"
"Linear-001","Linear","proxy",1,29,0.920090013279493,0.912141692687914,-0.00794832059157968,0.934510129125112,"direct_R_permutation"
"Linear-001","Linear","proxy",1,30,0.920090013279493,0.909403134986049,-0.0106868782934445,0.934510129125112,"direct_R_permutation"
"Linear-001","Linear","modifier",1,1,0.920090013279493,0.922976492153037,0.00288647887354321,0.934510129125112,"direct_R_permutation"
"Linear-001","Linear","modifier",1,2,0.920090013279493,0.921580317295886,0.00149030401639294,0.934510129125112,"direct_R_permutation"
"Linear-001","Linear","modifier",1,3,0.920090013279493,0.922694354301399,0.00260434102190576,0.934510129125112,"direct_R_permutation"
"Linear-001","Linear","modifier",1,4,0.920090013279493,0.924109127657616,0.00401911437812241,0.934510129125112,"direct_R_permutation"
"Linear-001","Linear","modifier",1,5,0.920090013279493,0.921858939308288,0.00176892602879486,0.934510129125112,"direct_R_permutation"
"Linear-001","Linear","modifier",1,6,0.920090013279493,0.92285513792763,0.00276512464813705,0.934510129125112,"direct_R_permutation"
"Linear-001","Linear","modifier",1,7,0.920090013279493,0.923224147435657,0.00313413415616381,0.934510129125112,"direct_R_permutation"
"Linear-001","Linear","modifier",1,8,0.920090013279493,0.922529210145804,0.00243919686631078,0.934510129125112,"direct_R_permutation"
"Linear-001","Linear","modifier",1,9,0.920090013279493,0.924058216309386,0.00396820302989265,0.934510129125112,"direct_R_permutation"
"Linear-001","Linear","modifier",1,10,0.920090013279493,0.921309945862042,0.00121993258254849,0.934510129125112,"direct_R_permutation"
"Linear-001","Linear","modifier",1,11,0.920090013279493,0.922361503366561,0.00227149008706728,0.934510129125112,"direct_R_permutation"
"Linear-001","Linear","modifier",1,12,0.920090013279493,0.92300600140456,0.00291598812506677,0.934510129125112,"direct_R_permutation"
"Linear-001","Linear","modifier",1,13,0.920090013279493,0.922527974985996,0.00243796170650268,0.934510129125112,"direct_R_permutation"
"Linear-001","Linear","modifier",1,14,0.920090013279493,0.923492772330178,0.00340275905068455,0.934510129125112,"direct_R_permutation"
"Linear-001","Linear","modifier",1,15,0.920090013279493,0.923502733150156,0.00341271987066216,0.934510129125112,"direct_R_permutation"
"Linear-001","Linear","modifier",1,16,0.920090013279493,0.922875101708509,0.00278508842901537,0.934510129125112,"direct_R_permutation"
"Linear-001","Linear","modifier",1,17,0.920090013279493,0.923630083047421,0.00354006976792731,0.934510129125112,"direct_R_permutation"
"Linear-001","Linear","modifier",1,18,0.920090013279493,0.924543344761422,0.00445333148192828,0.934510129125112,"direct_R_permutation"
"Linear-001","Linear","modifier",1,19,0.920090013279493,0.922918311061581,0.00282829778208804,0.934510129125112,"direct_R_permutation"
"Linear-001","Linear","modifier",1,20,0.920090013279493,0.922231056785787,0.00214104350629329,0.934510129125112,"direct_R_permutation"
"Linear-001","Linear","modifier",1,21,0.920090013279493,0.923468921162123,0.00337890788262973,0.934510129125112,"direct_R_permutation"
"Linear-001","Linear","modifier",1,22,0.920090013279493,0.923841900640658,0.00375188736116416,0.934510129125112,"direct_R_permutation"
"Linear-001","Linear","modifier",1,23,0.920090013279493,0.922341730396776,0.00225171711728278,0.934510129125112,"direct_R_permutation"
"Linear-001","Linear","modifier",1,24,0.920090013279493,0.920019880423159,-7.01328563348369e-05,0.934510129125112,"direct_R_permutation"
"Linear-001","Linear","modifier",1,25,0.920090013279493,0.920821622235161,0.000731608955668039,0.934510129125112,"direct_R_permutation"
"Linear-001","Linear","modifier",1,26,0.920090013279493,0.923142282811743,0.00305226953225013,0.934510129125112,"direct_R_permutation"
"Linear-001","Linear","modifier",1,27,0.920090013279493,0.921833128083401,0.00174311480390765,0.934510129125112,"direct_R_permutation"
"Linear-001","Linear","modifier",1,28,0.920090013279493,0.923682831304654,0.00359281802516043,0.934510129125112,"direct_R_permutation"
"Linear-001","Linear","modifier",1,29,0.920090013279493,0.922829578081884,0.00273956480239046,0.934510129125112,"direct_R_permutation"
"Linear-001","Linear","modifier",1,30,0.920090013279493,0.923574773781852,0.00348476050235824,0.934510129125112,"direct_R_permutation"
"Linear-001","Linear","noise",1,1,0.920090013279493,0.90303543340582,-0.0170545798736738,0.934510129125112,"direct_R_permutation"
"Linear-001","Linear","noise",1,2,0.920090013279493,0.92340691823386,0.00331690495436665,0.934510129125112,"direct_R_permutation"
"Linear-001","Linear","noise",1,3,0.920090013279493,0.926456872138373,0.00636685885887978,0.934510129125112,"direct_R_permutation"
"Linear-001","Linear","noise",1,4,0.920090013279493,0.931193061554958,0.0111030482754642,0.934510129125112,"direct_R_permutation"
"Linear-001","Linear","noise",1,5,0.920090013279493,0.918929679555113,-0.00116033372438018,0.934510129125112,"direct_R_permutation"
"Linear-001","Linear","noise",1,6,0.920090013279493,0.930893808123324,0.0108037948438305,0.934510129125112,"direct_R_permutation"
"Linear-001","Linear","noise",1,7,0.920090013279493,0.920543463171671,0.000453449892177327,0.934510129125112,"direct_R_permutation"
"Linear-001","Linear","noise",1,8,0.920090013279493,0.921370869721135,0.00128085644164122,0.934510129125112,"direct_R_permutation"
"Linear-001","Linear","noise",1,9,0.920090013279493,0.922463390023597,0.00237337674410409,0.934510129125112,"direct_R_permutation"
"Linear-001","Linear","noise",1,10,0.920090013279493,0.929079043820064,0.00898903054057021,0.934510129125112,"direct_R_permutation"
"Linear-001","Linear","noise",1,11,0.920090013279493,0.916304573821291,-0.00378543945820242,0.934510129125112,"direct_R_permutation"
"Linear-001","Linear","noise",1,12,0.920090013279493,0.919145560977337,-0.000944452302156562,0.934510129125112,"direct_R_permutation"
"Linear-001","Linear","noise",1,13,0.920090013279493,0.923467758676545,0.00337774539705171,0.934510129125112,"direct_R_permutation"
"Linear-001","Linear","noise",1,14,0.920090013279493,0.919650633262363,-0.000439380017130619,0.934510129125112,"direct_R_permutation"
"Linear-001","Linear","noise",1,15,0.920090013279493,0.926613876965383,0.0065238636858892,0.934510129125112,"direct_R_permutation"
"Linear-001","Linear","noise",1,16,0.920090013279493,0.917403366352497,-0.00268664692699661,0.934510129125112,"direct_R_permutation"
"Linear-001","Linear","noise",1,17,0.920090013279493,0.915844327071223,-0.00424568620827048,0.934510129125112,"direct_R_permutation"
"Linear-001","Linear","noise",1,18,0.920090013279493,0.91975189535717,-0.000338117922323855,0.934510129125112,"direct_R_permutation"
"Linear-001","Linear","noise",1,19,0.920090013279493,0.921474043105656,0.00138402982616259,0.934510129125112,"direct_R_permutation"
"Linear-001","Linear","noise",1,20,0.920090013279493,0.919007465631148,-0.0010825476483457,0.934510129125112,"direct_R_permutation"
"Linear-001","Linear","noise",1,21,0.920090013279493,0.920359685656915,0.000269672377421704,0.934510129125112,"direct_R_permutation"
"Linear-001","Linear","noise",1,22,0.920090013279493,0.926991286485469,0.00690127320597589,0.934510129125112,"direct_R_permutation"
"Linear-001","Linear","noise",1,23,0.920090013279493,0.917132096307726,-0.00295791697176784,0.934510129125112,"direct_R_permutation"
"Linear-001","Linear","noise",1,24,0.920090013279493,0.9241151832497,0.00402516997020652,0.934510129125112,"direct_R_permutation"
"Linear-001","Linear","noise",1,25,0.920090013279493,0.91359304287374,-0.00649697040575326,0.934510129125112,"direct_R_permutation"
"Linear-001","Linear","noise",1,26,0.920090013279493,0.914741734986625,-0.00534827829286844,0.934510129125112,"direct_R_permutation"
"Linear-001","Linear","noise",1,27,0.920090013279493,0.91914510067557,-0.000944912603923487,0.934510129125112,"direct_R_permutation"
"Linear-001","Linear","noise",1,28,0.920090013279493,0.918935514548092,-0.0011544987314015,0.934510129125112,"direct_R_permutation"
"Linear-001","Linear","noise",1,29,0.920090013279493,0.917589821536995,-0.00250019174249838,0.934510129125112,"direct_R_permutation"
"Linear-001","Linear","noise",1,30,0.920090013279493,0.920745178442542,0.000655165163048532,0.934510129125112,"direct_R_permutation"
"Tree-001","Tree","signal",1,1,1.12104588848184,18.462346308416,17.3413004199342,1.0338509644615,"direct_R_permutation"
"Tree-001","Tree","signal",1,2,1.12104588848184,18.7628552534122,17.6418093649303,1.0338509644615,"direct_R_permutation"
"Tree-001","Tree","signal",1,3,1.12104588848184,19.934267398428,18.8132215099462,1.0338509644615,"direct_R_permutation"
"Tree-001","Tree","signal",1,4,1.12104588848184,18.835115376546,17.7140694880641,1.0338509644615,"direct_R_permutation"
"Tree-001","Tree","signal",1,5,1.12104588848184,19.1797815503819,18.0587356619001,1.0338509644615,"direct_R_permutation"
"Tree-001","Tree","signal",1,6,1.12104588848184,21.1944036720667,20.0733577835848,1.0338509644615,"direct_R_permutation"
"Tree-001","Tree","signal",1,7,1.12104588848184,22.0732145976489,20.952168709167,1.0338509644615,"direct_R_permutation"
"Tree-001","Tree","signal",1,8,1.12104588848184,20.5263321847208,19.4052862962389,1.0338509644615,"direct_R_permutation"
"Tree-001","Tree","signal",1,9,1.12104588848184,16.8711203833015,15.7500744948196,1.0338509644615,"direct_R_permutation"
"Tree-001","Tree","signal",1,10,1.12104588848184,18.8194929614181,17.6984470729362,1.0338509644615,"direct_R_permutation"
"Tree-001","Tree","signal",1,11,1.12104588848184,19.4581810354877,18.3371351470059,1.0338509644615,"direct_R_permutation"
"Tree-001","Tree","signal",1,12,1.12104588848184,21.3544394434769,20.2333935549951,1.0338509644615,"direct_R_permutation"
"Tree-001","Tree","signal",1,13,1.12104588848184,19.4199217916873,18.2988759032055,1.0338509644615,"direct_R_permutation"
"Tree-001","Tree","signal",1,14,1.12104588848184,17.5339972877088,16.412951399227,1.0338509644615,"direct_R_permutation"
"Tree-001","Tree","signal",1,15,1.12104588848184,19.3102932653922,18.1892473769103,1.0338509644615,"direct_R_permutation"
"Tree-001","Tree","signal",1,16,1.12104588848184,18.6552965229466,17.5342506344647,1.0338509644615,"direct_R_permutation"
"Tree-001","Tree","signal",1,17,1.12104588848184,19.3635672942881,18.2425214058063,1.0338509644615,"direct_R_permutation"
"Tree-001","Tree","signal",1,18,1.12104588848184,14.0631200625248,12.942074174043,1.0338509644615,"direct_R_permutation"
"Tree-001","Tree","signal",1,19,1.12104588848184,20.1529094400503,19.0318635515685,1.0338509644615,"direct_R_permutation"
"Tree-001","Tree","signal",1,20,1.12104588848184,22.5272869399111,21.4062410514293,1.0338509644615,"direct_R_permutation"
"Tree-001","Tree","signal",1,21,1.12104588848184,20.1334345513072,19.0123886628253,1.0338509644615,"direct_R_permutation"
"Tree-001","Tree","signal",1,22,1.12104588848184,19.4746481607319,18.35360227225,1.0338509644615,"direct_R_permutation"
"Tree-001","Tree","signal",1,23,1.12104588848184,19.1982146238666,18.0771687353848,1.0338509644615,"direct_R_permutation"
"Tree-001","Tree","signal",1,24,1.12104588848184,17.5451392730675,16.4240933845857,1.0338509644615,"direct_R_permutation"
"Tree-001","Tree","signal",1,25,1.12104588848184,21.2419825169249,20.120936628443,1.0338509644615,"direct_R_permutation"
"Tree-001","Tree","signal",1,26,1.12104588848184,18.0892718627618,16.9682259742799,1.0338509644615,"direct_R_permutation"
"Tree-001","Tree","signal",1,27,1.12104588848184,19.0456682436872,17.9246223552053,1.0338509644615,"direct_R_permutation"
"Tree-001","Tree","signal",1,28,1.12104588848184,17.5011591559807,16.3801132674988,1.0338509644615,"direct_R_permutation"
"Tree-001","Tree","signal",1,29,1.12104588848184,22.3672872529501,21.2462413644683,1.0338509644615,"direct_R_permutation"
"Tree-001","Tree","signal",1,30,1.12104588848184,19.9119152581892,18.7908693697074,1.0338509644615,"direct_R_permutation"
"Tree-001","Tree","proxy",1,1,1.12104588848184,1.05317657774989,-0.0678693107319559,1.0338509644615,"direct_R_permutation"
"Tree-001","Tree","proxy",1,2,1.12104588848184,0.967818378052112,-0.153227510429729,1.0338509644615,"direct_R_permutation"
"Tree-001","Tree","proxy",1,3,1.12104588848184,1.0044196577992,-0.116626230682641,1.0338509644615,"direct_R_permutation"
"Tree-001","Tree","proxy",1,4,1.12104588848184,1.1171532788697,-0.00389260961214588,1.0338509644615,"direct_R_permutation"
"Tree-001","Tree","proxy",1,5,1.12104588848184,1.14896185123766,0.027915962755819,1.0338509644615,"direct_R_permutation"
"Tree-001","Tree","proxy",1,6,1.12104588848184,1.04225686307966,-0.0787890254021826,1.0338509644615,"direct_R_permutation"
"Tree-001","Tree","proxy",1,7,1.12104588848184,1.07493750840312,-0.0461083800787245,1.0338509644615,"direct_R_permutation"
"Tree-001","Tree","proxy",1,8,1.12104588848184,1.08908436863882,-0.0319615198430165,1.0338509644615,"direct_R_permutation"
"Tree-001","Tree","proxy",1,9,1.12104588848184,1.00607172502931,-0.114974163452533,1.0338509644615,"direct_R_permutation"
"Tree-001","Tree","proxy",1,10,1.12104588848184,1.0155952917834,-0.105450596698443,1.0338509644615,"direct_R_permutation"
"Tree-001","Tree","proxy",1,11,1.12104588848184,1.05408785055096,-0.0669580379308796,1.0338509644615,"direct_R_permutation"
"Tree-001","Tree","proxy",1,12,1.12104588848184,1.02810876797505,-0.0929371205067893,1.0338509644615,"direct_R_permutation"
"Tree-001","Tree","proxy",1,13,1.12104588848184,1.09576351812597,-0.0252823703558749,1.0338509644615,"direct_R_permutation"
"Tree-001","Tree","proxy",1,14,1.12104588848184,1.03276015137724,-0.0882857371046035,1.0338509644615,"direct_R_permutation"
"Tree-001","Tree","proxy",1,15,1.12104588848184,0.955839609974744,-0.165206278507097,1.0338509644615,"direct_R_permutation"
"Tree-001","Tree","proxy",1,16,1.12104588848184,1.04220194633218,-0.0788439421496654,1.0338509644615,"direct_R_permutation"
"Tree-001","Tree","proxy",1,17,1.12104588848184,1.02526627177646,-0.0957796167053828,1.0338509644615,"direct_R_permutation"
"Tree-001","Tree","proxy",1,18,1.12104588848184,1.0724091054246,-0.0486367830572456,1.0338509644615,"direct_R_permutation"
"Tree-001","Tree","proxy",1,19,1.12104588848184,1.06665378886324,-0.0543920996185996,1.0338509644615,"direct_R_permutation"
"Tree-001","Tree","proxy",1,20,1.12104588848184,1.10564654943022,-0.0153993390516207,1.0338509644615,"direct_R_permutation"
"Tree-001","Tree","proxy",1,21,1.12104588848184,1.07337698472771,-0.0476689037541314,1.0338509644615,"direct_R_permutation"
"Tree-001","Tree","proxy",1,22,1.12104588848184,1.02009018307542,-0.100955705406418,1.0338509644615,"direct_R_permutation"
"Tree-001","Tree","proxy",1,23,1.12104588848184,1.00557203438097,-0.11547385410087,1.0338509644615,"direct_R_permutation"
"Tree-001","Tree","proxy",1,24,1.12104588848184,1.00563739232396,-0.115408496157878,1.0338509644615,"direct_R_permutation"
"Tree-001","Tree","proxy",1,25,1.12104588848184,1.01803104456578,-0.103014843916061,1.0338509644615,"direct_R_permutation"
"Tree-001","Tree","proxy",1,26,1.12104588848184,1.06800341421472,-0.0530424742671238,1.0338509644615,"direct_R_permutation"
"Tree-001","Tree","proxy",1,27,1.12104588848184,1.02484435762166,-0.0962015308601842,1.0338509644615,"direct_R_permutation"
"Tree-001","Tree","proxy",1,28,1.12104588848184,1.0021322100648,-0.118913678417045,1.0338509644615,"direct_R_permutation"
"Tree-001","Tree","proxy",1,29,1.12104588848184,1.14108806539194,0.0200421769100945,1.0338509644615,"direct_R_permutation"
"Tree-001","Tree","proxy",1,30,1.12104588848184,1.03008957560711,-0.0909563128747299,1.0338509644615,"direct_R_permutation"
"Tree-001","Tree","modifier",1,1,1.12104588848184,1.41959493978302,0.298549051301178,1.0338509644615,"direct_R_permutation"
"Tree-001","Tree","modifier",1,2,1.12104588848184,1.52979954597123,0.408753657489386,1.0338509644615,"direct_R_permutation"
"Tree-001","Tree","modifier",1,3,1.12104588848184,1.39881386152728,0.277767973045444,1.0338509644615,"direct_R_permutation"
"Tree-001","Tree","modifier",1,4,1.12104588848184,1.50269470398823,0.381648815506387,1.0338509644615,"direct_R_permutation"
"Tree-001","Tree","modifier",1,5,1.12104588848184,1.47108803348933,0.350042145007486,1.0338509644615,"direct_R_permutation"
"Tree-001","Tree","modifier",1,6,1.12104588848184,1.43252813769447,0.311482249212629,1.0338509644615,"direct_R_permutation"
"Tree-001","Tree","modifier",1,7,1.12104588848184,1.6524079629596,0.531362074477757,1.0338509644615,"direct_R_permutation"
"Tree-001","Tree","modifier",1,8,1.12104588848184,1.41252408947843,0.291478200996585,1.0338509644615,"direct_R_permutation"
"Tree-001","Tree","modifier",1,9,1.12104588848184,1.37792031394337,0.256874425461533,1.0338509644615,"direct_R_permutation"
"Tree-001","Tree","modifier",1,10,1.12104588848184,1.51500459636481,0.393958707882973,1.0338509644615,"direct_R_permutation"
"Tree-001","Tree","modifier",1,11,1.12104588848184,1.42304898354848,0.302003095066644,1.0338509644615,"direct_R_permutation"
"Tree-001","Tree","modifier",1,12,1.12104588848184,1.44609934255257,0.325053454070728,1.0338509644615,"direct_R_permutation"
"Tree-001","Tree","modifier",1,13,1.12104588848184,1.43114772965823,0.310101841176385,1.0338509644615,"direct_R_permutation"
"Tree-001","Tree","modifier",1,14,1.12104588848184,1.57991931908146,0.458873430599617,1.0338509644615,"direct_R_permutation"
"Tree-001","Tree","modifier",1,15,1.12104588848184,1.44133466218467,0.32028877370283,1.0338509644615,"direct_R_permutation"
"Tree-001","Tree","modifier",1,16,1.12104588848184,1.38778638494204,0.266740496460201,1.0338509644615,"direct_R_permutation"
"Tree-001","Tree","modifier",1,17,1.12104588848184,1.52352596979476,0.402480081312923,1.0338509644615,"direct_R_permutation"
"Tree-001","Tree","modifier",1,18,1.12104588848184,1.48434703547041,0.363301146988564,1.0338509644615,"direct_R_permutation"
"Tree-001","Tree","modifier",1,19,1.12104588848184,1.26129422995813,0.140248341476288,1.0338509644615,"direct_R_permutation"
"Tree-001","Tree","modifier",1,20,1.12104588848184,1.4970356137076,0.375989725225756,1.0338509644615,"direct_R_permutation"
"Tree-001","Tree","modifier",1,21,1.12104588848184,1.55663684933803,0.435590960856193,1.0338509644615,"direct_R_permutation"
"Tree-001","Tree","modifier",1,22,1.12104588848184,1.4723820486762,0.351336160194361,1.0338509644615,"direct_R_permutation"
"Tree-001","Tree","modifier",1,23,1.12104588848184,1.5258802262588,0.404834337776957,1.0338509644615,"direct_R_permutation"
"Tree-001","Tree","modifier",1,24,1.12104588848184,1.53709799720462,0.416052108722776,1.0338509644615,"direct_R_permutation"
"Tree-001","Tree","modifier",1,25,1.12104588848184,1.33087163714193,0.20982574866009,1.0338509644615,"direct_R_permutation"
"Tree-001","Tree","modifier",1,26,1.12104588848184,1.63195726374512,0.510911375263276,1.0338509644615,"direct_R_permutation"
"Tree-001","Tree","modifier",1,27,1.12104588848184,1.33457419891148,0.213528310429644,1.0338509644615,"direct_R_permutation"
"Tree-001","Tree","modifier",1,28,1.12104588848184,1.6127797876169,0.49173389913506,1.0338509644615,"direct_R_permutation"
"Tree-001","Tree","modifier",1,29,1.12104588848184,1.5242337531909,0.403187864709055,1.0338509644615,"direct_R_permutation"
"Tree-001","Tree","modifier",1,30,1.12104588848184,1.50676696080515,0.385721072323305,1.0338509644615,"direct_R_permutation"
"Tree-001","Tree","noise",1,1,1.12104588848184,1.09549961557074,-0.0255462729110965,1.0338509644615,"direct_R_permutation"
"Tree-001","Tree","noise",1,2,1.12104588848184,1.14785206694363,0.0268061784617859,1.0338509644615,"direct_R_permutation"
"Tree-001","Tree","noise",1,3,1.12104588848184,1.10441122932584,-0.0166346591559978,1.0338509644615,"direct_R_permutation"
"Tree-001","Tree","noise",1,4,1.12104588848184,1.16117667356202,0.0401307850801793,1.0338509644615,"direct_R_permutation"
"Tree-001","Tree","noise",1,5,1.12104588848184,1.21316246980891,0.0921165813270661,1.0338509644615,"direct_R_permutation"
"Tree-001","Tree","noise",1,6,1.12104588848184,1.10359542818679,-0.0174504602950529,1.0338509644615,"direct_R_permutation"
"Tree-001","Tree","noise",1,7,1.12104588848184,1.26341503066237,0.142369142180532,1.0338509644615,"direct_R_permutation"
"Tree-001","Tree","noise",1,8,1.12104588848184,1.08254055268978,-0.0385053357920619,1.0338509644615,"direct_R_permutation"
"Tree-001","Tree","noise",1,9,1.12104588848184,1.0852998683551,-0.0357460201267388,1.0338509644615,"direct_R_permutation"
"Tree-001","Tree","noise",1,10,1.12104588848184,1.15258374080627,0.0315378523244332,1.0338509644615,"direct_R_permutation"
"Tree-001","Tree","noise",1,11,1.12104588848184,1.04912131210974,-0.0719245763721017,1.0338509644615,"direct_R_permutation"
"Tree-001","Tree","noise",1,12,1.12104588848184,1.28713725271555,0.166091364233708,1.0338509644615,"direct_R_permutation"
"Tree-001","Tree","noise",1,13,1.12104588848184,1.13350088815997,0.0124549996781265,1.0338509644615,"direct_R_permutation"
"Tree-001","Tree","noise",1,14,1.12104588848184,0.988524919506143,-0.132520968975698,1.0338509644615,"direct_R_permutation"
"Tree-001","Tree","noise",1,15,1.12104588848184,1.1506943433286,0.0296484548467608,1.0338509644615,"direct_R_permutation"
"Tree-001","Tree","noise",1,16,1.12104588848184,1.19124870685958,0.0702028183777399,1.0338509644615,"direct_R_permutation"
"Tree-001","Tree","noise",1,17,1.12104588848184,1.11783363751628,-0.00321225096555988,1.0338509644615,"direct_R_permutation"
"Tree-001","Tree","noise",1,18,1.12104588848184,1.20104583481731,0.0799999463354695,1.0338509644615,"direct_R_permutation"
"Tree-001","Tree","noise",1,19,1.12104588848184,1.16041525759082,0.0393693691089787,1.0338509644615,"direct_R_permutation"
"Tree-001","Tree","noise",1,20,1.12104588848184,1.15133053606057,0.0302846475787328,1.0338509644615,"direct_R_permutation"
"Tree-001","Tree","noise",1,21,1.12104588848184,1.10992478563165,-0.0111211028501863,1.0338509644615,"direct_R_permutation"
"Tree-001","Tree","noise",1,22,1.12104588848184,1.23594916179406,0.114903273312223,1.0338509644615,"direct_R_permutation"
"Tree-001","Tree","noise",1,23,1.12104588848184,1.15844147940017,0.037395590918331,1.0338509644615,"direct_R_permutation"
"Tree-001","Tree","noise",1,24,1.12104588848184,1.09060961147393,-0.0304362770079076,1.0338509644615,"direct_R_permutation"
"Tree-001","Tree","noise",1,25,1.12104588848184,1.13656405205504,0.0155181635731967,1.0338509644615,"direct_R_permutation"
"Tree-001","Tree","noise",1,26,1.12104588848184,1.1448189986771,0.0237731101952581,1.0338509644615,"direct_R_permutation"
"Tree-001","Tree","noise",1,27,1.12104588848184,1.16407456974547,0.0430286812636334,1.0338509644615,"direct_R_permutation"
"Tree-001","Tree","noise",1,28,1.12104588848184,1.11610646588392,-0.00493942259792268,1.0338509644615,"direct_R_permutation"
"Tree-001","Tree","noise",1,29,1.12104588848184,1.21773844028772,0.0966925518058805,1.0338509644615,"direct_R_permutation"
"Tree-001","Tree","noise",1,30,1.12104588848184,1.07802368015223,-0.0430222083296135,1.0338509644615,"direct_R_permutation"
"Tree-002","Tree","signal",1,1,1.09252785079631,18.59386455806,17.5013367072636,1.08142731464385,"direct_R_permutation"
"Tree-002","Tree","signal",1,2,1.09252785079631,18.4995418929767,17.4070140421804,1.08142731464385,"direct_R_permutation"
"Tree-002","Tree","signal",1,3,1.09252785079631,20.162918819057,19.0703909682607,1.08142731464385,"direct_R_permutation"
"Tree-002","Tree","signal",1,4,1.09252785079631,18.8410739561997,17.7485461054034,1.08142731464385,"direct_R_permutation"
"Tree-002","Tree","signal",1,5,1.09252785079631,18.670112501636,17.5775846508397,1.08142731464385,"direct_R_permutation"
"Tree-002","Tree","signal",1,6,1.09252785079631,20.4763226928164,19.3837948420201,1.08142731464385,"direct_R_permutation"
"Tree-002","Tree","signal",1,7,1.09252785079631,21.4914494700109,20.3989216192146,1.08142731464385,"direct_R_permutation"
"Tree-002","Tree","signal",1,8,1.09252785079631,20.3901954826987,19.2976676319024,1.08142731464385,"direct_R_permutation"
"Tree-002","Tree","signal",1,9,1.09252785079631,16.5253156059745,15.4327877551782,1.08142731464385,"direct_R_permutation"
"Tree-002","Tree","signal",1,10,1.09252785079631,17.8964982069945,16.8039703561982,1.08142731464385,"direct_R_permutation"
"Tree-002","Tree","signal",1,11,1.09252785079631,18.910283327477,17.8177554766807,1.08142731464385,"direct_R_permutation"
"Tree-002","Tree","signal",1,12,1.09252785079631,20.9954841981626,19.9029563473663,1.08142731464385,"direct_R_permutation"
"Tree-002","Tree","signal",1,13,1.09252785079631,19.9095616725351,18.8170338217388,1.08142731464385,"direct_R_permutation"
"Tree-002","Tree","signal",1,14,1.09252785079631,17.8992027379937,16.8066748871974,1.08142731464385,"direct_R_permutation"
"Tree-002","Tree","signal",1,15,1.09252785079631,19.1343591288956,18.0418312780993,1.08142731464385,"direct_R_permutation"
"Tree-002","Tree","signal",1,16,1.09252785079631,18.9330401021926,17.8405122513963,1.08142731464385,"direct_R_permutation"
"Tree-002","Tree","signal",1,17,1.09252785079631,18.7732565774606,17.6807287266643,1.08142731464385,"direct_R_permutation"
"Tree-002","Tree","signal",1,18,1.09252785079631,14.0253360520697,12.9328082012734,1.08142731464385,"direct_R_permutation"
"Tree-002","Tree","signal",1,19,1.09252785079631,20.3430963848557,19.2505685340594,1.08142731464385,"direct_R_permutation"
"Tree-002","Tree","signal",1,20,1.09252785079631,21.9237755340881,20.8312476832918,1.08142731464385,"direct_R_permutation"
"Tree-002","Tree","signal",1,21,1.09252785079631,20.2992468706113,19.206719019815,1.08142731464385,"direct_R_permutation"
"Tree-002","Tree","signal",1,22,1.09252785079631,19.0649308508008,17.9724030000045,1.08142731464385,"direct_R_permutation"
"Tree-002","Tree","signal",1,23,1.09252785079631,19.2220874836458,18.1295596328495,1.08142731464385,"direct_R_permutation"
"Tree-002","Tree","signal",1,24,1.09252785079631,17.8113889842555,16.7188611334592,1.08142731464385,"direct_R_permutation"
"Tree-002","Tree","signal",1,25,1.09252785079631,20.8872113572399,19.7946835064436,1.08142731464385,"direct_R_permutation"
"Tree-002","Tree","signal",1,26,1.09252785079631,18.1817957687014,17.0892679179051,1.08142731464385,"direct_R_permutation"
"Tree-002","Tree","signal",1,27,1.09252785079631,18.75642575675,17.6638979059537,1.08142731464385,"direct_R_permutation"
"Tree-002","Tree","signal",1,28,1.09252785079631,17.2550788409718,16.1625509901755,1.08142731464385,"direct_R_permutation"
"Tree-002","Tree","signal",1,29,1.09252785079631,22.3832548293986,21.2907269786023,1.08142731464385,"direct_R_permutation"
"Tree-002","Tree","signal",1,30,1.09252785079631,20.0540436422836,18.9615157914873,1.08142731464385,"direct_R_permutation"
"Tree-002","Tree","proxy",1,1,1.09252785079631,1.09252785079631,0,1.08142731464385,"direct_R_permutation"
"Tree-002","Tree","proxy",1,2,1.09252785079631,1.09252785079631,0,1.08142731464385,"direct_R_permutation"
"Tree-002","Tree","proxy",1,3,1.09252785079631,1.09252785079631,0,1.08142731464385,"direct_R_permutation"
"Tree-002","Tree","proxy",1,4,1.09252785079631,1.09252785079631,0,1.08142731464385,"direct_R_permutation"
"Tree-002","Tree","proxy",1,5,1.09252785079631,1.09252785079631,0,1.08142731464385,"direct_R_permutation"
"Tree-002","Tree","proxy",1,6,1.09252785079631,1.09252785079631,0,1.08142731464385,"direct_R_permutation"
"Tree-002","Tree","proxy",1,7,1.09252785079631,1.09252785079631,0,1.08142731464385,"direct_R_permutation"
"Tree-002","Tree","proxy",1,8,1.09252785079631,1.09252785079631,0,1.08142731464385,"direct_R_permutation"
"Tree-002","Tree","proxy",1,9,1.09252785079631,1.09252785079631,0,1.08142731464385,"direct_R_permutation"
"Tree-002","Tree","proxy",1,10,1.09252785079631,1.09252785079631,0,1.08142731464385,"direct_R_permutation"
"Tree-002","Tree","proxy",1,11,1.09252785079631,1.09252785079631,0,1.08142731464385,"direct_R_permutation"
"Tree-002","Tree","proxy",1,12,1.09252785079631,1.09252785079631,0,1.08142731464385,"direct_R_permutation"
"Tree-002","Tree","proxy",1,13,1.09252785079631,1.09252785079631,0,1.08142731464385,"direct_R_permutation"
"Tree-002","Tree","proxy",1,14,1.09252785079631,1.09252785079631,0,1.08142731464385,"direct_R_permutation"
"Tree-002","Tree","proxy",1,15,1.09252785079631,1.09252785079631,0,1.08142731464385,"direct_R_permutation"
"Tree-002","Tree","proxy",1,16,1.09252785079631,1.09252785079631,0,1.08142731464385,"direct_R_permutation"
"Tree-002","Tree","proxy",1,17,1.09252785079631,1.09252785079631,0,1.08142731464385,"direct_R_permutation"
"Tree-002","Tree","proxy",1,18,1.09252785079631,1.09252785079631,0,1.08142731464385,"direct_R_permutation"
"Tree-002","Tree","proxy",1,19,1.09252785079631,1.09252785079631,0,1.08142731464385,"direct_R_permutation"
"Tree-002","Tree","proxy",1,20,1.09252785079631,1.09252785079631,0,1.08142731464385,"direct_R_permutation"
"Tree-002","Tree","proxy",1,21,1.09252785079631,1.09252785079631,0,1.08142731464385,"direct_R_permutation"
"Tree-002","Tree","proxy",1,22,1.09252785079631,1.09252785079631,0,1.08142731464385,"direct_R_permutation"
"Tree-002","Tree","proxy",1,23,1.09252785079631,1.09252785079631,0,1.08142731464385,"direct_R_permutation"
"Tree-002","Tree","proxy",1,24,1.09252785079631,1.09252785079631,0,1.08142731464385,"direct_R_permutation"
"Tree-002","Tree","proxy",1,25,1.09252785079631,1.09252785079631,0,1.08142731464385,"direct_R_permutation"
"Tree-002","Tree","proxy",1,26,1.09252785079631,1.09252785079631,0,1.08142731464385,"direct_R_permutation"
"Tree-002","Tree","proxy",1,27,1.09252785079631,1.09252785079631,0,1.08142731464385,"direct_R_permutation"
"Tree-002","Tree","proxy",1,28,1.09252785079631,1.09252785079631,0,1.08142731464385,"direct_R_permutation"
"Tree-002","Tree","proxy",1,29,1.09252785079631,1.09252785079631,0,1.08142731464385,"direct_R_permutation"
"Tree-002","Tree","proxy",1,30,1.09252785079631,1.09252785079631,0,1.08142731464385,"direct_R_permutation"
"Tree-002","Tree","modifier",1,1,1.09252785079631,1.22923845147232,0.13671060067601,1.08142731464385,"direct_R_permutation"
"Tree-002","Tree","modifier",1,2,1.09252785079631,1.20459784391615,0.112069993119838,1.08142731464385,"direct_R_permutation"
"Tree-002","Tree","modifier",1,3,1.09252785079631,1.14827391085456,0.0557460600582489,1.08142731464385,"direct_R_permutation"
"Tree-002","Tree","modifier",1,4,1.09252785079631,1.19019804640244,0.0976701956061319,1.08142731464385,"direct_R_permutation"
"Tree-002","Tree","modifier",1,5,1.09252785079631,1.1229702650764,0.0304424142800881,1.08142731464385,"direct_R_permutation"
"Tree-002","Tree","modifier",1,6,1.09252785079631,1.12781141657651,0.0352835657801951,1.08142731464385,"direct_R_permutation"
"Tree-002","Tree","modifier",1,7,1.09252785079631,1.22460059239189,0.132072741595583,1.08142731464385,"direct_R_permutation"
"Tree-002","Tree","modifier",1,8,1.09252785079631,1.24590162261762,0.153373771821314,1.08142731464385,"direct_R_permutation"
"Tree-002","Tree","modifier",1,9,1.09252785079631,1.17721818417373,0.0846903333774238,1.08142731464385,"direct_R_permutation"
"Tree-002","Tree","modifier",1,10,1.09252785079631,1.25758224380569,0.165054393009376,1.08142731464385,"direct_R_permutation"
"Tree-002","Tree","modifier",1,11,1.09252785079631,1.15209876044998,0.0595709096536705,1.08142731464385,"direct_R_permutation"
"Tree-002","Tree","modifier",1,12,1.09252785079631,1.15301550854435,0.0604876577480373,1.08142731464385,"direct_R_permutation"
"Tree-002","Tree","modifier",1,13,1.09252785079631,1.14454561258998,0.0520177617936732,1.08142731464385,"direct_R_permutation"
"Tree-002","Tree","modifier",1,14,1.09252785079631,1.25780103938876,0.165273188592451,1.08142731464385,"direct_R_permutation"
"Tree-002","Tree","modifier",1,15,1.09252785079631,1.22936580308591,0.136837952289601,1.08142731464385,"direct_R_permutation"
"Tree-002","Tree","modifier",1,16,1.09252785079631,1.18822088383597,0.095693033039663,1.08142731464385,"direct_R_permutation"
"Tree-002","Tree","modifier",1,17,1.09252785079631,1.21841219546113,0.125884344664817,1.08142731464385,"direct_R_permutation"
"Tree-002","Tree","modifier",1,18,1.09252785079631,1.13311561973821,0.040587768941895,1.08142731464385,"direct_R_permutation"
"Tree-002","Tree","modifier",1,19,1.09252785079631,1.10128945175608,0.00876160095976841,1.08142731464385,"direct_R_permutation"
"Tree-002","Tree","modifier",1,20,1.09252785079631,1.25932254804421,0.166794697247904,1.08142731464385,"direct_R_permutation"
"Tree-002","Tree","modifier",1,21,1.09252785079631,1.25135296955646,0.158825118760144,1.08142731464385,"direct_R_permutation"
"Tree-002","Tree","modifier",1,22,1.09252785079631,1.2059938159843,0.11346596518799,1.08142731464385,"direct_R_permutation"
"Tree-002","Tree","modifier",1,23,1.09252785079631,1.20022924823892,0.107701397442611,1.08142731464385,"direct_R_permutation"
"Tree-002","Tree","modifier",1,24,1.09252785079631,1.21192394401919,0.119396093222879,1.08142731464385,"direct_R_permutation"
"Tree-002","Tree","modifier",1,25,1.09252785079631,1.1672475615101,0.0747197107137936,1.08142731464385,"direct_R_permutation"
"Tree-002","Tree","modifier",1,26,1.09252785079631,1.23549066744333,0.14296281664702,1.08142731464385,"direct_R_permutation"
"Tree-002","Tree","modifier",1,27,1.09252785079631,1.13168652136637,0.0391586705700613,1.08142731464385,"direct_R_permutation"
"Tree-002","Tree","modifier",1,28,1.09252785079631,1.26228034281655,0.169752492020239,1.08142731464385,"direct_R_permutation"
"Tree-002","Tree","modifier",1,29,1.09252785079631,1.13744178192371,0.0449139311274009,1.08142731464385,"direct_R_permutation"
"Tree-002","Tree","modifier",1,30,1.09252785079631,1.27246506885069,0.179937218054384,1.08142731464385,"direct_R_permutation"
"Tree-002","Tree","noise",1,1,1.09252785079631,1.09252785079631,0,1.08142731464385,"direct_R_permutation"
"Tree-002","Tree","noise",1,2,1.09252785079631,1.09252785079631,0,1.08142731464385,"direct_R_permutation"
"Tree-002","Tree","noise",1,3,1.09252785079631,1.09252785079631,0,1.08142731464385,"direct_R_permutation"
"Tree-002","Tree","noise",1,4,1.09252785079631,1.09252785079631,0,1.08142731464385,"direct_R_permutation"
"Tree-002","Tree","noise",1,5,1.09252785079631,1.09252785079631,0,1.08142731464385,"direct_R_permutation"
"Tree-002","Tree","noise",1,6,1.09252785079631,1.09252785079631,0,1.08142731464385,"direct_R_permutation"
"Tree-002","Tree","noise",1,7,1.09252785079631,1.09252785079631,0,1.08142731464385,"direct_R_permutation"
"Tree-002","Tree","noise",1,8,1.09252785079631,1.09252785079631,0,1.08142731464385,"direct_R_permutation"
"Tree-002","Tree","noise",1,9,1.09252785079631,1.09252785079631,0,1.08142731464385,"direct_R_permutation"
"Tree-002","Tree","noise",1,10,1.09252785079631,1.09252785079631,0,1.08142731464385,"direct_R_permutation"
"Tree-002","Tree","noise",1,11,1.09252785079631,1.09252785079631,0,1.08142731464385,"direct_R_permutation"
"Tree-002","Tree","noise",1,12,1.09252785079631,1.09252785079631,0,1.08142731464385,"direct_R_permutation"
"Tree-002","Tree","noise",1,13,1.09252785079631,1.09252785079631,0,1.08142731464385,"direct_R_permutation"
"Tree-002","Tree","noise",1,14,1.09252785079631,1.09252785079631,0,1.08142731464385,"direct_R_permutation"
"Tree-002","Tree","noise",1,15,1.09252785079631,1.09252785079631,0,1.08142731464385,"direct_R_permutation"
"Tree-002","Tree","noise",1,16,1.09252785079631,1.09252785079631,0,1.08142731464385,"direct_R_permutation"
"Tree-002","Tree","noise",1,17,1.09252785079631,1.09252785079631,0,1.08142731464385,"direct_R_permutation"
"Tree-002","Tree","noise",1,18,1.09252785079631,1.09252785079631,0,1.08142731464385,"direct_R_permutation"
"Tree-002","Tree","noise",1,19,1.09252785079631,1.09252785079631,0,1.08142731464385,"direct_R_permutation"
"Tree-002","Tree","noise",1,20,1.09252785079631,1.09252785079631,0,1.08142731464385,"direct_R_permutation"
"Tree-002","Tree","noise",1,21,1.09252785079631,1.09252785079631,0,1.08142731464385,"direct_R_permutation"
"Tree-002","Tree","noise",1,22,1.09252785079631,1.09252785079631,0,1.08142731464385,"direct_R_permutation"
"Tree-002","Tree","noise",1,23,1.09252785079631,1.09252785079631,0,1.08142731464385,"direct_R_permutation"
"Tree-002","Tree","noise",1,24,1.09252785079631,1.09252785079631,0,1.08142731464385,"direct_R_permutation"
"Tree-002","Tree","noise",1,25,1.09252785079631,1.09252785079631,0,1.08142731464385,"direct_R_permutation"
"Tree-002","Tree","noise",1,26,1.09252785079631,1.09252785079631,0,1.08142731464385,"direct_R_permutation"
"Tree-002","Tree","noise",1,27,1.09252785079631,1.09252785079631,0,1.08142731464385,"direct_R_permutation"
"Tree-002","Tree","noise",1,28,1.09252785079631,1.09252785079631,0,1.08142731464385,"direct_R_permutation"
"Tree-002","Tree","noise",1,29,1.09252785079631,1.09252785079631,0,1.08142731464385,"direct_R_permutation"
"Tree-002","Tree","noise",1,30,1.09252785079631,1.09252785079631,0,1.08142731464385,"direct_R_permutation"
"Tree-004","Tree","signal",1,1,1.18862241040679,18.173396588313,16.9847741779062,1.09585457798915,"direct_R_permutation"
"Tree-004","Tree","signal",1,2,1.18862241040679,18.2779942461588,17.0893718357521,1.09585457798915,"direct_R_permutation"
"Tree-004","Tree","signal",1,3,1.18862241040679,19.4455546125935,18.2569322021867,1.09585457798915,"direct_R_permutation"
"Tree-004","Tree","signal",1,4,1.18862241040679,17.8650415467661,16.6764191363593,1.09585457798915,"direct_R_permutation"
"Tree-004","Tree","signal",1,5,1.18862241040679,17.6800884498361,16.4914660394293,1.09585457798915,"direct_R_permutation"
"Tree-004","Tree","signal",1,6,1.18862241040679,20.5260391853105,19.3374167749037,1.09585457798915,"direct_R_permutation"
"Tree-004","Tree","signal",1,7,1.18862241040679,20.9540762918781,19.7654538814713,1.09585457798915,"direct_R_permutation"
"Tree-004","Tree","signal",1,8,1.18862241040679,20.1084317146359,18.9198093042291,1.09585457798915,"direct_R_permutation"
"Tree-004","Tree","signal",1,9,1.18862241040679,15.8188579306397,14.6302355202329,1.09585457798915,"direct_R_permutation"
"Tree-004","Tree","signal",1,10,1.18862241040679,18.0400575204518,16.851435110045,1.09585457798915,"direct_R_permutation"
"Tree-004","Tree","signal",1,11,1.18862241040679,18.3773553285945,17.1887329181877,1.09585457798915,"direct_R_permutation"
"Tree-004","Tree","signal",1,12,1.18862241040679,20.5132375295133,19.3246151191065,1.09585457798915,"direct_R_permutation"
"Tree-004","Tree","signal",1,13,1.18862241040679,19.1389127891218,17.950290378715,1.09585457798915,"direct_R_permutation"
"Tree-004","Tree","signal",1,14,1.18862241040679,17.3062855816712,16.1176631712644,1.09585457798915,"direct_R_permutation"
"Tree-004","Tree","signal",1,15,1.18862241040679,18.8000137026149,17.6113912922081,1.09585457798915,"direct_R_permutation"
"Tree-004","Tree","signal",1,16,1.18862241040679,18.0393599268138,16.850737516407,1.09585457798915,"direct_R_permutation"
"Tree-004","Tree","signal",1,17,1.18862241040679,17.7864521537739,16.5978297433671,1.09585457798915,"direct_R_permutation"
"Tree-004","Tree","signal",1,18,1.18862241040679,13.4258412649809,12.2372188545742,1.09585457798915,"direct_R_permutation"
"Tree-004","Tree","signal",1,19,1.18862241040679,19.8000235234374,18.6114011130306,1.09585457798915,"direct_R_permutation"
"Tree-004","Tree","signal",1,20,1.18862241040679,21.4082007861733,20.2195783757666,1.09585457798915,"direct_R_permutation"
"Tree-004","Tree","signal",1,21,1.18862241040679,19.6402748169767,18.4516524065699,1.09585457798915,"direct_R_permutation"
"Tree-004","Tree","signal",1,22,1.18862241040679,18.793413396044,17.6047909856372,1.09585457798915,"direct_R_permutation"
"Tree-004","Tree","signal",1,23,1.18862241040679,18.3000286787839,17.1114062683771,1.09585457798915,"direct_R_permutation"
"Tree-004","Tree","signal",1,24,1.18862241040679,17.2297605427123,16.0411381323055,1.09585457798915,"direct_R_permutation"
"Tree-004","Tree","signal",1,25,1.18862241040679,20.3436432073913,19.1550207969845,1.09585457798915,"direct_R_permutation"
"Tree-004","Tree","signal",1,26,1.18862241040679,17.7567531634659,16.5681307530591,1.09585457798915,"direct_R_permutation"
"Tree-004","Tree","signal",1,27,1.18862241040679,18.4196189728934,17.2309965624866,1.09585457798915,"direct_R_permutation"
"Tree-004","Tree","signal",1,28,1.18862241040679,16.6131312411604,15.4245088307536,1.09585457798915,"direct_R_permutation"
"Tree-004","Tree","signal",1,29,1.18862241040679,21.7276102310375,20.5389878206307,1.09585457798915,"direct_R_permutation"
"Tree-004","Tree","signal",1,30,1.18862241040679,19.6203483705279,18.4317259601211,1.09585457798915,"direct_R_permutation"
"Tree-004","Tree","proxy",1,1,1.18862241040679,1.18862241040679,0,1.09585457798915,"direct_R_permutation"
"Tree-004","Tree","proxy",1,2,1.18862241040679,1.18862241040679,0,1.09585457798915,"direct_R_permutation"
"Tree-004","Tree","proxy",1,3,1.18862241040679,1.18862241040679,0,1.09585457798915,"direct_R_permutation"
"Tree-004","Tree","proxy",1,4,1.18862241040679,1.18862241040679,0,1.09585457798915,"direct_R_permutation"
"Tree-004","Tree","proxy",1,5,1.18862241040679,1.18862241040679,0,1.09585457798915,"direct_R_permutation"
"Tree-004","Tree","proxy",1,6,1.18862241040679,1.18862241040679,0,1.09585457798915,"direct_R_permutation"
"Tree-004","Tree","proxy",1,7,1.18862241040679,1.18862241040679,0,1.09585457798915,"direct_R_permutation"
"Tree-004","Tree","proxy",1,8,1.18862241040679,1.18862241040679,0,1.09585457798915,"direct_R_permutation"
"Tree-004","Tree","proxy",1,9,1.18862241040679,1.18862241040679,0,1.09585457798915,"direct_R_permutation"
"Tree-004","Tree","proxy",1,10,1.18862241040679,1.18862241040679,0,1.09585457798915,"direct_R_permutation"
"Tree-004","Tree","proxy",1,11,1.18862241040679,1.18862241040679,0,1.09585457798915,"direct_R_permutation"
"Tree-004","Tree","proxy",1,12,1.18862241040679,1.18862241040679,0,1.09585457798915,"direct_R_permutation"
"Tree-004","Tree","proxy",1,13,1.18862241040679,1.18862241040679,0,1.09585457798915,"direct_R_permutation"
"Tree-004","Tree","proxy",1,14,1.18862241040679,1.18862241040679,0,1.09585457798915,"direct_R_permutation"
"Tree-004","Tree","proxy",1,15,1.18862241040679,1.18862241040679,0,1.09585457798915,"direct_R_permutation"
"Tree-004","Tree","proxy",1,16,1.18862241040679,1.18862241040679,0,1.09585457798915,"direct_R_permutation"
"Tree-004","Tree","proxy",1,17,1.18862241040679,1.18862241040679,0,1.09585457798915,"direct_R_permutation"
"Tree-004","Tree","proxy",1,18,1.18862241040679,1.18862241040679,0,1.09585457798915,"direct_R_permutation"
"Tree-004","Tree","proxy",1,19,1.18862241040679,1.18862241040679,0,1.09585457798915,"direct_R_permutation"
"Tree-004","Tree","proxy",1,20,1.18862241040679,1.18862241040679,0,1.09585457798915,"direct_R_permutation"
"Tree-004","Tree","proxy",1,21,1.18862241040679,1.18862241040679,0,1.09585457798915,"direct_R_permutation"
"Tree-004","Tree","proxy",1,22,1.18862241040679,1.18862241040679,0,1.09585457798915,"direct_R_permutation"
"Tree-004","Tree","proxy",1,23,1.18862241040679,1.18862241040679,0,1.09585457798915,"direct_R_permutation"
"Tree-004","Tree","proxy",1,24,1.18862241040679,1.18862241040679,0,1.09585457798915,"direct_R_permutation"
"Tree-004","Tree","proxy",1,25,1.18862241040679,1.18862241040679,0,1.09585457798915,"direct_R_permutation"
"Tree-004","Tree","proxy",1,26,1.18862241040679,1.18862241040679,0,1.09585457798915,"direct_R_permutation"
"Tree-004","Tree","proxy",1,27,1.18862241040679,1.18862241040679,0,1.09585457798915,"direct_R_permutation"
"Tree-004","Tree","proxy",1,28,1.18862241040679,1.18862241040679,0,1.09585457798915,"direct_R_permutation"
"Tree-004","Tree","proxy",1,29,1.18862241040679,1.18862241040679,0,1.09585457798915,"direct_R_permutation"
"Tree-004","Tree","proxy",1,30,1.18862241040679,1.18862241040679,0,1.09585457798915,"direct_R_permutation"
"Tree-004","Tree","modifier",1,1,1.18862241040679,1.4391424913953,0.250520080988512,1.09585457798915,"direct_R_permutation"
"Tree-004","Tree","modifier",1,2,1.18862241040679,1.47275112276824,0.284128712361456,1.09585457798915,"direct_R_permutation"
"Tree-004","Tree","modifier",1,3,1.18862241040679,1.37143106781268,0.182808657405886,1.09585457798915,"direct_R_permutation"
"Tree-004","Tree","modifier",1,4,1.18862241040679,1.47413049499713,0.285508084590344,1.09585457798915,"direct_R_permutation"
"Tree-004","Tree","modifier",1,5,1.18862241040679,1.40251208039788,0.213889669991088,1.09585457798915,"direct_R_permutation"
"Tree-004","Tree","modifier",1,6,1.18862241040679,1.44660009210213,0.257977681695344,1.09585457798915,"direct_R_permutation"
"Tree-004","Tree","modifier",1,7,1.18862241040679,1.50679302201127,0.318170611604478,1.09585457798915,"direct_R_permutation"
"Tree-004","Tree","modifier",1,8,1.18862241040679,1.3940067870036,0.205384376596808,1.09585457798915,"direct_R_permutation"
"Tree-004","Tree","modifier",1,9,1.18862241040679,1.40859700267932,0.21997459227253,1.09585457798915,"direct_R_permutation"
"Tree-004","Tree","modifier",1,10,1.18862241040679,1.46330915637952,0.274686745972728,1.09585457798915,"direct_R_permutation"
"Tree-004","Tree","modifier",1,11,1.18862241040679,1.44150493467313,0.252882524266337,1.09585457798915,"direct_R_permutation"
"Tree-004","Tree","modifier",1,12,1.18862241040679,1.41721058244185,0.228588172035063,1.09585457798915,"direct_R_permutation"
"Tree-004","Tree","modifier",1,13,1.18862241040679,1.43093572013503,0.242313309728242,1.09585457798915,"direct_R_permutation"
"Tree-004","Tree","modifier",1,14,1.18862241040679,1.53652104202974,0.347898631622955,1.09585457798915,"direct_R_permutation"
"Tree-004","Tree","modifier",1,15,1.18862241040679,1.49955412601937,0.310931715612579,1.09585457798915,"direct_R_permutation"
"Tree-004","Tree","modifier",1,16,1.18862241040679,1.35629705243745,0.167674642030661,1.09585457798915,"direct_R_permutation"
"Tree-004","Tree","modifier",1,17,1.18862241040679,1.45870335255839,0.270080942151599,1.09585457798915,"direct_R_permutation"
"Tree-004","Tree","modifier",1,18,1.18862241040679,1.3825637628895,0.193941352482712,1.09585457798915,"direct_R_permutation"
"Tree-004","Tree","modifier",1,19,1.18862241040679,1.34227906774646,0.153656657339669,1.09585457798915,"direct_R_permutation"
"Tree-004","Tree","modifier",1,20,1.18862241040679,1.5514200174264,0.362797607019615,1.09585457798915,"direct_R_permutation"
"Tree-004","Tree","modifier",1,21,1.18862241040679,1.53418637320929,0.345563962802506,1.09585457798915,"direct_R_permutation"
"Tree-004","Tree","modifier",1,22,1.18862241040679,1.49506124734292,0.306438836936131,1.09585457798915,"direct_R_permutation"
"Tree-004","Tree","modifier",1,23,1.18862241040679,1.49001608957243,0.301393679165646,1.09585457798915,"direct_R_permutation"
"Tree-004","Tree","modifier",1,24,1.18862241040679,1.47468732131802,0.286064910911233,1.09585457798915,"direct_R_permutation"
"Tree-004","Tree","modifier",1,25,1.18862241040679,1.34611555440607,0.157493143999285,1.09585457798915,"direct_R_permutation"
"Tree-004","Tree","modifier",1,26,1.18862241040679,1.58188559711038,0.393263186703591,1.09585457798915,"direct_R_permutation"
"Tree-004","Tree","modifier",1,27,1.18862241040679,1.33641826620619,0.147795855799403,1.09585457798915,"direct_R_permutation"
"Tree-004","Tree","modifier",1,28,1.18862241040679,1.64157324862368,0.452950838216893,1.09585457798915,"direct_R_permutation"
"Tree-004","Tree","modifier",1,29,1.18862241040679,1.45458858986988,0.265966179463087,1.09585457798915,"direct_R_permutation"
"Tree-004","Tree","modifier",1,30,1.18862241040679,1.5186528674154,0.330030457008615,1.09585457798915,"direct_R_permutation"
"Tree-004","Tree","noise",1,1,1.18862241040679,1.23398338745712,0.0453609770503292,1.09585457798915,"direct_R_permutation"
"Tree-004","Tree","noise",1,2,1.18862241040679,1.21691815814641,0.0282957477396204,1.09585457798915,"direct_R_permutation"
"Tree-004","Tree","noise",1,3,1.18862241040679,1.17687975168889,-0.0117426587179015,1.09585457798915,"direct_R_permutation"
"Tree-004","Tree","noise",1,4,1.18862241040679,1.16892468110084,-0.0196977293059455,1.09585457798915,"direct_R_permutation"
"Tree-004","Tree","noise",1,5,1.18862241040679,1.23762670462009,0.0490042942133004,1.09585457798915,"direct_R_permutation"
"Tree-004","Tree","noise",1,6,1.18862241040679,1.16365279189154,-0.0249696185152495,1.09585457798915,"direct_R_permutation"
"Tree-004","Tree","noise",1,7,1.18862241040679,1.18345657119763,-0.00516583920915448,1.09585457798915,"direct_R_permutation"
"Tree-004","Tree","noise",1,8,1.18862241040679,1.14909257675737,-0.0395298336494221,1.09585457798915,"direct_R_permutation"
"Tree-004","Tree","noise",1,9,1.18862241040679,1.18837433463401,-0.000248075772780965,1.09585457798915,"direct_R_permutation"
"Tree-004","Tree","noise",1,10,1.18862241040679,1.18667222597989,-0.00195018442689765,1.09585457798915,"direct_R_permutation"
"Tree-004","Tree","noise",1,11,1.18862241040679,1.17882755507118,-0.00979485533561175,1.09585457798915,"direct_R_permutation"
"Tree-004","Tree","noise",1,12,1.18862241040679,1.27884316960834,0.0902207592015527,1.09585457798915,"direct_R_permutation"
"Tree-004","Tree","noise",1,13,1.18862241040679,1.20303274104359,0.0144103306367962,1.09585457798915,"direct_R_permutation"
"Tree-004","Tree","noise",1,14,1.18862241040679,1.16077987472783,-0.0278425356789582,1.09585457798915,"direct_R_permutation"
"Tree-004","Tree","noise",1,15,1.18862241040679,1.15786326641019,-0.0307591439965982,1.09585457798915,"direct_R_permutation"
"Tree-004","Tree","noise",1,16,1.18862241040679,1.19679771834841,0.0081753079416178,1.09585457798915,"direct_R_permutation"
"Tree-004","Tree","noise",1,17,1.18862241040679,1.24128777042965,0.0526653600228566,1.09585457798915,"direct_R_permutation"
"Tree-004","Tree","noise",1,18,1.18862241040679,1.21954329728325,0.0309208868764619,1.09585457798915,"direct_R_permutation"
"Tree-004","Tree","noise",1,19,1.18862241040679,1.21422530396791,0.0256028935611239,1.09585457798915,"direct_R_permutation"
"Tree-004","Tree","noise",1,20,1.18862241040679,1.19063724427506,0.0020148338682755,1.09585457798915,"direct_R_permutation"
"Tree-004","Tree","noise",1,21,1.18862241040679,1.15451004539089,-0.0341123650158954,1.09585457798915,"direct_R_permutation"
"Tree-004","Tree","noise",1,22,1.18862241040679,1.24302737784803,0.0544049674412388,1.09585457798915,"direct_R_permutation"
"Tree-004","Tree","noise",1,23,1.18862241040679,1.16049686624142,-0.0281255441653736,1.09585457798915,"direct_R_permutation"
"Tree-004","Tree","noise",1,24,1.18862241040679,1.13204602368749,-0.056576386719301,1.09585457798915,"direct_R_permutation"
"Tree-004","Tree","noise",1,25,1.18862241040679,1.15527815472797,-0.0333442556788217,1.09585457798915,"direct_R_permutation"
"Tree-004","Tree","noise",1,26,1.18862241040679,1.19775409456866,0.00913168416187005,1.09585457798915,"direct_R_permutation"
"Tree-004","Tree","noise",1,27,1.18862241040679,1.22260454047172,0.0339821300649286,1.09585457798915,"direct_R_permutation"
"Tree-004","Tree","noise",1,28,1.18862241040679,1.21362952366306,0.0250071132562741,1.09585457798915,"direct_R_permutation"
"Tree-004","Tree","noise",1,29,1.18862241040679,1.2543501402635,0.0657277298567067,1.09585457798915,"direct_R_permutation"
"Tree-004","Tree","noise",1,30,1.18862241040679,1.17422142926787,-0.0144009811389143,1.09585457798915,"direct_R_permutation"
"Forest-001","Forest","signal",1,1,1.00395861994236,7.72811392490617,6.7241553049638,0.939479760811616,"direct_R_permutation"
"Forest-001","Forest","signal",1,2,1.00395861994236,7.69711677225753,6.69315815231517,0.939479760811616,"direct_R_permutation"
"Forest-001","Forest","signal",1,3,1.00395861994236,8.21527554399051,7.21131692404815,0.939479760811616,"direct_R_permutation"
"Forest-001","Forest","signal",1,4,1.00395861994236,7.28815761763113,6.28419899768877,0.939479760811616,"direct_R_permutation"
"Forest-001","Forest","signal",1,5,1.00395861994236,7.1920248254846,6.18806620554223,0.939479760811616,"direct_R_permutation"
"Forest-001","Forest","signal",1,6,1.00395861994236,8.71497917534364,7.71102055540127,0.939479760811616,"direct_R_permutation"
"Forest-001","Forest","signal",1,7,1.00395861994236,8.88456938989899,7.88061076995663,0.939479760811616,"direct_R_permutation"
"Forest-001","Forest","signal",1,8,1.00395861994236,8.21072784937532,7.20676922943295,0.939479760811616,"direct_R_permutation"
"Forest-001","Forest","signal",1,9,1.00395861994236,6.8165412659768,5.81258264603444,0.939479760811616,"direct_R_permutation"
"Forest-001","Forest","signal",1,10,1.00395861994236,7.55853837566492,6.55457975572256,0.939479760811616,"direct_R_permutation"
"Forest-001","Forest","signal",1,11,1.00395861994236,7.74836508025073,6.74440646030836,0.939479760811616,"direct_R_permutation"
"Forest-001","Forest","signal",1,12,1.00395861994236,8.50478953033557,7.5008309103932,0.939479760811616,"direct_R_permutation"
"Forest-001","Forest","signal",1,13,1.00395861994236,7.9496310545143,6.94567243457194,0.939479760811616,"direct_R_permutation"
"Forest-001","Forest","signal",1,14,1.00395861994236,7.12620288253597,6.1222442625936,0.939479760811616,"direct_R_permutation"
"Forest-001","Forest","signal",1,15,1.00395861994236,7.5256877483114,6.52172912836903,0.939479760811616,"direct_R_permutation"
"Forest-001","Forest","signal",1,16,1.00395861994236,7.78004453582402,6.77608591588165,0.939479760811616,"direct_R_permutation"
"Forest-001","Forest","signal",1,17,1.00395861994236,7.48024297816583,6.47628435822347,0.939479760811616,"direct_R_permutation"
"Forest-001","Forest","signal",1,18,1.00395861994236,5.87177588651434,4.86781726657197,0.939479760811616,"direct_R_permutation"
"Forest-001","Forest","signal",1,19,1.00395861994236,8.14720501665964,7.14324639671728,0.939479760811616,"direct_R_permutation"
"Forest-001","Forest","signal",1,20,1.00395861994236,8.75376008890944,7.74980146896707,0.939479760811616,"direct_R_permutation"
"Forest-001","Forest","signal",1,21,1.00395861994236,8.0866234968847,7.08266487694234,0.939479760811616,"direct_R_permutation"
"Forest-001","Forest","signal",1,22,1.00395861994236,7.89429781887642,6.89033919893406,0.939479760811616,"direct_R_permutation"
"Forest-001","Forest","signal",1,23,1.00395861994236,7.94050515429722,6.93654653435486,0.939479760811616,"direct_R_permutation"
"Forest-001","Forest","signal",1,24,1.00395861994236,7.23170892674586,6.22775030680349,0.939479760811616,"direct_R_permutation"
"Forest-001","Forest","signal",1,25,1.00395861994236,8.17523522494744,7.17127660500507,0.939479760811616,"direct_R_permutation"
"Forest-001","Forest","signal",1,26,1.00395861994236,7.39190545155363,6.38794683161127,0.939479760811616,"direct_R_permutation"
"Forest-001","Forest","signal",1,27,1.00395861994236,7.5141515076686,6.51019288772624,0.939479760811616,"direct_R_permutation"
"Forest-001","Forest","signal",1,28,1.00395861994236,6.94260631405492,5.93864769411256,0.939479760811616,"direct_R_permutation"
"Forest-001","Forest","signal",1,29,1.00395861994236,9.03039569429966,8.0264370743573,0.939479760811616,"direct_R_permutation"
"Forest-001","Forest","signal",1,30,1.00395861994236,8.3000509919816,7.29609237203923,0.939479760811616,"direct_R_permutation"
"Forest-001","Forest","proxy",1,1,1.00395861994236,4.29913757559066,3.2951789556483,0.939479760811616,"direct_R_permutation"
"Forest-001","Forest","proxy",1,2,1.00395861994236,3.92988489746322,2.92592627752086,0.939479760811616,"direct_R_permutation"
"Forest-001","Forest","proxy",1,3,1.00395861994236,4.14677280897011,3.14281418902774,0.939479760811616,"direct_R_permutation"
"Forest-001","Forest","proxy",1,4,1.00395861994236,4.09030592755629,3.08634730761393,0.939479760811616,"direct_R_permutation"
"Forest-001","Forest","proxy",1,5,1.00395861994236,4.25468667399859,3.25072805405623,0.939479760811616,"direct_R_permutation"
"Forest-001","Forest","proxy",1,6,1.00395861994236,4.58566965767057,3.58171103772821,0.939479760811616,"direct_R_permutation"
"Forest-001","Forest","proxy",1,7,1.00395861994236,4.5929862843549,3.58902766441254,0.939479760811616,"direct_R_permutation"
"Forest-001","Forest","proxy",1,8,1.00395861994236,4.38717237385083,3.38321375390847,0.939479760811616,"direct_R_permutation"
"Forest-001","Forest","proxy",1,9,1.00395861994236,3.67787969612631,2.67392107618395,0.939479760811616,"direct_R_permutation"
"Forest-001","Forest","proxy",1,10,1.00395861994236,5.02056899029987,4.01661037035751,0.939479760811616,"direct_R_permutation"
"Forest-001","Forest","proxy",1,11,1.00395861994236,3.77252429070836,2.76856567076599,0.939479760811616,"direct_R_permutation"
"Forest-001","Forest","proxy",1,12,1.00395861994236,4.08268910145764,3.07873048151527,0.939479760811616,"direct_R_permutation"
"Forest-001","Forest","proxy",1,13,1.00395861994236,4.39293291711779,3.38897429717543,0.939479760811616,"direct_R_permutation"
"Forest-001","Forest","proxy",1,14,1.00395861994236,4.25517227143701,3.25121365149465,0.939479760811616,"direct_R_permutation"
"Forest-001","Forest","proxy",1,15,1.00395861994236,3.55345793621903,2.54949931627667,0.939479760811616,"direct_R_permutation"
"Forest-001","Forest","proxy",1,16,1.00395861994236,3.87174466522582,2.86778604528346,0.939479760811616,"direct_R_permutation"
"Forest-001","Forest","proxy",1,17,1.00395861994236,4.28787450493466,3.2839158849923,0.939479760811616,"direct_R_permutation"
"Forest-001","Forest","proxy",1,18,1.00395861994236,4.55312683951175,3.54916821956938,0.939479760811616,"direct_R_permutation"
"Forest-001","Forest","proxy",1,19,1.00395861994236,4.09890496789196,3.09494634794959,0.939479760811616,"direct_R_permutation"
"Forest-001","Forest","proxy",1,20,1.00395861994236,4.87123874791,3.86728012796764,0.939479760811616,"direct_R_permutation"
"Forest-001","Forest","proxy",1,21,1.00395861994236,4.38432397598835,3.38036535604598,0.939479760811616,"direct_R_permutation"
"Forest-001","Forest","proxy",1,22,1.00395861994236,4.68855280241133,3.68459418246897,0.939479760811616,"direct_R_permutation"
"Forest-001","Forest","proxy",1,23,1.00395861994236,4.22565837446632,3.22169975452395,0.939479760811616,"direct_R_permutation"
"Forest-001","Forest","proxy",1,24,1.00395861994236,4.73587194081857,3.73191332087621,0.939479760811616,"direct_R_permutation"
"Forest-001","Forest","proxy",1,25,1.00395861994236,3.84509249784425,2.84113387790188,0.939479760811616,"direct_R_permutation"
"Forest-001","Forest","proxy",1,26,1.00395861994236,4.07123333985692,3.06727471991456,0.939479760811616,"direct_R_permutation"
"Forest-001","Forest","proxy",1,27,1.00395861994236,4.37217997357031,3.36822135362795,0.939479760811616,"direct_R_permutation"
"Forest-001","Forest","proxy",1,28,1.00395861994236,4.56026388377249,3.55630526383013,0.939479760811616,"direct_R_permutation"
"Forest-001","Forest","proxy",1,29,1.00395861994236,4.17760715448867,3.17364853454631,0.939479760811616,"direct_R_permutation"
"Forest-001","Forest","proxy",1,30,1.00395861994236,4.02559747044885,3.02163885050649,0.939479760811616,"direct_R_permutation"
"Forest-001","Forest","modifier",1,1,1.00395861994236,1.35149678748731,0.347538167544948,0.939479760811616,"direct_R_permutation"
"Forest-001","Forest","modifier",1,2,1.00395861994236,1.45966310556579,0.455704485623429,0.939479760811616,"direct_R_permutation"
"Forest-001","Forest","modifier",1,3,1.00395861994236,1.35731360994618,0.353354990003818,0.939479760811616,"direct_R_permutation"
"Forest-001","Forest","modifier",1,4,1.00395861994236,1.41880614284781,0.414847522905448,0.939479760811616,"direct_R_permutation"
"Forest-001","Forest","modifier",1,5,1.00395861994236,1.35867586916363,0.354717249221264,0.939479760811616,"direct_R_permutation"
"Forest-001","Forest","modifier",1,6,1.00395861994236,1.34099955210166,0.337040932159292,0.939479760811616,"direct_R_permutation"
"Forest-001","Forest","modifier",1,7,1.00395861994236,1.51815582088156,0.514197200939199,0.939479760811616,"direct_R_permutation"
"Forest-001","Forest","modifier",1,8,1.00395861994236,1.2739554725279,0.269996852585536,0.939479760811616,"direct_R_permutation"
"Forest-001","Forest","modifier",1,9,1.00395861994236,1.32544340113062,0.321484781188254,0.939479760811616,"direct_R_permutation"
"Forest-001","Forest","modifier",1,10,1.00395861994236,1.32257562133202,0.318617001389657,0.939479760811616,"direct_R_permutation"
"Forest-001","Forest","modifier",1,11,1.00395861994236,1.30836845297719,0.304409833034822,0.939479760811616,"direct_R_permutation"
"Forest-001","Forest","modifier",1,12,1.00395861994236,1.24743573513627,0.243477115193902,0.939479760811616,"direct_R_permutation"
"Forest-001","Forest","modifier",1,13,1.00395861994236,1.29911393089269,0.295155310950328,0.939479760811616,"direct_R_permutation"
"Forest-001","Forest","modifier",1,14,1.00395861994236,1.44689082945801,0.442932209515649,0.939479760811616,"direct_R_permutation"
"Forest-001","Forest","modifier",1,15,1.00395861994236,1.27090955922171,0.266950939279341,0.939479760811616,"direct_R_permutation"
"Forest-001","Forest","modifier",1,16,1.00395861994236,1.35441931765576,0.350460697713393,0.939479760811616,"direct_R_permutation"
"Forest-001","Forest","modifier",1,17,1.00395861994236,1.31109699499033,0.307138375047963,0.939479760811616,"direct_R_permutation"
"Forest-001","Forest","modifier",1,18,1.00395861994236,1.47373202908148,0.469773409139116,0.939479760811616,"direct_R_permutation"
"Forest-001","Forest","modifier",1,19,1.00395861994236,1.27857632705714,0.274617707114774,0.939479760811616,"direct_R_permutation"
"Forest-001","Forest","modifier",1,20,1.00395861994236,1.52787621421025,0.52391759426789,0.939479760811616,"direct_R_permutation"
"Forest-001","Forest","modifier",1,21,1.00395861994236,1.47109684168119,0.467138221738827,0.939479760811616,"direct_R_permutation"
"Forest-001","Forest","modifier",1,22,1.00395861994236,1.50043373408908,0.49647511414672,0.939479760811616,"direct_R_permutation"
"Forest-001","Forest","modifier",1,23,1.00395861994236,1.32303519563511,0.319076575692745,0.939479760811616,"direct_R_permutation"
"Forest-001","Forest","modifier",1,24,1.00395861994236,1.30317711782814,0.299218497885779,0.939479760811616,"direct_R_permutation"
"Forest-001","Forest","modifier",1,25,1.00395861994236,1.33788508131848,0.333926461376116,0.939479760811616,"direct_R_permutation"
"Forest-001","Forest","modifier",1,26,1.00395861994236,1.50227133835984,0.498312718417471,0.939479760811616,"direct_R_permutation"
"Forest-001","Forest","modifier",1,27,1.00395861994236,1.17203057133946,0.168071951397097,0.939479760811616,"direct_R_permutation"
"Forest-001","Forest","modifier",1,28,1.00395861994236,1.46717448394636,0.463215864003995,0.939479760811616,"direct_R_permutation"
"Forest-001","Forest","modifier",1,29,1.00395861994236,1.26395923070993,0.260000610767567,0.939479760811616,"direct_R_permutation"
"Forest-001","Forest","modifier",1,30,1.00395861994236,1.39084938742681,0.386890767484446,0.939479760811616,"direct_R_permutation"
"Forest-001","Forest","noise",1,1,1.00395861994236,0.991987259992385,-0.0119713599499794,0.939479760811616,"direct_R_permutation"
"Forest-001","Forest","noise",1,2,1.00395861994236,1.05307786131123,0.0491192413688615,0.939479760811616,"direct_R_permutation"
"Forest-001","Forest","noise",1,3,1.00395861994236,1.03781902811781,0.0338604081754437,0.939479760811616,"direct_R_permutation"
"Forest-001","Forest","noise",1,4,1.00395861994236,1.09320334029167,0.0892447203493059,0.939479760811616,"direct_R_permutation"
"Forest-001","Forest","noise",1,5,1.00395861994236,1.04914966707673,0.0451910471343651,0.939479760811616,"direct_R_permutation"
"Forest-001","Forest","noise",1,6,1.00395861994236,1.09729516686849,0.0933365469261225,0.939479760811616,"direct_R_permutation"
"Forest-001","Forest","noise",1,7,1.00395861994236,1.07341376065492,0.0694551407125508,0.939479760811616,"direct_R_permutation"
"Forest-001","Forest","noise",1,8,1.00395861994236,1.04124153454658,0.0372829146042115,0.939479760811616,"direct_R_permutation"
"Forest-001","Forest","noise",1,9,1.00395861994236,1.07792656623191,0.0739679462895448,0.939479760811616,"direct_R_permutation"
"Forest-001","Forest","noise",1,10,1.00395861994236,1.08223442583635,0.0782758058939859,0.939479760811616,"direct_R_permutation"
"Forest-001","Forest","noise",1,11,1.00395861994236,1.02920089222028,0.0252422722779166,0.939479760811616,"direct_R_permutation"
"Forest-001","Forest","noise",1,12,1.00395861994236,1.08032818141429,0.0763695614719231,0.939479760811616,"direct_R_permutation"
"Forest-001","Forest","noise",1,13,1.00395861994236,1.07522022220649,0.0712616022641277,0.939479760811616,"direct_R_permutation"
"Forest-001","Forest","noise",1,14,1.00395861994236,0.995475071386993,-0.00848354855537159,0.939479760811616,"direct_R_permutation"
"Forest-001","Forest","noise",1,15,1.00395861994236,1.04742737974793,0.0434687598055699,0.939479760811616,"direct_R_permutation"
"Forest-001","Forest","noise",1,16,1.00395861994236,1.05636843180474,0.0524098118623766,0.939479760811616,"direct_R_permutation"
"Forest-001","Forest","noise",1,17,1.00395861994236,1.04025564583151,0.0362970258891422,0.939479760811616,"direct_R_permutation"
"Forest-001","Forest","noise",1,18,1.00395861994236,1.09334696342889,0.0893883434865252,0.939479760811616,"direct_R_permutation"
"Forest-001","Forest","noise",1,19,1.00395861994236,1.09253058304249,0.0885719631001296,0.939479760811616,"direct_R_permutation"
"Forest-001","Forest","noise",1,20,1.00395861994236,1.14852240884242,0.144563788900057,0.939479760811616,"direct_R_permutation"
"Forest-001","Forest","noise",1,21,1.00395861994236,1.03965022355051,0.0356916036081505,0.939479760811616,"direct_R_permutation"
"Forest-001","Forest","noise",1,22,1.00395861994236,1.07456819598014,0.0706095760377803,0.939479760811616,"direct_R_permutation"
"Forest-001","Forest","noise",1,23,1.00395861994236,1.08145701769328,0.0774983977509145,0.939479760811616,"direct_R_permutation"
"Forest-001","Forest","noise",1,24,1.00395861994236,1.04337512979191,0.0394165098495474,0.939479760811616,"direct_R_permutation"
"Forest-001","Forest","noise",1,25,1.00395861994236,1.05217773698895,0.0482191170465902,0.939479760811616,"direct_R_permutation"
"Forest-001","Forest","noise",1,26,1.00395861994236,1.09703937467818,0.0930807547358137,0.939479760811616,"direct_R_permutation"
"Forest-001","Forest","noise",1,27,1.00395861994236,1.07052468225717,0.0665660623148094,0.939479760811616,"direct_R_permutation"
"Forest-001","Forest","noise",1,28,1.00395861994236,1.05083959121598,0.0468809712736185,0.939479760811616,"direct_R_permutation"
"Forest-001","Forest","noise",1,29,1.00395861994236,1.03323979977994,0.0292811798375754,0.939479760811616,"direct_R_permutation"
"Forest-001","Forest","noise",1,30,1.00395861994236,1.01509055670045,0.0111319367580871,0.939479760811616,"direct_R_permutation"
"Forest-002","Forest","signal",1,1,0.831518754281138,9.26009167988585,8.42857292560471,0.835628340865457,"direct_R_permutation"
"Forest-002","Forest","signal",1,2,0.831518754281138,9.13745424608824,8.3059354918071,0.835628340865457,"direct_R_permutation"
"Forest-002","Forest","signal",1,3,0.831518754281138,9.8380798747321,9.00656112045096,0.835628340865457,"direct_R_permutation"
"Forest-002","Forest","signal",1,4,0.831518754281138,8.69253674034002,7.86101798605888,0.835628340865457,"direct_R_permutation"
"Forest-002","Forest","signal",1,5,0.831518754281138,8.66725697284255,7.83573821856141,0.835628340865457,"direct_R_permutation"
"Forest-002","Forest","signal",1,6,0.831518754281138,10.4295261328216,9.59800737854049,0.835628340865457,"direct_R_permutation"
"Forest-002","Forest","signal",1,7,0.831518754281138,10.5490189043937,9.71750015011252,0.835628340865457,"direct_R_permutation"
"Forest-002","Forest","signal",1,8,0.831518754281138,9.69563506479501,8.86411631051388,0.835628340865457,"direct_R_permutation"
"Forest-002","Forest","signal",1,9,0.831518754281138,8.16647794024428,7.33495918596315,0.835628340865457,"direct_R_permutation"
"Forest-002","Forest","signal",1,10,0.831518754281138,8.85058427936138,8.01906552508024,0.835628340865457,"direct_R_permutation"
"Forest-002","Forest","signal",1,11,0.831518754281138,9.15624915132279,8.32473039704165,0.835628340865457,"direct_R_permutation"
"Forest-002","Forest","signal",1,12,0.831518754281138,10.1915209650778,9.3600022107967,0.835628340865457,"direct_R_permutation"
"Forest-002","Forest","signal",1,13,0.831518754281138,9.49473437009524,8.6632156158141,0.835628340865457,"direct_R_permutation"
"Forest-002","Forest","signal",1,14,0.831518754281138,8.48452320506916,7.65300445078802,0.835628340865457,"direct_R_permutation"
"Forest-002","Forest","signal",1,15,0.831518754281138,9.06918032594606,8.23766157166492,0.835628340865457,"direct_R_permutation"
"Forest-002","Forest","signal",1,16,0.831518754281138,9.26697975393556,8.43546099965442,0.835628340865457,"direct_R_permutation"
"Forest-002","Forest","signal",1,17,0.831518754281138,8.93572475119031,8.10420599690917,0.835628340865457,"direct_R_permutation"
"Forest-002","Forest","signal",1,18,0.831518754281138,7.05494021464291,6.22342146036178,0.835628340865457,"direct_R_permutation"
"Forest-002","Forest","signal",1,19,0.831518754281138,9.67544230243261,8.84392354815147,0.835628340865457,"direct_R_permutation"
"Forest-002","Forest","signal",1,20,0.831518754281138,10.4876915404695,9.65617278618833,0.835628340865457,"direct_R_permutation"
"Forest-002","Forest","signal",1,21,0.831518754281138,9.64404242189273,8.81252366761159,0.835628340865457,"direct_R_permutation"
"Forest-002","Forest","signal",1,22,0.831518754281138,9.41339018459806,8.58187143031692,0.835628340865457,"direct_R_permutation"
"Forest-002","Forest","signal",1,23,0.831518754281138,9.36981624710729,8.53829749282616,0.835628340865457,"direct_R_permutation"
"Forest-002","Forest","signal",1,24,0.831518754281138,8.51224168188037,7.68072292759923,0.835628340865457,"direct_R_permutation"
"Forest-002","Forest","signal",1,25,0.831518754281138,9.69860399695605,8.86708524267491,0.835628340865457,"direct_R_permutation"
"Forest-002","Forest","signal",1,26,0.831518754281138,8.88636593122683,8.05484717694569,0.835628340865457,"direct_R_permutation"
"Forest-002","Forest","signal",1,27,0.831518754281138,9.13654408823209,8.30502533395095,0.835628340865457,"direct_R_permutation"
"Forest-002","Forest","signal",1,28,0.831518754281138,8.32225313548602,7.49073438120488,0.835628340865457,"direct_R_permutation"
"Forest-002","Forest","signal",1,29,0.831518754281138,10.8960807556526,10.0645620013714,0.835628340865457,"direct_R_permutation"
"Forest-002","Forest","signal",1,30,0.831518754281138,9.85283802085924,9.0213192665781,0.835628340865457,"direct_R_permutation"
"Forest-002","Forest","proxy",1,1,0.831518754281138,3.3387230745699,2.50720432028876,0.835628340865457,"direct_R_permutation"
"Forest-002","Forest","proxy",1,2,0.831518754281138,3.01736394473165,2.18584519045051,0.835628340865457,"direct_R_permutation"
"Forest-002","Forest","proxy",1,3,0.831518754281138,3.16398994299835,2.33247118871721,0.835628340865457,"direct_R_permutation"
"Forest-002","Forest","proxy",1,4,0.831518754281138,3.29893635485144,2.4674176005703,0.835628340865457,"direct_R_permutation"
"Forest-002","Forest","proxy",1,5,0.831518754281138,3.25557523327042,2.42405647898928,0.835628340865457,"direct_R_permutation"
"Forest-002","Forest","proxy",1,6,0.831518754281138,3.55212824860025,2.72060949431911,0.835628340865457,"direct_R_permutation"
"Forest-002","Forest","proxy",1,7,0.831518754281138,3.60387291449106,2.77235416020992,0.835628340865457,"direct_R_permutation"
"Forest-002","Forest","proxy",1,8,0.831518754281138,3.39053976818527,2.55902101390413,0.835628340865457,"direct_R_permutation"
"Forest-002","Forest","proxy",1,9,0.831518754281138,2.82232277187953,1.99080401759839,0.835628340865457,"direct_R_permutation"
"Forest-002","Forest","proxy",1,10,0.831518754281138,3.97951264734883,3.14799389306769,0.835628340865457,"direct_R_permutation"
"Forest-002","Forest","proxy",1,11,0.831518754281138,2.8515880657126,2.02006931143146,0.835628340865457,"direct_R_permutation"
"Forest-002","Forest","proxy",1,12,0.831518754281138,3.1022803184017,2.27076156412056,0.835628340865457,"direct_R_permutation"
"Forest-002","Forest","proxy",1,13,0.831518754281138,3.45079086117228,2.61927210689114,0.835628340865457,"direct_R_permutation"
"Forest-002","Forest","proxy",1,14,0.831518754281138,3.25730391687964,2.4257851625985,0.835628340865457,"direct_R_permutation"
"Forest-002","Forest","proxy",1,15,0.831518754281138,2.74691387715548,1.91539512287434,0.835628340865457,"direct_R_permutation"
"Forest-002","Forest","proxy",1,16,0.831518754281138,2.99287681349267,2.16135805921153,0.835628340865457,"direct_R_permutation"
"Forest-002","Forest","proxy",1,17,0.831518754281138,3.42061012055491,2.58909136627378,0.835628340865457,"direct_R_permutation"
"Forest-002","Forest","proxy",1,18,0.831518754281138,3.57538343191992,2.74386467763878,0.835628340865457,"direct_R_permutation"
"Forest-002","Forest","proxy",1,19,0.831518754281138,3.20379420161143,2.3722754473303,0.835628340865457,"direct_R_permutation"
"Forest-002","Forest","proxy",1,20,0.831518754281138,3.77580114712772,2.94428239284658,0.835628340865457,"direct_R_permutation"
"Forest-002","Forest","proxy",1,21,0.831518754281138,3.47736249830606,2.64584374402492,0.835628340865457,"direct_R_permutation"
"Forest-002","Forest","proxy",1,22,0.831518754281138,3.68471830629247,2.85319955201133,0.835628340865457,"direct_R_permutation"
"Forest-002","Forest","proxy",1,23,0.831518754281138,3.34422267328999,2.51270391900885,0.835628340865457,"direct_R_permutation"
"Forest-002","Forest","proxy",1,24,0.831518754281138,3.65324733475829,2.82172858047715,0.835628340865457,"direct_R_permutation"
"Forest-002","Forest","proxy",1,25,0.831518754281138,2.97086001138094,2.13934125709981,0.835628340865457,"direct_R_permutation"
"Forest-002","Forest","proxy",1,26,0.831518754281138,3.14281127975804,2.3112925254769,0.835628340865457,"direct_R_permutation"
"Forest-002","Forest","proxy",1,27,0.831518754281138,3.42103428217831,2.58951552789717,0.835628340865457,"direct_R_permutation"
"Forest-002","Forest","proxy",1,28,0.831518754281138,3.54109532212494,2.7095765678438,0.835628340865457,"direct_R_permutation"
"Forest-002","Forest","proxy",1,29,0.831518754281138,3.24820872658912,2.41668997230798,0.835628340865457,"direct_R_permutation"
"Forest-002","Forest","proxy",1,30,0.831518754281138,3.04171841852511,2.21019966424397,0.835628340865457,"direct_R_permutation"
"Forest-002","Forest","modifier",1,1,0.831518754281138,1.11389660838479,0.282377854103652,0.835628340865457,"direct_R_permutation"
"Forest-002","Forest","modifier",1,2,0.831518754281138,1.15393098430516,0.322412230024022,0.835628340865457,"direct_R_permutation"
"Forest-002","Forest","modifier",1,3,0.831518754281138,1.10922103765491,0.277702283373775,0.835628340865457,"direct_R_permutation"
"Forest-002","Forest","modifier",1,4,0.831518754281138,1.13589897789645,0.304380223615314,0.835628340865457,"direct_R_permutation"
"Forest-002","Forest","modifier",1,5,0.831518754281138,1.1417019329598,0.310183178678658,0.835628340865457,"direct_R_permutation"
"Forest-002","Forest","modifier",1,6,0.831518754281138,1.08467424659179,0.253155492310653,0.835628340865457,"direct_R_permutation"
"Forest-002","Forest","modifier",1,7,0.831518754281138,1.18764336685844,0.356124612577302,0.835628340865457,"direct_R_permutation"
"Forest-002","Forest","modifier",1,8,0.831518754281138,1.05961900253233,0.228100248251194,0.835628340865457,"direct_R_permutation"
"Forest-002","Forest","modifier",1,9,0.831518754281138,1.09813772941881,0.266618975137674,0.835628340865457,"direct_R_permutation"
"Forest-002","Forest","modifier",1,10,0.831518754281138,1.10863302190711,0.277114267625974,0.835628340865457,"direct_R_permutation"
"Forest-002","Forest","modifier",1,11,0.831518754281138,1.0963577186772,0.26483896439606,0.835628340865457,"direct_R_permutation"
"Forest-002","Forest","modifier",1,12,0.831518754281138,1.0331077563025,0.201589002021361,0.835628340865457,"direct_R_permutation"
"Forest-002","Forest","modifier",1,13,0.831518754281138,1.04814991437848,0.216631160097342,0.835628340865457,"direct_R_permutation"
"Forest-002","Forest","modifier",1,14,0.831518754281138,1.13690866131564,0.305389907034498,0.835628340865457,"direct_R_permutation"
"Forest-002","Forest","modifier",1,15,0.831518754281138,1.10135685459587,0.26983810031473,0.835628340865457,"direct_R_permutation"
"Forest-002","Forest","modifier",1,16,0.831518754281138,1.11428186839345,0.282763114112312,0.835628340865457,"direct_R_permutation"
"Forest-002","Forest","modifier",1,17,0.831518754281138,1.13534650891414,0.303827754633,0.835628340865457,"direct_R_permutation"
"Forest-002","Forest","modifier",1,18,0.831518754281138,1.14432008136723,0.312801327086093,0.835628340865457,"direct_R_permutation"
"Forest-002","Forest","modifier",1,19,0.831518754281138,1.05537811715375,0.223859362872616,0.835628340865457,"direct_R_permutation"
"Forest-002","Forest","modifier",1,20,0.831518754281138,1.18396270239295,0.352443948111807,0.835628340865457,"direct_R_permutation"
"Forest-002","Forest","modifier",1,21,0.831518754281138,1.19384093476799,0.362322180486854,0.835628340865457,"direct_R_permutation"
"Forest-002","Forest","modifier",1,22,0.831518754281138,1.20418849713224,0.372669742851101,0.835628340865457,"direct_R_permutation"
"Forest-002","Forest","modifier",1,23,0.831518754281138,1.12063194061858,0.289113186337437,0.835628340865457,"direct_R_permutation"
"Forest-002","Forest","modifier",1,24,0.831518754281138,1.08667774409089,0.255158989809753,0.835628340865457,"direct_R_permutation"
"Forest-002","Forest","modifier",1,25,0.831518754281138,1.06395451289264,0.2324357586115,0.835628340865457,"direct_R_permutation"
"Forest-002","Forest","modifier",1,26,0.831518754281138,1.21814681746177,0.386628063180636,0.835628340865457,"direct_R_permutation"
"Forest-002","Forest","modifier",1,27,0.831518754281138,1.00029369447802,0.168774940196885,0.835628340865457,"direct_R_permutation"
"Forest-002","Forest","modifier",1,28,0.831518754281138,1.20085434643785,0.369335592156714,0.835628340865457,"direct_R_permutation"
"Forest-002","Forest","modifier",1,29,0.831518754281138,1.06842321065652,0.236904456375382,0.835628340865457,"direct_R_permutation"
"Forest-002","Forest","modifier",1,30,0.831518754281138,1.18512949508153,0.353610740800389,0.835628340865457,"direct_R_permutation"
"Forest-002","Forest","noise",1,1,0.831518754281138,0.814212136422135,-0.0173066178590033,0.835628340865457,"direct_R_permutation"
"Forest-002","Forest","noise",1,2,0.831518754281138,0.857232405026765,0.0257136507456261,0.835628340865457,"direct_R_permutation"
"Forest-002","Forest","noise",1,3,0.831518754281138,0.84009025903517,0.00857150475403201,0.835628340865457,"direct_R_permutation"
"Forest-002","Forest","noise",1,4,0.831518754281138,0.846419649385906,0.0149008951047674,0.835628340865457,"direct_R_permutation"
"Forest-002","Forest","noise",1,5,0.831518754281138,0.87282769123376,0.0413089369526215,0.835628340865457,"direct_R_permutation"
"Forest-002","Forest","noise",1,6,0.831518754281138,0.855172543260733,0.023653788979595,0.835628340865457,"direct_R_permutation"
"Forest-002","Forest","noise",1,7,0.831518754281138,0.878478711488157,0.0469599572070188,0.835628340865457,"direct_R_permutation"
"Forest-002","Forest","noise",1,8,0.831518754281138,0.855965467078706,0.0244467127975675,0.835628340865457,"direct_R_permutation"
"Forest-002","Forest","noise",1,9,0.831518754281138,0.86560882349945,0.0340900692183118,0.835628340865457,"direct_R_permutation"
"Forest-002","Forest","noise",1,10,0.831518754281138,0.859372172533008,0.0278534182518692,0.835628340865457,"direct_R_permutation"
"Forest-002","Forest","noise",1,11,0.831518754281138,0.839863041685175,0.00834428740403659,0.835628340865457,"direct_R_permutation"
"Forest-002","Forest","noise",1,12,0.831518754281138,0.893220498634438,0.0617017443533,0.835628340865457,"direct_R_permutation"
"Forest-002","Forest","noise",1,13,0.831518754281138,0.863968859276041,0.0324501049949026,0.835628340865457,"direct_R_permutation"
"Forest-002","Forest","noise",1,14,0.831518754281138,0.810175542605346,-0.0213432116757921,0.835628340865457,"direct_R_permutation"
"Forest-002","Forest","noise",1,15,0.831518754281138,0.861850971122874,0.0303322168417358,0.835628340865457,"direct_R_permutation"
"Forest-002","Forest","noise",1,16,0.831518754281138,0.860561858858191,0.0290431045770526,0.835628340865457,"direct_R_permutation"
"Forest-002","Forest","noise",1,17,0.831518754281138,0.882894552380838,0.0513757980996998,0.835628340865457,"direct_R_permutation"
"Forest-002","Forest","noise",1,18,0.831518754281138,0.895945085992782,0.0644263317116437,0.835628340865457,"direct_R_permutation"
"Forest-002","Forest","noise",1,19,0.831518754281138,0.883326624123329,0.0518078698421902,0.835628340865457,"direct_R_permutation"
"Forest-002","Forest","noise",1,20,0.831518754281138,0.902099120765792,0.0705803664846534,0.835628340865457,"direct_R_permutation"
"Forest-002","Forest","noise",1,21,0.831518754281138,0.81417700306284,-0.0173417512182987,0.835628340865457,"direct_R_permutation"
"Forest-002","Forest","noise",1,22,0.831518754281138,0.863225447819675,0.0317066935385368,0.835628340865457,"direct_R_permutation"
"Forest-002","Forest","noise",1,23,0.831518754281138,0.864459019831471,0.0329402655503329,0.835628340865457,"direct_R_permutation"
"Forest-002","Forest","noise",1,24,0.831518754281138,0.840859010468592,0.00934025618745393,0.835628340865457,"direct_R_permutation"
"Forest-002","Forest","noise",1,25,0.831518754281138,0.857767615163362,0.0262488608822231,0.835628340865457,"direct_R_permutation"
"Forest-002","Forest","noise",1,26,0.831518754281138,0.889166633219178,0.0576478789380397,0.835628340865457,"direct_R_permutation"
"Forest-002","Forest","noise",1,27,0.831518754281138,0.864476210734448,0.0329574564533099,0.835628340865457,"direct_R_permutation"
"Forest-002","Forest","noise",1,28,0.831518754281138,0.836619195475854,0.00510044119471553,0.835628340865457,"direct_R_permutation"
"Forest-002","Forest","noise",1,29,0.831518754281138,0.874125221382118,0.0426064671009792,0.835628340865457,"direct_R_permutation"
"Forest-002","Forest","noise",1,30,0.831518754281138,0.819675269784859,-0.0118434844962798,0.835628340865457,"direct_R_permutation"
"Forest-003","Forest","signal",1,1,0.79441232219481,17.6134095701445,16.8189972479497,0.841670863396797,"direct_R_permutation"
"Forest-003","Forest","signal",1,2,0.79441232219481,17.6825725555305,16.8881602333357,0.841670863396797,"direct_R_permutation"
"Forest-003","Forest","signal",1,3,0.79441232219481,19.0923262227482,18.2979139005534,0.841670863396797,"direct_R_permutation"
"Forest-003","Forest","signal",1,4,0.79441232219481,17.5499575684925,16.7555452462977,0.841670863396797,"direct_R_permutation"
"Forest-003","Forest","signal",1,5,0.79441232219481,17.3759263937371,16.5815140715423,0.841670863396797,"direct_R_permutation"
"Forest-003","Forest","signal",1,6,0.79441232219481,19.8184613172104,19.0240489950156,0.841670863396797,"direct_R_permutation"
"Forest-003","Forest","signal",1,7,0.79441232219481,20.886288755477,20.0918764332821,0.841670863396797,"direct_R_permutation"
"Forest-003","Forest","signal",1,8,0.79441232219481,19.1378376097523,18.3434252875574,0.841670863396797,"direct_R_permutation"
"Forest-003","Forest","signal",1,9,0.79441232219481,15.6742062718596,14.8797939496648,0.841670863396797,"direct_R_permutation"
"Forest-003","Forest","signal",1,10,0.79441232219481,17.4054280756491,16.6110157534542,0.841670863396797,"direct_R_permutation"
"Forest-003","Forest","signal",1,11,0.79441232219481,18.0734080741332,17.2789957519384,0.841670863396797,"direct_R_permutation"
"Forest-003","Forest","signal",1,12,0.79441232219481,20.0847285794992,19.2903162573044,0.841670863396797,"direct_R_permutation"
"Forest-003","Forest","signal",1,13,0.79441232219481,18.7903282413186,17.9959159191238,0.841670863396797,"direct_R_permutation"
"Forest-003","Forest","signal",1,14,0.79441232219481,16.3342798803637,15.5398675581689,0.841670863396797,"direct_R_permutation"
"Forest-003","Forest","signal",1,15,0.79441232219481,18.3207859603941,17.5263736381993,0.841670863396797,"direct_R_permutation"
"Forest-003","Forest","signal",1,16,0.79441232219481,17.4939305926953,16.6995182705005,0.841670863396797,"direct_R_permutation"
"Forest-003","Forest","signal",1,17,0.79441232219481,17.5299038052716,16.7354914830768,0.841670863396797,"direct_R_permutation"
"Forest-003","Forest","signal",1,18,0.79441232219481,13.0874179867614,12.2930056645666,0.841670863396797,"direct_R_permutation"
"Forest-003","Forest","signal",1,19,0.79441232219481,19.3929200950236,18.5985077728288,0.841670863396797,"direct_R_permutation"
"Forest-003","Forest","signal",1,20,0.79441232219481,20.6563519794128,19.861939657218,0.841670863396797,"direct_R_permutation"
"Forest-003","Forest","signal",1,21,0.79441232219481,19.053563446859,18.2591511246642,0.841670863396797,"direct_R_permutation"
"Forest-003","Forest","signal",1,22,0.79441232219481,18.4265690575982,17.6321567354034,0.841670863396797,"direct_R_permutation"
"Forest-003","Forest","signal",1,23,0.79441232219481,18.099995875037,17.3055835528421,0.841670863396797,"direct_R_permutation"
"Forest-003","Forest","signal",1,24,0.79441232219481,16.7390325123518,15.9446201901569,0.841670863396797,"direct_R_permutation"
"Forest-003","Forest","signal",1,25,0.79441232219481,19.7020299988764,18.9076176766816,0.841670863396797,"direct_R_permutation"
"Forest-003","Forest","signal",1,26,0.79441232219481,17.1970927019577,16.4026803797629,0.841670863396797,"direct_R_permutation"
"Forest-003","Forest","signal",1,27,0.79441232219481,17.7861918556191,16.9917795334243,0.841670863396797,"direct_R_permutation"
"Forest-003","Forest","signal",1,28,0.79441232219481,16.1030975734268,15.308685251232,0.841670863396797,"direct_R_permutation"
"Forest-003","Forest","signal",1,29,0.79441232219481,21.0365263232696,20.2421140010748,0.841670863396797,"direct_R_permutation"
"Forest-003","Forest","signal",1,30,0.79441232219481,19.2401625755825,18.4457502533877,0.841670863396797,"direct_R_permutation"
"Forest-003","Forest","proxy",1,1,0.79441232219481,0.892663308612827,0.0982509864180163,0.841670863396797,"direct_R_permutation"
"Forest-003","Forest","proxy",1,2,0.79441232219481,0.91509749323911,0.1206851710443,0.841670863396797,"direct_R_permutation"
"Forest-003","Forest","proxy",1,3,0.79441232219481,0.90852900410075,0.11411668190594,0.841670863396797,"direct_R_permutation"
"Forest-003","Forest","proxy",1,4,0.79441232219481,0.930513840847009,0.136101518652199,0.841670863396797,"direct_R_permutation"
"Forest-003","Forest","proxy",1,5,0.79441232219481,0.923774031112242,0.129361708917432,0.841670863396797,"direct_R_permutation"
"Forest-003","Forest","proxy",1,6,0.79441232219481,0.880738136385483,0.0863258141906725,0.841670863396797,"direct_R_permutation"
"Forest-003","Forest","proxy",1,7,0.79441232219481,0.933011831259926,0.138599509065116,0.841670863396797,"direct_R_permutation"
"Forest-003","Forest","proxy",1,8,0.79441232219481,0.898864958412821,0.10445263621801,0.841670863396797,"direct_R_permutation"
"Forest-003","Forest","proxy",1,9,0.79441232219481,0.865089198353915,0.0706768761591051,0.841670863396797,"direct_R_permutation"
"Forest-003","Forest","proxy",1,10,0.79441232219481,0.889759417124495,0.0953470949296853,0.841670863396797,"direct_R_permutation"
"Forest-003","Forest","proxy",1,11,0.79441232219481,0.914198918960436,0.119786596765626,0.841670863396797,"direct_R_permutation"
"Forest-003","Forest","proxy",1,12,0.79441232219481,0.896842814668712,0.102430492473902,0.841670863396797,"direct_R_permutation"
"Forest-003","Forest","proxy",1,13,0.79441232219481,0.890604456324007,0.0961921341291965,0.841670863396797,"direct_R_permutation"
"Forest-003","Forest","proxy",1,14,0.79441232219481,0.933384707802115,0.138972385607305,0.841670863396797,"direct_R_permutation"
"Forest-003","Forest","proxy",1,15,0.79441232219481,0.926727050836988,0.132314728642178,0.841670863396797,"direct_R_permutation"
"Forest-003","Forest","proxy",1,16,0.79441232219481,0.872230913873771,0.0778185916789607,0.841670863396797,"direct_R_permutation"
"Forest-003","Forest","proxy",1,17,0.79441232219481,0.897881951542567,0.103469629347757,0.841670863396797,"direct_R_permutation"
"Forest-003","Forest","proxy",1,18,0.79441232219481,0.947547033897558,0.153134711702748,0.841670863396797,"direct_R_permutation"
"Forest-003","Forest","proxy",1,19,0.79441232219481,0.897429292794276,0.103016970599465,0.841670863396797,"direct_R_permutation"
"Forest-003","Forest","proxy",1,20,0.79441232219481,0.88154310294327,0.0871307807484599,0.841670863396797,"direct_R_permutation"
"Forest-003","Forest","proxy",1,21,0.79441232219481,0.915229419670513,0.120817097475703,0.841670863396797,"direct_R_permutation"
"Forest-003","Forest","proxy",1,22,0.79441232219481,0.88687285100479,0.0924605288099802,0.841670863396797,"direct_R_permutation"
"Forest-003","Forest","proxy",1,23,0.79441232219481,0.885890560584442,0.0914782383896315,0.841670863396797,"direct_R_permutation"
"Forest-003","Forest","proxy",1,24,0.79441232219481,0.917134184113716,0.122721861918905,0.841670863396797,"direct_R_permutation"
"Forest-003","Forest","proxy",1,25,0.79441232219481,0.882484078808024,0.0880717566132136,0.841670863396797,"direct_R_permutation"
"Forest-003","Forest","proxy",1,26,0.79441232219481,0.885537833745307,0.0911255115504968,0.841670863396797,"direct_R_permutation"
"Forest-003","Forest","proxy",1,27,0.79441232219481,0.891765173546789,0.0973528513519785,0.841670863396797,"direct_R_permutation"
"Forest-003","Forest","proxy",1,28,0.79441232219481,0.890377761230838,0.0959654390360283,0.841670863396797,"direct_R_permutation"
"Forest-003","Forest","proxy",1,29,0.79441232219481,0.888280612304066,0.0938682901092561,0.841670863396797,"direct_R_permutation"
"Forest-003","Forest","proxy",1,30,0.79441232219481,0.885021081557829,0.0906087593630186,0.841670863396797,"direct_R_permutation"
"Forest-003","Forest","modifier",1,1,0.79441232219481,1.10515426740709,0.310741945212283,0.841670863396797,"direct_R_permutation"
"Forest-003","Forest","modifier",1,2,0.79441232219481,1.11871560853642,0.324303286341612,0.841670863396797,"direct_R_permutation"
"Forest-003","Forest","modifier",1,3,0.79441232219481,1.05859550600381,0.264183183809001,0.841670863396797,"direct_R_permutation"
"Forest-003","Forest","modifier",1,4,0.79441232219481,1.07782783272282,0.283415510528006,0.841670863396797,"direct_R_permutation"
"Forest-003","Forest","modifier",1,5,0.79441232219481,1.14230374302002,0.347891420825214,0.841670863396797,"direct_R_permutation"
"Forest-003","Forest","modifier",1,6,0.79441232219481,1.03928113029084,0.244868808096026,0.841670863396797,"direct_R_permutation"
"Forest-003","Forest","modifier",1,7,0.79441232219481,1.19487074398465,0.400458421789841,0.841670863396797,"direct_R_permutation"
"Forest-003","Forest","modifier",1,8,0.79441232219481,1.02981518730603,0.235402865111221,0.841670863396797,"direct_R_permutation"
"Forest-003","Forest","modifier",1,9,0.79441232219481,1.09090812057496,0.296495798380147,0.841670863396797,"direct_R_permutation"
"Forest-003","Forest","modifier",1,10,0.79441232219481,1.096230682166,0.30181835997119,0.841670863396797,"direct_R_permutation"
"Forest-003","Forest","modifier",1,11,0.79441232219481,1.08572028550496,0.291307963310146,0.841670863396797,"direct_R_permutation"
"Forest-003","Forest","modifier",1,12,0.79441232219481,1.02184724696604,0.227434924771233,0.841670863396797,"direct_R_permutation"
"Forest-003","Forest","modifier",1,13,0.79441232219481,1.04592108519306,0.251508762998247,0.841670863396797,"direct_R_permutation"
"Forest-003","Forest","modifier",1,14,0.79441232219481,1.09470527547439,0.300292953279583,0.841670863396797,"direct_R_permutation"
"Forest-003","Forest","modifier",1,15,0.79441232219481,1.09590138277755,0.301489060582744,0.841670863396797,"direct_R_permutation"
"Forest-003","Forest","modifier",1,16,0.79441232219481,1.07020434292995,0.275792020735144,0.841670863396797,"direct_R_permutation"
"Forest-003","Forest","modifier",1,17,0.79441232219481,1.13188790299615,0.33747558080134,0.841670863396797,"direct_R_permutation"
"Forest-003","Forest","modifier",1,18,0.79441232219481,1.09634584187212,0.301933519677305,0.841670863396797,"direct_R_permutation"
"Forest-003","Forest","modifier",1,19,0.79441232219481,0.999814530062594,0.205402207867784,0.841670863396797,"direct_R_permutation"
"Forest-003","Forest","modifier",1,20,0.79441232219481,1.12329277967232,0.32888045747751,0.841670863396797,"direct_R_permutation"
"Forest-003","Forest","modifier",1,21,0.79441232219481,1.17864034017073,0.38422801797592,0.841670863396797,"direct_R_permutation"
"Forest-003","Forest","modifier",1,22,0.79441232219481,1.18652224469852,0.392109922503712,0.841670863396797,"direct_R_permutation"
"Forest-003","Forest","modifier",1,23,0.79441232219481,1.11028358891073,0.315871266715921,0.841670863396797,"direct_R_permutation"
"Forest-003","Forest","modifier",1,24,0.79441232219481,1.06112615444671,0.266713832251897,0.841670863396797,"direct_R_permutation"
"Forest-003","Forest","modifier",1,25,0.79441232219481,1.01353897333486,0.219126651140051,0.841670863396797,"direct_R_permutation"
"Forest-003","Forest","modifier",1,26,0.79441232219481,1.23047572404073,0.43606340184592,0.841670863396797,"direct_R_permutation"
"Forest-003","Forest","modifier",1,27,0.79441232219481,0.967616993153118,0.173204670958308,0.841670863396797,"direct_R_permutation"
"Forest-003","Forest","modifier",1,28,0.79441232219481,1.22161368078138,0.427201358586567,0.841670863396797,"direct_R_permutation"
"Forest-003","Forest","modifier",1,29,0.79441232219481,1.0421543376588,0.247742015463993,0.841670863396797,"direct_R_permutation"
"Forest-003","Forest","modifier",1,30,0.79441232219481,1.17766203409457,0.383249711899759,0.841670863396797,"direct_R_permutation"
"Forest-003","Forest","noise",1,1,0.79441232219481,0.76395298439588,-0.0304593377989303,0.841670863396797,"direct_R_permutation"
"Forest-003","Forest","noise",1,2,0.79441232219481,0.814022544031164,0.0196102218363543,0.841670863396797,"direct_R_permutation"
"Forest-003","Forest","noise",1,3,0.79441232219481,0.812446905794279,0.0180345835994689,0.841670863396797,"direct_R_permutation"
"Forest-003","Forest","noise",1,4,0.79441232219481,0.821843059705368,0.0274307375105574,0.841670863396797,"direct_R_permutation"
"Forest-003","Forest","noise",1,5,0.79441232219481,0.831179592887685,0.0367672706928748,0.841670863396797,"direct_R_permutation"
"Forest-003","Forest","noise",1,6,0.79441232219481,0.787858086739527,-0.006554235455283,0.841670863396797,"direct_R_permutation"
"Forest-003","Forest","noise",1,7,0.79441232219481,0.82106357158246,0.0266512493876498,0.841670863396797,"direct_R_permutation"
"Forest-003","Forest","noise",1,8,0.79441232219481,0.796231064756417,0.00181874256160663,0.841670863396797,"direct_R_permutation"
"Forest-003","Forest","noise",1,9,0.79441232219481,0.793648517473571,-0.000763804721238937,0.841670863396797,"direct_R_permutation"
"Forest-003","Forest","noise",1,10,0.79441232219481,0.798919091932802,0.00450676973799213,0.841670863396797,"direct_R_permutation"
"Forest-003","Forest","noise",1,11,0.79441232219481,0.796418443945785,0.0020061217509747,0.841670863396797,"direct_R_permutation"
"Forest-003","Forest","noise",1,12,0.79441232219481,0.876895805766735,0.0824834835719253,0.841670863396797,"direct_R_permutation"
"Forest-003","Forest","noise",1,13,0.79441232219481,0.8156303699641,0.02121804776929,0.841670863396797,"direct_R_permutation"
"Forest-003","Forest","noise",1,14,0.79441232219481,0.74394956407878,-0.0504627581160301,0.841670863396797,"direct_R_permutation"
"Forest-003","Forest","noise",1,15,0.79441232219481,0.815713716131875,0.0213013939370651,0.841670863396797,"direct_R_permutation"
"Forest-003","Forest","noise",1,16,0.79441232219481,0.831306094015849,0.0368937718210389,0.841670863396797,"direct_R_permutation"
"Forest-003","Forest","noise",1,17,0.79441232219481,0.838088421771049,0.0436760995762387,0.841670863396797,"direct_R_permutation"
"Forest-003","Forest","noise",1,18,0.79441232219481,0.845792051793976,0.0513797295991657,0.841670863396797,"direct_R_permutation"
"Forest-003","Forest","noise",1,19,0.79441232219481,0.836152733614568,0.0417404114197576,0.841670863396797,"direct_R_permutation"
"Forest-003","Forest","noise",1,20,0.79441232219481,0.841066992447945,0.0466546702531351,0.841670863396797,"direct_R_permutation"
"Forest-003","Forest","noise",1,21,0.79441232219481,0.768856644362521,-0.0255556778322891,0.841670863396797,"direct_R_permutation"
"Forest-003","Forest","noise",1,22,0.79441232219481,0.813648184219448,0.0192358620246376,0.841670863396797,"direct_R_permutation"
"Forest-003","Forest","noise",1,23,0.79441232219481,0.810388155997448,0.015975833802638,0.841670863396797,"direct_R_permutation"
"Forest-003","Forest","noise",1,24,0.79441232219481,0.773713157813423,-0.020699164381387,0.841670863396797,"direct_R_permutation"
"Forest-003","Forest","noise",1,25,0.79441232219481,0.808773280382154,0.0143609581873438,0.841670863396797,"direct_R_permutation"
"Forest-003","Forest","noise",1,26,0.79441232219481,0.853718254408217,0.059305932213407,0.841670863396797,"direct_R_permutation"
"Forest-003","Forest","noise",1,27,0.79441232219481,0.84008799067905,0.0456756684842403,0.841670863396797,"direct_R_permutation"
"Forest-003","Forest","noise",1,28,0.79441232219481,0.808775164393368,0.0143628421985578,0.841670863396797,"direct_R_permutation"
"Forest-003","Forest","noise",1,29,0.79441232219481,0.859916541430744,0.0655042192359343,0.841670863396797,"direct_R_permutation"
"Forest-003","Forest","noise",1,30,0.79441232219481,0.795483751592688,0.00107142939787763,0.841670863396797,"direct_R_permutation"
"Forest-004","Forest","signal",1,1,1.06274707349907,6.71279141366957,5.65004434017049,1.01718284544666,"direct_R_permutation"
"Forest-004","Forest","signal",1,2,1.06274707349907,6.53388328166551,5.47113620816644,1.01718284544666,"direct_R_permutation"
"Forest-004","Forest","signal",1,3,1.06274707349907,7.1452658805063,6.08251880700722,1.01718284544666,"direct_R_permutation"
"Forest-004","Forest","signal",1,4,1.06274707349907,6.25403735024645,5.19129027674737,1.01718284544666,"direct_R_permutation"
"Forest-004","Forest","signal",1,5,1.06274707349907,6.15100226683565,5.08825519333658,1.01718284544666,"direct_R_permutation"
"Forest-004","Forest","signal",1,6,1.06274707349907,7.52598434832354,6.46323727482446,1.01718284544666,"direct_R_permutation"
"Forest-004","Forest","signal",1,7,1.06274707349907,7.49619836180711,6.43345128830803,1.01718284544666,"direct_R_permutation"
"Forest-004","Forest","signal",1,8,1.06274707349907,6.96424875350284,5.90150168000377,1.01718284544666,"direct_R_permutation"
"Forest-004","Forest","signal",1,9,1.06274707349907,5.89039821309608,4.82765113959701,1.01718284544666,"direct_R_permutation"
"Forest-004","Forest","signal",1,10,1.06274707349907,6.4042035279237,5.34145645442463,1.01718284544666,"direct_R_permutation"
"Forest-004","Forest","signal",1,11,1.06274707349907,6.60249265018895,5.53974557668988,1.01718284544666,"direct_R_permutation"
"Forest-004","Forest","signal",1,12,1.06274707349907,7.35656273083888,6.29381565733981,1.01718284544666,"direct_R_permutation"
"Forest-004","Forest","signal",1,13,1.06274707349907,6.88319369998726,5.82044662648819,1.01718284544666,"direct_R_permutation"
"Forest-004","Forest","signal",1,14,1.06274707349907,6.19716489514948,5.13441782165041,1.01718284544666,"direct_R_permutation"
"Forest-004","Forest","signal",1,15,1.06274707349907,6.43902010676279,5.37627303326372,1.01718284544666,"direct_R_permutation"
"Forest-004","Forest","signal",1,16,1.06274707349907,6.65311134548616,5.59036427198709,1.01718284544666,"direct_R_permutation"
"Forest-004","Forest","signal",1,17,1.06274707349907,6.41168973031279,5.34894265681372,1.01718284544666,"direct_R_permutation"
"Forest-004","Forest","signal",1,18,1.06274707349907,5.20978297573954,4.14703590224046,1.01718284544666,"direct_R_permutation"
"Forest-004","Forest","signal",1,19,1.06274707349907,7.05517501148495,5.99242793798587,1.01718284544666,"direct_R_permutation"
"Forest-004","Forest","signal",1,20,1.06274707349907,7.50619749400212,6.44345042050305,1.01718284544666,"direct_R_permutation"
"Forest-004","Forest","signal",1,21,1.06274707349907,6.99636307646213,5.93361600296306,1.01718284544666,"direct_R_permutation"
"Forest-004","Forest","signal",1,22,1.06274707349907,6.81319589615403,5.75044882265495,1.01718284544666,"direct_R_permutation"
"Forest-004","Forest","signal",1,23,1.06274707349907,6.73045172784622,5.66770465434714,1.01718284544666,"direct_R_permutation"
"Forest-004","Forest","signal",1,24,1.06274707349907,6.06024157828844,4.99749450478937,1.01718284544666,"direct_R_permutation"
"Forest-004","Forest","signal",1,25,1.06274707349907,6.99023571860966,5.92748864511059,1.01718284544666,"direct_R_permutation"
"Forest-004","Forest","signal",1,26,1.06274707349907,6.44345716566322,5.38071009216415,1.01718284544666,"direct_R_permutation"
"Forest-004","Forest","signal",1,27,1.06274707349907,6.61079510206252,5.54804802856345,1.01718284544666,"direct_R_permutation"
"Forest-004","Forest","signal",1,28,1.06274707349907,5.98396866790392,4.92122159440485,1.01718284544666,"direct_R_permutation"
"Forest-004","Forest","signal",1,29,1.06274707349907,7.75658062355234,6.69383355005327,1.01718284544666,"direct_R_permutation"
"Forest-004","Forest","signal",1,30,1.06274707349907,7.00251461243836,5.93976753893929,1.01718284544666,"direct_R_permutation"
"Forest-004","Forest","proxy",1,1,1.06274707349907,5.12388581111805,4.06113873761898,1.01718284544666,"direct_R_permutation"
"Forest-004","Forest","proxy",1,2,1.06274707349907,4.82520005497549,3.76245298147642,1.01718284544666,"direct_R_permutation"
"Forest-004","Forest","proxy",1,3,1.06274707349907,5.11815827560423,4.05541120210516,1.01718284544666,"direct_R_permutation"
"Forest-004","Forest","proxy",1,4,1.06274707349907,4.92297464430083,3.86022757080175,1.01718284544666,"direct_R_permutation"
"Forest-004","Forest","proxy",1,5,1.06274707349907,5.18908533806577,4.1263382645667,1.01718284544666,"direct_R_permutation"
"Forest-004","Forest","proxy",1,6,1.06274707349907,5.51025914908383,4.44751207558476,1.01718284544666,"direct_R_permutation"
"Forest-004","Forest","proxy",1,7,1.06274707349907,5.54549800598532,4.48275093248624,1.01718284544666,"direct_R_permutation"
"Forest-004","Forest","proxy",1,8,1.06274707349907,5.26056263040302,4.19781555690395,1.01718284544666,"direct_R_permutation"
"Forest-004","Forest","proxy",1,9,1.06274707349907,4.40506945783974,3.34232238434067,1.01718284544666,"direct_R_permutation"
"Forest-004","Forest","proxy",1,10,1.06274707349907,6.03471479800303,4.97196772450395,1.01718284544666,"direct_R_permutation"
"Forest-004","Forest","proxy",1,11,1.06274707349907,4.52045261800338,3.45770554450431,1.01718284544666,"direct_R_permutation"
"Forest-004","Forest","proxy",1,12,1.06274707349907,4.8633545376869,3.80060746418783,1.01718284544666,"direct_R_permutation"
"Forest-004","Forest","proxy",1,13,1.06274707349907,5.38814754998256,4.32540047648349,1.01718284544666,"direct_R_permutation"
"Forest-004","Forest","proxy",1,14,1.06274707349907,5.20967236494313,4.14692529144405,1.01718284544666,"direct_R_permutation"
"Forest-004","Forest","proxy",1,15,1.06274707349907,4.12784554223751,3.06509846873844,1.01718284544666,"direct_R_permutation"
"Forest-004","Forest","proxy",1,16,1.06274707349907,4.63813573125159,3.57538865775251,1.01718284544666,"direct_R_permutation"
"Forest-004","Forest","proxy",1,17,1.06274707349907,5.23768369170232,4.17493661820325,1.01718284544666,"direct_R_permutation"
"Forest-004","Forest","proxy",1,18,1.06274707349907,5.55316294094144,4.49041586744236,1.01718284544666,"direct_R_permutation"
"Forest-004","Forest","proxy",1,19,1.06274707349907,4.93560221043679,3.87285513693772,1.01718284544666,"direct_R_permutation"
"Forest-004","Forest","proxy",1,20,1.06274707349907,5.9168105809089,4.85406350740982,1.01718284544666,"direct_R_permutation"
"Forest-004","Forest","proxy",1,21,1.06274707349907,5.24531767229172,4.18257059879264,1.01718284544666,"direct_R_permutation"
"Forest-004","Forest","proxy",1,22,1.06274707349907,5.71232823912055,4.64958116562148,1.01718284544666,"direct_R_permutation"
"Forest-004","Forest","proxy",1,23,1.06274707349907,5.15654582918452,4.09379875568544,1.01718284544666,"direct_R_permutation"
"Forest-004","Forest","proxy",1,24,1.06274707349907,5.88769385581807,4.824946782319,1.01718284544666,"direct_R_permutation"
"Forest-004","Forest","proxy",1,25,1.06274707349907,4.57950747218531,3.51676039868624,1.01718284544666,"direct_R_permutation"
"Forest-004","Forest","proxy",1,26,1.06274707349907,4.99814587276745,3.93539879926837,1.01718284544666,"direct_R_permutation"
"Forest-004","Forest","proxy",1,27,1.06274707349907,5.32066107662021,4.25791400312113,1.01718284544666,"direct_R_permutation"
"Forest-004","Forest","proxy",1,28,1.06274707349907,5.36469346942203,4.30194639592296,1.01718284544666,"direct_R_permutation"
"Forest-004","Forest","proxy",1,29,1.06274707349907,5.0124301850313,3.94968311153222,1.01718284544666,"direct_R_permutation"
"Forest-004","Forest","proxy",1,30,1.06274707349907,4.86198848990867,3.79924141640959,1.01718284544666,"direct_R_permutation"
"Forest-004","Forest","modifier",1,1,1.06274707349907,1.41867257627451,0.355925502775438,1.01718284544666,"direct_R_permutation"
"Forest-004","Forest","modifier",1,2,1.06274707349907,1.54623330689737,0.4834862333983,1.01718284544666,"direct_R_permutation"
"Forest-004","Forest","modifier",1,3,1.06274707349907,1.42267693263714,0.359929859138065,1.01718284544666,"direct_R_permutation"
"Forest-004","Forest","modifier",1,4,1.06274707349907,1.48673065030037,0.423983576801295,1.01718284544666,"direct_R_permutation"
"Forest-004","Forest","modifier",1,5,1.06274707349907,1.42220876353002,0.359461690030949,1.01718284544666,"direct_R_permutation"
"Forest-004","Forest","modifier",1,6,1.06274707349907,1.39105819319185,0.328311119692774,1.01718284544666,"direct_R_permutation"
"Forest-004","Forest","modifier",1,7,1.06274707349907,1.56098689128126,0.498239817782187,1.01718284544666,"direct_R_permutation"
"Forest-004","Forest","modifier",1,8,1.06274707349907,1.3475691330693,0.284822059570226,1.01718284544666,"direct_R_permutation"
"Forest-004","Forest","modifier",1,9,1.06274707349907,1.38066457142745,0.31791749792838,1.01718284544666,"direct_R_permutation"
"Forest-004","Forest","modifier",1,10,1.06274707349907,1.35293383707103,0.290186763571959,1.01718284544666,"direct_R_permutation"
"Forest-004","Forest","modifier",1,11,1.06274707349907,1.35580307824106,0.293056004741987,1.01718284544666,"direct_R_permutation"
"Forest-004","Forest","modifier",1,12,1.06274707349907,1.27010476850059,0.207357695001521,1.01718284544666,"direct_R_permutation"
"Forest-004","Forest","modifier",1,13,1.06274707349907,1.34843031914821,0.28568324564914,1.01718284544666,"direct_R_permutation"
"Forest-004","Forest","modifier",1,14,1.06274707349907,1.49411473833704,0.431367664837968,1.01718284544666,"direct_R_permutation"
"Forest-004","Forest","modifier",1,15,1.06274707349907,1.31731939374529,0.254572320246219,1.01718284544666,"direct_R_permutation"
"Forest-004","Forest","modifier",1,16,1.06274707349907,1.43906650066804,0.376319427168971,1.01718284544666,"direct_R_permutation"
"Forest-004","Forest","modifier",1,17,1.06274707349907,1.37877588983943,0.316028816340353,1.01718284544666,"direct_R_permutation"
"Forest-004","Forest","modifier",1,18,1.06274707349907,1.55662897671822,0.493881903219151,1.01718284544666,"direct_R_permutation"
"Forest-004","Forest","modifier",1,19,1.06274707349907,1.30690189748362,0.244154823984544,1.01718284544666,"direct_R_permutation"
"Forest-004","Forest","modifier",1,20,1.06274707349907,1.60451902572616,0.541771952227087,1.01718284544666,"direct_R_permutation"
"Forest-004","Forest","modifier",1,21,1.06274707349907,1.5098283201634,0.447081246664323,1.01718284544666,"direct_R_permutation"
"Forest-004","Forest","modifier",1,22,1.06274707349907,1.54933756282949,0.48659048933042,1.01718284544666,"direct_R_permutation"
"Forest-004","Forest","modifier",1,23,1.06274707349907,1.37982260269277,0.317075529193699,1.01718284544666,"direct_R_permutation"
"Forest-004","Forest","modifier",1,24,1.06274707349907,1.35388384115365,0.291136767654576,1.01718284544666,"direct_R_permutation"
"Forest-004","Forest","modifier",1,25,1.06274707349907,1.4403044752784,0.377557401779327,1.01718284544666,"direct_R_permutation"
"Forest-004","Forest","modifier",1,26,1.06274707349907,1.54904342622611,0.486296352727035,1.01718284544666,"direct_R_permutation"
"Forest-004","Forest","modifier",1,27,1.06274707349907,1.22693245997739,0.164185386478315,1.01718284544666,"direct_R_permutation"
"Forest-004","Forest","modifier",1,28,1.06274707349907,1.56018862960571,0.497441556106638,1.01718284544666,"direct_R_permutation"
"Forest-004","Forest","modifier",1,29,1.06274707349907,1.33575622026446,0.273009146765389,1.01718284544666,"direct_R_permutation"
"Forest-004","Forest","modifier",1,30,1.06274707349907,1.41709746150644,0.354350388007365,1.01718284544666,"direct_R_permutation"
"Forest-004","Forest","noise",1,1,1.06274707349907,1.03598176017303,-0.0267653133260488,1.01718284544666,"direct_R_permutation"
"Forest-004","Forest","noise",1,2,1.06274707349907,1.10689335476932,0.0441462812702418,1.01718284544666,"direct_R_permutation"
"Forest-004","Forest","noise",1,3,1.06274707349907,1.07523724816927,0.0124901746702009,1.01718284544666,"direct_R_permutation"
"Forest-004","Forest","noise",1,4,1.06274707349907,1.13292059402508,0.0701735205260099,1.01718284544666,"direct_R_permutation"
"Forest-004","Forest","noise",1,5,1.06274707349907,1.08583844081027,0.0230913673111963,1.01718284544666,"direct_R_permutation"
"Forest-004","Forest","noise",1,6,1.06274707349907,1.13430973977209,0.0715626662730149,1.01718284544666,"direct_R_permutation"
"Forest-004","Forest","noise",1,7,1.06274707349907,1.12283725206743,0.0600901785683523,1.01718284544666,"direct_R_permutation"
"Forest-004","Forest","noise",1,8,1.06274707349907,1.07924145968164,0.0164943861825697,1.01718284544666,"direct_R_permutation"
"Forest-004","Forest","noise",1,9,1.06274707349907,1.11797186338186,0.0552247898827845,1.01718284544666,"direct_R_permutation"
"Forest-004","Forest","noise",1,10,1.06274707349907,1.1294333620955,0.0666862885964266,1.01718284544666,"direct_R_permutation"
"Forest-004","Forest","noise",1,11,1.06274707349907,1.07827956600793,0.0155324925088531,1.01718284544666,"direct_R_permutation"
"Forest-004","Forest","noise",1,12,1.06274707349907,1.12714470745027,0.0643976339511976,1.01718284544666,"direct_R_permutation"
"Forest-004","Forest","noise",1,13,1.06274707349907,1.12667107965255,0.0639240061534745,1.01718284544666,"direct_R_permutation"
"Forest-004","Forest","noise",1,14,1.06274707349907,1.03757096481225,-0.0251761086868227,1.01718284544666,"direct_R_permutation"
"Forest-004","Forest","noise",1,15,1.06274707349907,1.12055795102533,0.0578108775262534,1.01718284544666,"direct_R_permutation"
"Forest-004","Forest","noise",1,16,1.06274707349907,1.10793058441775,0.0451835109186782,1.01718284544666,"direct_R_permutation"
"Forest-004","Forest","noise",1,17,1.06274707349907,1.10873178927043,0.0459847157713533,1.01718284544666,"direct_R_permutation"
"Forest-004","Forest","noise",1,18,1.06274707349907,1.14335429154159,0.080607218042519,1.01718284544666,"direct_R_permutation"
"Forest-004","Forest","noise",1,19,1.06274707349907,1.11049998273802,0.0477529092389444,1.01718284544666,"direct_R_permutation"
"Forest-004","Forest","noise",1,20,1.06274707349907,1.1658393962442,0.103092322745126,1.01718284544666,"direct_R_permutation"
"Forest-004","Forest","noise",1,21,1.06274707349907,1.08649425277446,0.0237471792753849,1.01718284544666,"direct_R_permutation"
"Forest-004","Forest","noise",1,22,1.06274707349907,1.09465411704844,0.0319070435493687,1.01718284544666,"direct_R_permutation"
"Forest-004","Forest","noise",1,23,1.06274707349907,1.10175331984281,0.0390062463437397,1.01718284544666,"direct_R_permutation"
"Forest-004","Forest","noise",1,24,1.06274707349907,1.09449579485391,0.0317487213548382,1.01718284544666,"direct_R_permutation"
"Forest-004","Forest","noise",1,25,1.06274707349907,1.11691893750119,0.054171864002114,1.01718284544666,"direct_R_permutation"
"Forest-004","Forest","noise",1,26,1.06274707349907,1.14299343826576,0.0802463647666893,1.01718284544666,"direct_R_permutation"
"Forest-004","Forest","noise",1,27,1.06274707349907,1.12221869094589,0.0594716174468142,1.01718284544666,"direct_R_permutation"
"Forest-004","Forest","noise",1,28,1.06274707349907,1.1590501422545,0.0963030687554298,1.01718284544666,"direct_R_permutation"
"Forest-004","Forest","noise",1,29,1.06274707349907,1.0430960013112,-0.0196510721878702,1.01718284544666,"direct_R_permutation"
"Forest-004","Forest","noise",1,30,1.06274707349907,1.0855882156367,0.0228411421376309,1.01718284544666,"direct_R_permutation"
"Forest-005","Forest","signal",1,1,0.873658044564065,10.7223031109652,9.84864506640112,0.851139381010135,"direct_R_permutation"
"Forest-005","Forest","signal",1,2,0.873658044564065,10.6211984661069,9.74754042154281,0.851139381010135,"direct_R_permutation"
"Forest-005","Forest","signal",1,3,0.873658044564065,11.350407984508,10.4767499399439,0.851139381010135,"direct_R_permutation"
"Forest-005","Forest","signal",1,4,0.873658044564065,10.1143762906022,9.24071824603811,0.851139381010135,"direct_R_permutation"
"Forest-005","Forest","signal",1,5,0.873658044564065,10.0263555942609,9.15269754969682,0.851139381010135,"direct_R_permutation"
"Forest-005","Forest","signal",1,6,0.873658044564065,11.9297081396255,11.0560500950614,0.851139381010135,"direct_R_permutation"
"Forest-005","Forest","signal",1,7,0.873658044564065,12.2566131295378,11.3829550849738,0.851139381010135,"direct_R_permutation"
"Forest-005","Forest","signal",1,8,0.873658044564065,11.3419688052735,10.4683107607095,0.851139381010135,"direct_R_permutation"
"Forest-005","Forest","signal",1,9,0.873658044564065,9.36907899191153,8.49542094734747,0.851139381010135,"direct_R_permutation"
"Forest-005","Forest","signal",1,10,0.873658044564065,10.2968928067187,9.42323476215466,0.851139381010135,"direct_R_permutation"
"Forest-005","Forest","signal",1,11,0.873658044564065,10.6019990777188,9.72834103315471,0.851139381010135,"direct_R_permutation"
"Forest-005","Forest","signal",1,12,0.873658044564065,11.9255905371056,11.0519324925416,0.851139381010135,"direct_R_permutation"
"Forest-005","Forest","signal",1,13,0.873658044564065,10.9686893672537,10.0950313226897,0.851139381010135,"direct_R_permutation"
"Forest-005","Forest","signal",1,14,0.873658044564065,9.81120147765655,8.93754343309249,0.851139381010135,"direct_R_permutation"
"Forest-005","Forest","signal",1,15,0.873658044564065,10.4347326986926,9.56107465412851,0.851139381010135,"direct_R_permutation"
"Forest-005","Forest","signal",1,16,0.873658044564065,10.6567212031097,9.7830631585456,0.851139381010135,"direct_R_permutation"
"Forest-005","Forest","signal",1,17,0.873658044564065,10.256018976752,9.38236093218793,0.851139381010135,"direct_R_permutation"
"Forest-005","Forest","signal",1,18,0.873658044564065,8.05969817069365,7.18604012612958,0.851139381010135,"direct_R_permutation"
"Forest-005","Forest","signal",1,19,0.873658044564065,11.2403055900537,10.3666475454896,0.851139381010135,"direct_R_permutation"
"Forest-005","Forest","signal",1,20,0.873658044564065,12.144843396022,11.271185351458,0.851139381010135,"direct_R_permutation"
"Forest-005","Forest","signal",1,21,0.873658044564065,11.1940053454119,10.3203473008478,0.851139381010135,"direct_R_permutation"
"Forest-005","Forest","signal",1,22,0.873658044564065,10.8602648258905,9.98660678132644,0.851139381010135,"direct_R_permutation"
"Forest-005","Forest","signal",1,23,0.873658044564065,10.8540045901561,9.98034654559208,0.851139381010135,"direct_R_permutation"
"Forest-005","Forest","signal",1,24,0.873658044564065,9.86107171939463,8.98741367483056,0.851139381010135,"direct_R_permutation"
"Forest-005","Forest","signal",1,25,0.873658044564065,11.3184353041069,10.4447772595428,0.851139381010135,"direct_R_permutation"
"Forest-005","Forest","signal",1,26,0.873658044564065,10.1811621389151,9.30750409435101,0.851139381010135,"direct_R_permutation"
"Forest-005","Forest","signal",1,27,0.873658044564065,10.4399562155032,9.56629817093915,0.851139381010135,"direct_R_permutation"
"Forest-005","Forest","signal",1,28,0.873658044564065,9.6606359796654,8.78697793510134,0.851139381010135,"direct_R_permutation"
"Forest-005","Forest","signal",1,29,0.873658044564065,12.6548627259132,11.7812046813491,0.851139381010135,"direct_R_permutation"
"Forest-005","Forest","signal",1,30,0.873658044564065,11.5539151033123,10.6802570587483,0.851139381010135,"direct_R_permutation"
"Forest-005","Forest","proxy",1,1,0.873658044564065,2.73326418118911,1.85960613662505,0.851139381010135,"direct_R_permutation"
"Forest-005","Forest","proxy",1,2,0.873658044564065,2.50945535764509,1.63579731308103,0.851139381010135,"direct_R_permutation"
"Forest-005","Forest","proxy",1,3,0.873658044564065,2.59864402664207,1.72498598207801,0.851139381010135,"direct_R_permutation"
"Forest-005","Forest","proxy",1,4,0.873658044564065,2.68621502731502,1.81255698275095,0.851139381010135,"direct_R_permutation"
"Forest-005","Forest","proxy",1,5,0.873658044564065,2.66724775070589,1.79358970614182,0.851139381010135,"direct_R_permutation"
"Forest-005","Forest","proxy",1,6,0.873658044564065,2.90562667206016,2.0319686274961,0.851139381010135,"direct_R_permutation"
"Forest-005","Forest","proxy",1,7,0.873658044564065,2.88877398493938,2.01511594037532,0.851139381010135,"direct_R_permutation"
"Forest-005","Forest","proxy",1,8,0.873658044564065,2.7545841244756,1.88092607991154,0.851139381010135,"direct_R_permutation"
"Forest-005","Forest","proxy",1,9,0.873658044564065,2.3565584568658,1.48290041230173,0.851139381010135,"direct_R_permutation"
"Forest-005","Forest","proxy",1,10,0.873658044564065,3.20761306227344,2.33395501770937,0.851139381010135,"direct_R_permutation"
"Forest-005","Forest","proxy",1,11,0.873658044564065,2.34267859817982,1.46902055361576,0.851139381010135,"direct_R_permutation"
"Forest-005","Forest","proxy",1,12,0.873658044564065,2.60423644094156,1.7305783963775,0.851139381010135,"direct_R_permutation"
"Forest-005","Forest","proxy",1,13,0.873658044564065,2.76073010798951,1.88707206342545,0.851139381010135,"direct_R_permutation"
"Forest-005","Forest","proxy",1,14,0.873658044564065,2.65794701685058,1.78428897228652,0.851139381010135,"direct_R_permutation"
"Forest-005","Forest","proxy",1,15,0.873658044564065,2.29374340832954,1.42008536376547,0.851139381010135,"direct_R_permutation"
"Forest-005","Forest","proxy",1,16,0.873658044564065,2.46227757725409,1.58861953269003,0.851139381010135,"direct_R_permutation"
"Forest-005","Forest","proxy",1,17,0.873658044564065,2.73825419652366,1.8645961519596,0.851139381010135,"direct_R_permutation"
"Forest-005","Forest","proxy",1,18,0.873658044564065,2.88952808315605,2.01587003859198,0.851139381010135,"direct_R_permutation"
"Forest-005","Forest","proxy",1,19,0.873658044564065,2.68422822657298,1.81057018200892,0.851139381010135,"direct_R_permutation"
"Forest-005","Forest","proxy",1,20,0.873658044564065,2.99499832881878,2.12134028425471,0.851139381010135,"direct_R_permutation"
"Forest-005","Forest","proxy",1,21,0.873658044564065,2.80887429149229,1.93521624692822,0.851139381010135,"direct_R_permutation"
"Forest-005","Forest","proxy",1,22,0.873658044564065,2.9490391370189,2.07538109245484,0.851139381010135,"direct_R_permutation"
"Forest-005","Forest","proxy",1,23,0.873658044564065,2.72133731655024,1.84767927198618,0.851139381010135,"direct_R_permutation"
"Forest-005","Forest","proxy",1,24,0.873658044564065,2.92729284499674,2.05363480043267,0.851139381010135,"direct_R_permutation"
"Forest-005","Forest","proxy",1,25,0.873658044564065,2.44760153637869,1.57394349181462,0.851139381010135,"direct_R_permutation"
"Forest-005","Forest","proxy",1,26,0.873658044564065,2.57576299795784,1.70210495339378,0.851139381010135,"direct_R_permutation"
"Forest-005","Forest","proxy",1,27,0.873658044564065,2.75412234038458,1.88046429582051,0.851139381010135,"direct_R_permutation"
"Forest-005","Forest","proxy",1,28,0.873658044564065,2.8916347617746,2.01797671721053,0.851139381010135,"direct_R_permutation"
"Forest-005","Forest","proxy",1,29,0.873658044564065,2.64215897478063,1.76850093021657,0.851139381010135,"direct_R_permutation"
"Forest-005","Forest","proxy",1,30,0.873658044564065,2.47761196691753,1.60395392235347,0.851139381010135,"direct_R_permutation"
"Forest-005","Forest","modifier",1,1,0.873658044564065,1.13943313157645,0.265775087012388,0.851139381010135,"direct_R_permutation"
"Forest-005","Forest","modifier",1,2,0.873658044564065,1.16340479862765,0.289746754063584,0.851139381010135,"direct_R_permutation"
"Forest-005","Forest","modifier",1,3,0.873658044564065,1.1225675293191,0.248909484755033,0.851139381010135,"direct_R_permutation"
"Forest-005","Forest","modifier",1,4,0.873658044564065,1.14379999155598,0.270141946991918,0.851139381010135,"direct_R_permutation"
"Forest-005","Forest","modifier",1,5,0.873658044564065,1.13516793491647,0.261509890352404,0.851139381010135,"direct_R_permutation"
"Forest-005","Forest","modifier",1,6,0.873658044564065,1.09454026127146,0.220882216707398,0.851139381010135,"direct_R_permutation"
"Forest-005","Forest","modifier",1,7,0.873658044564065,1.19708879984578,0.323430755281711,0.851139381010135,"direct_R_permutation"
"Forest-005","Forest","modifier",1,8,0.873658044564065,1.07735948923155,0.203701444667484,0.851139381010135,"direct_R_permutation"
"Forest-005","Forest","modifier",1,9,0.873658044564065,1.09217903659856,0.218520992034492,0.851139381010135,"direct_R_permutation"
"Forest-005","Forest","modifier",1,10,0.873658044564065,1.11146032108881,0.237802276524746,0.851139381010135,"direct_R_permutation"
"Forest-005","Forest","modifier",1,11,0.873658044564065,1.11259592975276,0.238937885188699,0.851139381010135,"direct_R_permutation"
"Forest-005","Forest","modifier",1,12,0.873658044564065,1.02907508159464,0.155417037030575,0.851139381010135,"direct_R_permutation"
"Forest-005","Forest","modifier",1,13,0.873658044564065,1.05739561650177,0.183737571937706,0.851139381010135,"direct_R_permutation"
"Forest-005","Forest","modifier",1,14,0.873658044564065,1.14763850015101,0.27398045558695,0.851139381010135,"direct_R_permutation"
"Forest-005","Forest","modifier",1,15,0.873658044564065,1.10568313148122,0.232025086917153,0.851139381010135,"direct_R_permutation"
"Forest-005","Forest","modifier",1,16,0.873658044564065,1.09873459766528,0.225076553101219,0.851139381010135,"direct_R_permutation"
"Forest-005","Forest","modifier",1,17,0.873658044564065,1.14262199731926,0.268963952755194,0.851139381010135,"direct_R_permutation"
"Forest-005","Forest","modifier",1,18,0.873658044564065,1.13215380937895,0.258495764814884,0.851139381010135,"direct_R_permutation"
"Forest-005","Forest","modifier",1,19,0.873658044564065,1.03801133735676,0.164353292792697,0.851139381010135,"direct_R_permutation"
"Forest-005","Forest","modifier",1,20,0.873658044564065,1.17709303523194,0.303434990667874,0.851139381010135,"direct_R_permutation"
"Forest-005","Forest","modifier",1,21,0.873658044564065,1.21433134312603,0.340673298561965,0.851139381010135,"direct_R_permutation"
"Forest-005","Forest","modifier",1,22,0.873658044564065,1.20806043205749,0.334402387493427,0.851139381010135,"direct_R_permutation"
"Forest-005","Forest","modifier",1,23,0.873658044564065,1.12735253333241,0.253694488768343,0.851139381010135,"direct_R_permutation"
"Forest-005","Forest","modifier",1,24,0.873658044564065,1.08288878216935,0.209230737605289,0.851139381010135,"direct_R_permutation"
"Forest-005","Forest","modifier",1,25,0.873658044564065,1.06277849694414,0.189120452380073,0.851139381010135,"direct_R_permutation"
"Forest-005","Forest","modifier",1,26,0.873658044564065,1.22075636309916,0.347098318535092,0.851139381010135,"direct_R_permutation"
"Forest-005","Forest","modifier",1,27,0.873658044564065,1.01037684709877,0.136718802534707,0.851139381010135,"direct_R_permutation"
"Forest-005","Forest","modifier",1,28,0.873658044564065,1.21583986678183,0.342181822217765,0.851139381010135,"direct_R_permutation"
"Forest-005","Forest","modifier",1,29,0.873658044564065,1.07353068834106,0.199872643776996,0.851139381010135,"direct_R_permutation"
"Forest-005","Forest","modifier",1,30,0.873658044564065,1.18428556578718,0.310627521223116,0.851139381010135,"direct_R_permutation"
"Forest-005","Forest","noise",1,1,0.873658044564065,0.853298178594284,-0.0203598659697812,0.851139381010135,"direct_R_permutation"
"Forest-005","Forest","noise",1,2,0.873658044564065,0.890526982449319,0.0168689378852539,0.851139381010135,"direct_R_permutation"
"Forest-005","Forest","noise",1,3,0.873658044564065,0.866569328515234,-0.00708871604883132,0.851139381010135,"direct_R_permutation"
"Forest-005","Forest","noise",1,4,0.873658044564065,0.893827218238323,0.0201691736742583,0.851139381010135,"direct_R_permutation"
"Forest-005","Forest","noise",1,5,0.873658044564065,0.892435707793002,0.0187776632289375,0.851139381010135,"direct_R_permutation"
"Forest-005","Forest","noise",1,6,0.873658044564065,0.883259382114369,0.00960133755030457,0.851139381010135,"direct_R_permutation"
"Forest-005","Forest","noise",1,7,0.873658044564065,0.900270547669673,0.0266125031056085,0.851139381010135,"direct_R_permutation"
"Forest-005","Forest","noise",1,8,0.873658044564065,0.873008046900399,-0.000649997663666024,0.851139381010135,"direct_R_permutation"
"Forest-005","Forest","noise",1,9,0.873658044564065,0.888919676486245,0.0152616319221803,0.851139381010135,"direct_R_permutation"
"Forest-005","Forest","noise",1,10,0.873658044564065,0.900924447709002,0.0272664031449369,0.851139381010135,"direct_R_permutation"
"Forest-005","Forest","noise",1,11,0.873658044564065,0.86835650377237,-0.0053015407916952,0.851139381010135,"direct_R_permutation"
"Forest-005","Forest","noise",1,12,0.873658044564065,0.916981339582753,0.0433232950186877,0.851139381010135,"direct_R_permutation"
"Forest-005","Forest","noise",1,13,0.873658044564065,0.889042041829998,0.0153839972659331,0.851139381010135,"direct_R_permutation"
"Forest-005","Forest","noise",1,14,0.873658044564065,0.844066221233902,-0.0295918233301626,0.851139381010135,"direct_R_permutation"
"Forest-005","Forest","noise",1,15,0.873658044564065,0.883543763343051,0.0098857187789857,0.851139381010135,"direct_R_permutation"
"Forest-005","Forest","noise",1,16,0.873658044564065,0.889347022270225,0.0156889777061604,0.851139381010135,"direct_R_permutation"
"Forest-005","Forest","noise",1,17,0.873658044564065,0.915896684358416,0.0422386397943507,0.851139381010135,"direct_R_permutation"
"Forest-005","Forest","noise",1,18,0.873658044564065,0.909991853956409,0.036333809392344,0.851139381010135,"direct_R_permutation"
"Forest-005","Forest","noise",1,19,0.873658044564065,0.902707437198202,0.0290493926341375,0.851139381010135,"direct_R_permutation"
"Forest-005","Forest","noise",1,20,0.873658044564065,0.92530476457932,0.0516467200152548,0.851139381010135,"direct_R_permutation"
"Forest-005","Forest","noise",1,21,0.873658044564065,0.852136585794463,-0.0215214587696023,0.851139381010135,"direct_R_permutation"
"Forest-005","Forest","noise",1,22,0.873658044564065,0.888123381980476,0.0144653374164114,0.851139381010135,"direct_R_permutation"
"Forest-005","Forest","noise",1,23,0.873658044564065,0.899995495781212,0.0263374512171468,0.851139381010135,"direct_R_permutation"
"Forest-005","Forest","noise",1,24,0.873658044564065,0.860640222559291,-0.0130178220047742,0.851139381010135,"direct_R_permutation"
"Forest-005","Forest","noise",1,25,0.873658044564065,0.874600951419699,0.000942906855633696,0.851139381010135,"direct_R_permutation"
"Forest-005","Forest","noise",1,26,0.873658044564065,0.923725215045435,0.0500671704813702,0.851139381010135,"direct_R_permutation"
"Forest-005","Forest","noise",1,27,0.873658044564065,0.894659584708627,0.0210015401445623,0.851139381010135,"direct_R_permutation"
"Forest-005","Forest","noise",1,28,0.873658044564065,0.879765119964627,0.00610707540056221,0.851139381010135,"direct_R_permutation"
"Forest-005","Forest","noise",1,29,0.873658044564065,0.900124674537161,0.0264666299730961,0.851139381010135,"direct_R_permutation"
"Forest-005","Forest","noise",1,30,0.873658044564065,0.867359380342525,-0.00629866422153991,0.851139381010135,"direct_R_permutation"
"Forest-006","Forest","signal",1,1,0.825012241544647,17.358589227835,16.5335769862903,0.853020613249745,"direct_R_permutation"
"Forest-006","Forest","signal",1,2,0.825012241544647,17.4006980661235,16.5756858245788,0.853020613249745,"direct_R_permutation"
"Forest-006","Forest","signal",1,3,0.825012241544647,18.8092898836373,17.9842776420927,0.853020613249745,"direct_R_permutation"
"Forest-006","Forest","signal",1,4,0.825012241544647,17.1476683429671,16.3226561014224,0.853020613249745,"direct_R_permutation"
"Forest-006","Forest","signal",1,5,0.825012241544647,16.9157506330327,16.0907383914881,0.853020613249745,"direct_R_permutation"
"Forest-006","Forest","signal",1,6,0.825012241544647,19.548041213152,18.7230289716073,0.853020613249745,"direct_R_permutation"
"Forest-006","Forest","signal",1,7,0.825012241544647,20.5675680031838,19.7425557616391,0.853020613249745,"direct_R_permutation"
"Forest-006","Forest","signal",1,8,0.825012241544647,18.9257070941349,18.1006948525902,0.853020613249745,"direct_R_permutation"
"Forest-006","Forest","signal",1,9,0.825012241544647,15.3337827128082,14.5087704712635,0.853020613249745,"direct_R_permutation"
"Forest-006","Forest","signal",1,10,0.825012241544647,17.2543830754845,16.4293708339399,0.853020613249745,"direct_R_permutation"
"Forest-006","Forest","signal",1,11,0.825012241544647,17.6459537151751,16.8209414736305,0.853020613249745,"direct_R_permutation"
"Forest-006","Forest","signal",1,12,0.825012241544647,19.7146864961076,18.8896742545629,0.853020613249745,"direct_R_permutation"
"Forest-006","Forest","signal",1,13,0.825012241544647,18.3932143836459,17.5682021421012,0.853020613249745,"direct_R_permutation"
"Forest-006","Forest","signal",1,14,0.825012241544647,16.1314347099309,15.3064224683862,0.853020613249745,"direct_R_permutation"
"Forest-006","Forest","signal",1,15,0.825012241544647,17.978345655808,17.1533334142634,0.853020613249745,"direct_R_permutation"
"Forest-006","Forest","signal",1,16,0.825012241544647,17.3635741309444,16.5385618893998,0.853020613249745,"direct_R_permutation"
"Forest-006","Forest","signal",1,17,0.825012241544647,17.2071577778016,16.3821455362569,0.853020613249745,"direct_R_permutation"
"Forest-006","Forest","signal",1,18,0.825012241544647,12.8926107915933,12.0675985500487,0.853020613249745,"direct_R_permutation"
"Forest-006","Forest","signal",1,19,0.825012241544647,19.0197325500908,18.1947203085462,0.853020613249745,"direct_R_permutation"
"Forest-006","Forest","signal",1,20,0.825012241544647,20.3978221371623,19.5728098956177,0.853020613249745,"direct_R_permutation"
"Forest-006","Forest","signal",1,21,0.825012241544647,18.7360036072668,17.9109913657222,0.853020613249745,"direct_R_permutation"
"Forest-006","Forest","signal",1,22,0.825012241544647,17.9597611892796,17.134748947735,0.853020613249745,"direct_R_permutation"
"Forest-006","Forest","signal",1,23,0.825012241544647,17.7948678531611,16.9698556116165,0.853020613249745,"direct_R_permutation"
"Forest-006","Forest","signal",1,24,0.825012241544647,16.3730961570952,15.5480839155506,0.853020613249745,"direct_R_permutation"
"Forest-006","Forest","signal",1,25,0.825012241544647,19.357851966381,18.5328397248363,0.853020613249745,"direct_R_permutation"
"Forest-006","Forest","signal",1,26,0.825012241544647,16.8789467559359,16.0539345143913,0.853020613249745,"direct_R_permutation"
"Forest-006","Forest","signal",1,27,0.825012241544647,17.4142537822935,16.5892415407488,0.853020613249745,"direct_R_permutation"
"Forest-006","Forest","signal",1,28,0.825012241544647,15.8244839884391,14.9994717468945,0.853020613249745,"direct_R_permutation"
"Forest-006","Forest","signal",1,29,0.825012241544647,20.688329626615,19.8633173850704,0.853020613249745,"direct_R_permutation"
"Forest-006","Forest","signal",1,30,0.825012241544647,18.9437371904945,18.1187249489499,0.853020613249745,"direct_R_permutation"
"Forest-006","Forest","proxy",1,1,0.825012241544647,0.960038913418562,0.135026671873915,0.853020613249745,"direct_R_permutation"
"Forest-006","Forest","proxy",1,2,0.825012241544647,0.990342535723969,0.165330294179321,0.853020613249745,"direct_R_permutation"
"Forest-006","Forest","proxy",1,3,0.825012241544647,0.994272462278494,0.169260220733846,0.853020613249745,"direct_R_permutation"
"Forest-006","Forest","proxy",1,4,0.825012241544647,1.00768499553481,0.182672753990158,0.853020613249745,"direct_R_permutation"
"Forest-006","Forest","proxy",1,5,0.825012241544647,1.00394014576493,0.17892790422028,0.853020613249745,"direct_R_permutation"
"Forest-006","Forest","proxy",1,6,0.825012241544647,0.965224094789869,0.140211853245222,0.853020613249745,"direct_R_permutation"
"Forest-006","Forest","proxy",1,7,0.825012241544647,1.01845282653904,0.193440584994392,0.853020613249745,"direct_R_permutation"
"Forest-006","Forest","proxy",1,8,0.825012241544647,0.988247510979397,0.16323526943475,0.853020613249745,"direct_R_permutation"
"Forest-006","Forest","proxy",1,9,0.825012241544647,0.958467415637071,0.133455174092424,0.853020613249745,"direct_R_permutation"
"Forest-006","Forest","proxy",1,10,0.825012241544647,0.973387527909138,0.14837528636449,0.853020613249745,"direct_R_permutation"
"Forest-006","Forest","proxy",1,11,0.825012241544647,0.983101474292755,0.158089232748107,0.853020613249745,"direct_R_permutation"
"Forest-006","Forest","proxy",1,12,0.825012241544647,0.98276621166403,0.157753970119382,0.853020613249745,"direct_R_permutation"
"Forest-006","Forest","proxy",1,13,0.825012241544647,0.973958606653519,0.148946365108871,0.853020613249745,"direct_R_permutation"
"Forest-006","Forest","proxy",1,14,0.825012241544647,1.00965951159826,0.184647270053609,0.853020613249745,"direct_R_permutation"
"Forest-006","Forest","proxy",1,15,0.825012241544647,1.00603821930581,0.181025977761165,0.853020613249745,"direct_R_permutation"
"Forest-006","Forest","proxy",1,16,0.825012241544647,0.968837418044202,0.143825176499555,0.853020613249745,"direct_R_permutation"
"Forest-006","Forest","proxy",1,17,0.825012241544647,0.983156945235548,0.158144703690901,0.853020613249745,"direct_R_permutation"
"Forest-006","Forest","proxy",1,18,0.825012241544647,1.0190950419654,0.19408280042075,0.853020613249745,"direct_R_permutation"
"Forest-006","Forest","proxy",1,19,0.825012241544647,0.985360623308418,0.160348381763771,0.853020613249745,"direct_R_permutation"
"Forest-006","Forest","proxy",1,20,0.825012241544647,0.966811869503798,0.14179962795915,0.853020613249745,"direct_R_permutation"
"Forest-006","Forest","proxy",1,21,0.825012241544647,0.992911419337166,0.167899177792518,0.853020613249745,"direct_R_permutation"
"Forest-006","Forest","proxy",1,22,0.825012241544647,0.990723181702901,0.165710940158254,0.853020613249745,"direct_R_permutation"
"Forest-006","Forest","proxy",1,23,0.825012241544647,0.966149722630681,0.141137481086034,0.853020613249745,"direct_R_permutation"
"Forest-006","Forest","proxy",1,24,0.825012241544647,0.994128906359163,0.169116664814516,0.853020613249745,"direct_R_permutation"
"Forest-006","Forest","proxy",1,25,0.825012241544647,0.96993119189292,0.144918950348273,0.853020613249745,"direct_R_permutation"
"Forest-006","Forest","proxy",1,26,0.825012241544647,0.979750305046195,0.154738063501548,0.853020613249745,"direct_R_permutation"
"Forest-006","Forest","proxy",1,27,0.825012241544647,0.983559549057112,0.158547307512464,0.853020613249745,"direct_R_permutation"
"Forest-006","Forest","proxy",1,28,0.825012241544647,0.969708668272957,0.14469642672831,0.853020613249745,"direct_R_permutation"
"Forest-006","Forest","proxy",1,29,0.825012241544647,0.962344664472298,0.13733242292765,0.853020613249745,"direct_R_permutation"
"Forest-006","Forest","proxy",1,30,0.825012241544647,0.969367509469181,0.144355267924533,0.853020613249745,"direct_R_permutation"
"Forest-006","Forest","modifier",1,1,0.825012241544647,1.12294501020703,0.297932768662383,0.853020613249745,"direct_R_permutation"
"Forest-006","Forest","modifier",1,2,0.825012241544647,1.1236978536492,0.298685612104557,0.853020613249745,"direct_R_permutation"
"Forest-006","Forest","modifier",1,3,0.825012241544647,1.07553816927108,0.250525927726428,0.853020613249745,"direct_R_permutation"
"Forest-006","Forest","modifier",1,4,0.825012241544647,1.11546959032624,0.290457348781594,0.853020613249745,"direct_R_permutation"
"Forest-006","Forest","modifier",1,5,0.825012241544647,1.14265987366375,0.317647632119105,0.853020613249745,"direct_R_permutation"
"Forest-006","Forest","modifier",1,6,0.825012241544647,1.07841185687621,0.253399615331563,0.853020613249745,"direct_R_permutation"
"Forest-006","Forest","modifier",1,7,0.825012241544647,1.1734365683956,0.348424326850956,0.853020613249745,"direct_R_permutation"
"Forest-006","Forest","modifier",1,8,0.825012241544647,1.04499059996758,0.219978358422937,0.853020613249745,"direct_R_permutation"
"Forest-006","Forest","modifier",1,9,0.825012241544647,1.09813757230522,0.273125330760577,0.853020613249745,"direct_R_permutation"
"Forest-006","Forest","modifier",1,10,0.825012241544647,1.0821406608212,0.257128419276552,0.853020613249745,"direct_R_permutation"
"Forest-006","Forest","modifier",1,11,0.825012241544647,1.10360236920825,0.278590127663601,0.853020613249745,"direct_R_permutation"
"Forest-006","Forest","modifier",1,12,0.825012241544647,1.0103169032122,0.185304661667557,0.853020613249745,"direct_R_permutation"
"Forest-006","Forest","modifier",1,13,0.825012241544647,1.05837867804335,0.233366436498706,0.853020613249745,"direct_R_permutation"
"Forest-006","Forest","modifier",1,14,0.825012241544647,1.10861512015478,0.283602878610134,0.853020613249745,"direct_R_permutation"
"Forest-006","Forest","modifier",1,15,0.825012241544647,1.10066176772091,0.275649526176267,0.853020613249745,"direct_R_permutation"
"Forest-006","Forest","modifier",1,16,0.825012241544647,1.06701492551663,0.242002683971984,0.853020613249745,"direct_R_permutation"
"Forest-006","Forest","modifier",1,17,0.825012241544647,1.15416999094668,0.329157749402029,0.853020613249745,"direct_R_permutation"
"Forest-006","Forest","modifier",1,18,0.825012241544647,1.12278454205202,0.297772300507369,0.853020613249745,"direct_R_permutation"
"Forest-006","Forest","modifier",1,19,0.825012241544647,1.01184696887037,0.186834727325725,0.853020613249745,"direct_R_permutation"
"Forest-006","Forest","modifier",1,20,0.825012241544647,1.12369405602493,0.298681814480278,0.853020613249745,"direct_R_permutation"
"Forest-006","Forest","modifier",1,21,0.825012241544647,1.19543240163698,0.370420160092333,0.853020613249745,"direct_R_permutation"
"Forest-006","Forest","modifier",1,22,0.825012241544647,1.17079508629682,0.345782844752172,0.853020613249745,"direct_R_permutation"
"Forest-006","Forest","modifier",1,23,0.825012241544647,1.11505283277048,0.290040591225828,0.853020613249745,"direct_R_permutation"
"Forest-006","Forest","modifier",1,24,0.825012241544647,1.08098348933393,0.255971247789288,0.853020613249745,"direct_R_permutation"
"Forest-006","Forest","modifier",1,25,0.825012241544647,1.02320922598605,0.198196984441398,0.853020613249745,"direct_R_permutation"
"Forest-006","Forest","modifier",1,26,0.825012241544647,1.2231857744939,0.398173532949257,0.853020613249745,"direct_R_permutation"
"Forest-006","Forest","modifier",1,27,0.825012241544647,0.998895017852333,0.173882776307686,0.853020613249745,"direct_R_permutation"
"Forest-006","Forest","modifier",1,28,0.825012241544647,1.2300355773454,0.40502333580075,0.853020613249745,"direct_R_permutation"
"Forest-006","Forest","modifier",1,29,0.825012241544647,1.03776174396351,0.212749502418858,0.853020613249745,"direct_R_permutation"
"Forest-006","Forest","modifier",1,30,0.825012241544647,1.17710871847741,0.352096476932762,0.853020613249745,"direct_R_permutation"
"Forest-006","Forest","noise",1,1,0.825012241544647,0.788350688514013,-0.0366615530306343,0.853020613249745,"direct_R_permutation"
"Forest-006","Forest","noise",1,2,0.825012241544647,0.830467018034098,0.00545477648945092,0.853020613249745,"direct_R_permutation"
"Forest-006","Forest","noise",1,3,0.825012241544647,0.814776659717414,-0.0102355818272336,0.853020613249745,"direct_R_permutation"
"Forest-006","Forest","noise",1,4,0.825012241544647,0.836164035238963,0.0111517936943156,0.853020613249745,"direct_R_permutation"
"Forest-006","Forest","noise",1,5,0.825012241544647,0.852714100864108,0.0277018593194602,0.853020613249745,"direct_R_permutation"
"Forest-006","Forest","noise",1,6,0.825012241544647,0.797676142726277,-0.0273360988183702,0.853020613249745,"direct_R_permutation"
"Forest-006","Forest","noise",1,7,0.825012241544647,0.827107498395119,0.00209525685047129,0.853020613249745,"direct_R_permutation"
"Forest-006","Forest","noise",1,8,0.825012241544647,0.804640628013612,-0.0203716135310358,0.853020613249745,"direct_R_permutation"
"Forest-006","Forest","noise",1,9,0.825012241544647,0.814009307037567,-0.0110029345070805,0.853020613249745,"direct_R_permutation"
"Forest-006","Forest","noise",1,10,0.825012241544647,0.815834668676223,-0.00917757286842458,0.853020613249745,"direct_R_permutation"
"Forest-006","Forest","noise",1,11,0.825012241544647,0.815504111980171,-0.00950812956447677,0.853020613249745,"direct_R_permutation"
"Forest-006","Forest","noise",1,12,0.825012241544647,0.887498683468431,0.0624864419237837,0.853020613249745,"direct_R_permutation"
"Forest-006","Forest","noise",1,13,0.825012241544647,0.833543515119848,0.00853127357520111,0.853020613249745,"direct_R_permutation"
"Forest-006","Forest","noise",1,14,0.825012241544647,0.770867923347816,-0.0541443181968315,0.853020613249745,"direct_R_permutation"
"Forest-006","Forest","noise",1,15,0.825012241544647,0.82513704781238,0.000124806267732702,0.853020613249745,"direct_R_permutation"
"Forest-006","Forest","noise",1,16,0.825012241544647,0.844603746008806,0.0195915044641588,0.853020613249745,"direct_R_permutation"
"Forest-006","Forest","noise",1,17,0.825012241544647,0.856539613855486,0.031527372310839,0.853020613249745,"direct_R_permutation"
"Forest-006","Forest","noise",1,18,0.825012241544647,0.850491493445771,0.0254792519011239,0.853020613249745,"direct_R_permutation"
"Forest-006","Forest","noise",1,19,0.825012241544647,0.850290003855535,0.0252777623108881,0.853020613249745,"direct_R_permutation"
"Forest-006","Forest","noise",1,20,0.825012241544647,0.845285614002402,0.0202733724577545,0.853020613249745,"direct_R_permutation"
"Forest-006","Forest","noise",1,21,0.825012241544647,0.779101373635809,-0.0459108679088381,0.853020613249745,"direct_R_permutation"
"Forest-006","Forest","noise",1,22,0.825012241544647,0.841820883895972,0.0168086423513245,0.853020613249745,"direct_R_permutation"
"Forest-006","Forest","noise",1,23,0.825012241544647,0.824072900242726,-0.000939341301921637,0.853020613249745,"direct_R_permutation"
"Forest-006","Forest","noise",1,24,0.825012241544647,0.782687149650206,-0.0423250918944417,0.853020613249745,"direct_R_permutation"
"Forest-006","Forest","noise",1,25,0.825012241544647,0.812571421661533,-0.0124408198831147,0.853020613249745,"direct_R_permutation"
"Forest-006","Forest","noise",1,26,0.825012241544647,0.86763177184262,0.0426195302979729,0.853020613249745,"direct_R_permutation"
"Forest-006","Forest","noise",1,27,0.825012241544647,0.859299548345117,0.0342873068004694,0.853020613249745,"direct_R_permutation"
"Forest-006","Forest","noise",1,28,0.825012241544647,0.810227130749169,-0.014785110795478,0.853020613249745,"direct_R_permutation"
"Forest-006","Forest","noise",1,29,0.825012241544647,0.87104342087996,0.0460311793353126,0.853020613249745,"direct_R_permutation"
"Forest-006","Forest","noise",1,30,0.825012241544647,0.808455322147678,-0.0165569193969696,0.853020613249745,"direct_R_permutation"
"Forest-008","Forest","signal",1,1,0.983619580284996,9.49167910315262,8.50805952286762,0.9356379909613,"direct_R_permutation"
"Forest-008","Forest","signal",1,2,0.983619580284996,9.35931237837337,8.37569279808837,0.9356379909613,"direct_R_permutation"
"Forest-008","Forest","signal",1,3,0.983619580284996,10.0396972247635,9.05607764447853,0.9356379909613,"direct_R_permutation"
"Forest-008","Forest","signal",1,4,0.983619580284996,8.81520776717695,7.83158818689195,0.9356379909613,"direct_R_permutation"
"Forest-008","Forest","signal",1,5,0.983619580284996,8.78393753336657,7.80031795308157,0.9356379909613,"direct_R_permutation"
"Forest-008","Forest","signal",1,6,0.983619580284996,10.5992734227094,9.61565384242445,0.9356379909613,"direct_R_permutation"
"Forest-008","Forest","signal",1,7,0.983619580284996,10.7921855850834,9.8085660047984,0.9356379909613,"direct_R_permutation"
"Forest-008","Forest","signal",1,8,0.983619580284996,9.98674543840656,9.00312585812156,0.9356379909613,"direct_R_permutation"
"Forest-008","Forest","signal",1,9,0.983619580284996,8.24496845675032,7.26134887646532,0.9356379909613,"direct_R_permutation"
"Forest-008","Forest","signal",1,10,0.983619580284996,9.07695361899599,8.09333403871099,0.9356379909613,"direct_R_permutation"
"Forest-008","Forest","signal",1,11,0.983619580284996,9.27545815163471,8.29183857134972,0.9356379909613,"direct_R_permutation"
"Forest-008","Forest","signal",1,12,0.983619580284996,10.5567652593303,9.57314567904533,0.9356379909613,"direct_R_permutation"
"Forest-008","Forest","signal",1,13,0.983619580284996,9.7146927537461,8.7310731734611,0.9356379909613,"direct_R_permutation"
"Forest-008","Forest","signal",1,14,0.983619580284996,8.62519014818105,7.64157056789605,0.9356379909613,"direct_R_permutation"
"Forest-008","Forest","signal",1,15,0.983619580284996,9.26162158309904,8.27800200281405,0.9356379909613,"direct_R_permutation"
"Forest-008","Forest","signal",1,16,0.983619580284996,9.50004485347459,8.5164252731896,0.9356379909613,"direct_R_permutation"
"Forest-008","Forest","signal",1,17,0.983619580284996,9.07936219524665,8.09574261496165,0.9356379909613,"direct_R_permutation"
"Forest-008","Forest","signal",1,18,0.983619580284996,7.15537693856404,6.17175735827905,0.9356379909613,"direct_R_permutation"
"Forest-008","Forest","signal",1,19,0.983619580284996,9.9915887714385,9.0079691911535,0.9356379909613,"direct_R_permutation"
"Forest-008","Forest","signal",1,20,0.983619580284996,10.6629462663733,9.67932668608834,0.9356379909613,"direct_R_permutation"
"Forest-008","Forest","signal",1,21,0.983619580284996,9.95656763428371,8.97294805399871,0.9356379909613,"direct_R_permutation"
"Forest-008","Forest","signal",1,22,0.983619580284996,9.55088635916622,8.56726677888122,0.9356379909613,"direct_R_permutation"
"Forest-008","Forest","signal",1,23,0.983619580284996,9.619041583644,8.63542200335901,0.9356379909613,"direct_R_permutation"
"Forest-008","Forest","signal",1,24,0.983619580284996,8.74579109291654,7.76217151263154,0.9356379909613,"direct_R_permutation"
"Forest-008","Forest","signal",1,25,0.983619580284996,10.0181592522348,9.03453967194983,0.9356379909613,"direct_R_permutation"
"Forest-008","Forest","signal",1,26,0.983619580284996,9.01021979995637,8.02660021967137,0.9356379909613,"direct_R_permutation"
"Forest-008","Forest","signal",1,27,0.983619580284996,9.26821465911237,8.28459507882737,0.9356379909613,"direct_R_permutation"
"Forest-008","Forest","signal",1,28,0.983619580284996,8.47731057167354,7.49369099138855,0.9356379909613,"direct_R_permutation"
"Forest-008","Forest","signal",1,29,0.983619580284996,11.2200938995352,10.2364743192502,0.9356379909613,"direct_R_permutation"
"Forest-008","Forest","signal",1,30,0.983619580284996,10.102432928663,9.11881334837798,0.9356379909613,"direct_R_permutation"
"Forest-008","Forest","proxy",1,1,0.983619580284996,3.3197358040871,2.3361162238021,0.9356379909613,"direct_R_permutation"
"Forest-008","Forest","proxy",1,2,0.983619580284996,3.0843094775534,2.1006898972684,0.9356379909613,"direct_R_permutation"
"Forest-008","Forest","proxy",1,3,0.983619580284996,3.18210451026965,2.19848492998465,0.9356379909613,"direct_R_permutation"
"Forest-008","Forest","proxy",1,4,0.983619580284996,3.29232283861035,2.30870325832535,0.9356379909613,"direct_R_permutation"
"Forest-008","Forest","proxy",1,5,0.983619580284996,3.3017531324099,2.31813355212491,0.9356379909613,"direct_R_permutation"
"Forest-008","Forest","proxy",1,6,0.983619580284996,3.5600224139996,2.5764028337146,0.9356379909613,"direct_R_permutation"
"Forest-008","Forest","proxy",1,7,0.983619580284996,3.55943467433946,2.57581509405447,0.9356379909613,"direct_R_permutation"
"Forest-008","Forest","proxy",1,8,0.983619580284996,3.42270844792538,2.43908886764038,0.9356379909613,"direct_R_permutation"
"Forest-008","Forest","proxy",1,9,0.983619580284996,2.89729408680597,1.91367450652098,0.9356379909613,"direct_R_permutation"
"Forest-008","Forest","proxy",1,10,0.983619580284996,3.96212939110674,2.97850981082175,0.9356379909613,"direct_R_permutation"
"Forest-008","Forest","proxy",1,11,0.983619580284996,2.93386657848922,1.95024699820422,0.9356379909613,"direct_R_permutation"
"Forest-008","Forest","proxy",1,12,0.983619580284996,3.18552341625133,2.20190383596633,0.9356379909613,"direct_R_permutation"
"Forest-008","Forest","proxy",1,13,0.983619580284996,3.41154405433666,2.42792447405166,0.9356379909613,"direct_R_permutation"
"Forest-008","Forest","proxy",1,14,0.983619580284996,3.28233406469212,2.29871448440712,0.9356379909613,"direct_R_permutation"
"Forest-008","Forest","proxy",1,15,0.983619580284996,2.81756650351651,1.83394692323151,0.9356379909613,"direct_R_permutation"
"Forest-008","Forest","proxy",1,16,0.983619580284996,3.03615270235575,2.05253312207075,0.9356379909613,"direct_R_permutation"
"Forest-008","Forest","proxy",1,17,0.983619580284996,3.36150402960762,2.37788444932262,0.9356379909613,"direct_R_permutation"
"Forest-008","Forest","proxy",1,18,0.983619580284996,3.59556858203634,2.61194900175134,0.9356379909613,"direct_R_permutation"
"Forest-008","Forest","proxy",1,19,0.983619580284996,3.25156407243659,2.26794449215159,0.9356379909613,"direct_R_permutation"
"Forest-008","Forest","proxy",1,20,0.983619580284996,3.76465100597226,2.78103142568727,0.9356379909613,"direct_R_permutation"
"Forest-008","Forest","proxy",1,21,0.983619580284996,3.43613593553632,2.45251635525132,0.9356379909613,"direct_R_permutation"
"Forest-008","Forest","proxy",1,22,0.983619580284996,3.67468371784297,2.69106413755797,0.9356379909613,"direct_R_permutation"
"Forest-008","Forest","proxy",1,23,0.983619580284996,3.38493553147893,2.40131595119394,0.9356379909613,"direct_R_permutation"
"Forest-008","Forest","proxy",1,24,0.983619580284996,3.66366631993681,2.68004673965182,0.9356379909613,"direct_R_permutation"
"Forest-008","Forest","proxy",1,25,0.983619580284996,3.02478508060445,2.04116550031946,0.9356379909613,"direct_R_permutation"
"Forest-008","Forest","proxy",1,26,0.983619580284996,3.22043314531357,2.23681356502858,0.9356379909613,"direct_R_permutation"
"Forest-008","Forest","proxy",1,27,0.983619580284996,3.40174939568939,2.4181298154044,0.9356379909613,"direct_R_permutation"
"Forest-008","Forest","proxy",1,28,0.983619580284996,3.58429836263166,2.60067878234667,0.9356379909613,"direct_R_permutation"
"Forest-008","Forest","proxy",1,29,0.983619580284996,3.24517151206286,2.26155193177786,0.9356379909613,"direct_R_permutation"
"Forest-008","Forest","proxy",1,30,0.983619580284996,3.11228219541513,2.12866261513013,0.9356379909613,"direct_R_permutation"
"Forest-008","Forest","modifier",1,1,0.983619580284996,1.21317681376124,0.229557233476239,0.9356379909613,"direct_R_permutation"
"Forest-008","Forest","modifier",1,2,0.983619580284996,1.23811680069942,0.254497220414422,0.9356379909613,"direct_R_permutation"
"Forest-008","Forest","modifier",1,3,0.983619580284996,1.1947357014627,0.211116121177701,0.9356379909613,"direct_R_permutation"
"Forest-008","Forest","modifier",1,4,0.983619580284996,1.218795200829,0.235175620544006,0.9356379909613,"direct_R_permutation"
"Forest-008","Forest","modifier",1,5,0.983619580284996,1.20349208000058,0.219872499715588,0.9356379909613,"direct_R_permutation"
"Forest-008","Forest","modifier",1,6,0.983619580284996,1.18643782624651,0.202818245961512,0.9356379909613,"direct_R_permutation"
"Forest-008","Forest","modifier",1,7,0.983619580284996,1.26115279295248,0.277533212667481,0.9356379909613,"direct_R_permutation"
"Forest-008","Forest","modifier",1,8,0.983619580284996,1.15380048624518,0.170180905960183,0.9356379909613,"direct_R_permutation"
"Forest-008","Forest","modifier",1,9,0.983619580284996,1.16940738447913,0.185787804194134,0.9356379909613,"direct_R_permutation"
"Forest-008","Forest","modifier",1,10,0.983619580284996,1.18043696467145,0.196817384386455,0.9356379909613,"direct_R_permutation"
"Forest-008","Forest","modifier",1,11,0.983619580284996,1.16701573028818,0.183396150003184,0.9356379909613,"direct_R_permutation"
"Forest-008","Forest","modifier",1,12,0.983619580284996,1.1130631697528,0.129443589467799,0.9356379909613,"direct_R_permutation"
"Forest-008","Forest","modifier",1,13,0.983619580284996,1.15519463884169,0.171575058556692,0.9356379909613,"direct_R_permutation"
"Forest-008","Forest","modifier",1,14,0.983619580284996,1.22825477114378,0.244635190858784,0.9356379909613,"direct_R_permutation"
"Forest-008","Forest","modifier",1,15,0.983619580284996,1.17741843637566,0.193798856090659,0.9356379909613,"direct_R_permutation"
"Forest-008","Forest","modifier",1,16,0.983619580284996,1.17701603274357,0.193396452458579,0.9356379909613,"direct_R_permutation"
"Forest-008","Forest","modifier",1,17,0.983619580284996,1.20845678385099,0.224837203565995,0.9356379909613,"direct_R_permutation"
"Forest-008","Forest","modifier",1,18,0.983619580284996,1.22003652076554,0.236416940480548,0.9356379909613,"direct_R_permutation"
"Forest-008","Forest","modifier",1,19,0.983619580284996,1.13031651399021,0.14669693370521,0.9356379909613,"direct_R_permutation"
"Forest-008","Forest","modifier",1,20,0.983619580284996,1.26256547050422,0.278945890219226,0.9356379909613,"direct_R_permutation"
"Forest-008","Forest","modifier",1,21,0.983619580284996,1.27060045358819,0.286980873303196,0.9356379909613,"direct_R_permutation"
"Forest-008","Forest","modifier",1,22,0.983619580284996,1.26986250560878,0.286242925323786,0.9356379909613,"direct_R_permutation"
"Forest-008","Forest","modifier",1,23,0.983619580284996,1.19028512332507,0.206665543040071,0.9356379909613,"direct_R_permutation"
"Forest-008","Forest","modifier",1,24,0.983619580284996,1.17580704569759,0.192187465412597,0.9356379909613,"direct_R_permutation"
"Forest-008","Forest","modifier",1,25,0.983619580284996,1.15818029885146,0.17456071856646,0.9356379909613,"direct_R_permutation"
"Forest-008","Forest","modifier",1,26,0.983619580284996,1.27943172759927,0.295812147314269,0.9356379909613,"direct_R_permutation"
"Forest-008","Forest","modifier",1,27,0.983619580284996,1.08987238363696,0.106252803351964,0.9356379909613,"direct_R_permutation"
"Forest-008","Forest","modifier",1,28,0.983619580284996,1.28673912161584,0.303119541330844,0.9356379909613,"direct_R_permutation"
"Forest-008","Forest","modifier",1,29,0.983619580284996,1.14591380713373,0.162294226848736,0.9356379909613,"direct_R_permutation"
"Forest-008","Forest","modifier",1,30,0.983619580284996,1.22734568772932,0.243726107444327,0.9356379909613,"direct_R_permutation"
"Forest-008","Forest","noise",1,1,0.983619580284996,0.970197516375164,-0.0134220639098322,0.9356379909613,"direct_R_permutation"
"Forest-008","Forest","noise",1,2,0.983619580284996,0.988916817191641,0.00529723690664452,0.9356379909613,"direct_R_permutation"
"Forest-008","Forest","noise",1,3,0.983619580284996,0.993653335113309,0.0100337548283125,0.9356379909613,"direct_R_permutation"
"Forest-008","Forest","noise",1,4,0.983619580284996,1.0101587892401,0.0265392089551064,0.9356379909613,"direct_R_permutation"
"Forest-008","Forest","noise",1,5,0.983619580284996,1.01042002143589,0.0268004411508889,0.9356379909613,"direct_R_permutation"
"Forest-008","Forest","noise",1,6,0.983619580284996,1.01056939486394,0.0269498145789411,0.9356379909613,"direct_R_permutation"
"Forest-008","Forest","noise",1,7,0.983619580284996,0.99910968539668,0.0154901051116832,0.9356379909613,"direct_R_permutation"
"Forest-008","Forest","noise",1,8,0.983619580284996,0.988730760040708,0.00511117975571151,0.9356379909613,"direct_R_permutation"
"Forest-008","Forest","noise",1,9,0.983619580284996,1.0098771805018,0.0262576002168067,0.9356379909613,"direct_R_permutation"
"Forest-008","Forest","noise",1,10,0.983619580284996,1.02470089381954,0.0410813135345398,0.9356379909613,"direct_R_permutation"
"Forest-008","Forest","noise",1,11,0.983619580284996,0.988790383562588,0.00517080327759201,0.9356379909613,"direct_R_permutation"
"Forest-008","Forest","noise",1,12,0.983619580284996,1.01974157270991,0.0361219924249125,0.9356379909613,"direct_R_permutation"
"Forest-008","Forest","noise",1,13,0.983619580284996,1.01211779035231,0.0284982100673132,0.9356379909613,"direct_R_permutation"
"Forest-008","Forest","noise",1,14,0.983619580284996,0.973088505126699,-0.0105310751582977,0.9356379909613,"direct_R_permutation"
"Forest-008","Forest","noise",1,15,0.983619580284996,0.997843668802837,0.0142240885178405,0.9356379909613,"direct_R_permutation"
"Forest-008","Forest","noise",1,16,0.983619580284996,0.994389410079583,0.0107698297945866,0.9356379909613,"direct_R_permutation"
"Forest-008","Forest","noise",1,17,0.983619580284996,1.01982370737026,0.0362041270852604,0.9356379909613,"direct_R_permutation"
"Forest-008","Forest","noise",1,18,0.983619580284996,1.01032049577615,0.0267009154911508,0.9356379909613,"direct_R_permutation"
"Forest-008","Forest","noise",1,19,0.983619580284996,1.01040254878971,0.0267829685047132,0.9356379909613,"direct_R_permutation"
"Forest-008","Forest","noise",1,20,0.983619580284996,1.03209378950634,0.0484742092213457,0.9356379909613,"direct_R_permutation"
"Forest-008","Forest","noise",1,21,0.983619580284996,0.972776206598624,-0.0108433736863726,0.9356379909613,"direct_R_permutation"
"Forest-008","Forest","noise",1,22,0.983619580284996,1.00201861133519,0.0183990310501916,0.9356379909613,"direct_R_permutation"
"Forest-008","Forest","noise",1,23,0.983619580284996,1.01132298180214,0.0277034015171405,0.9356379909613,"direct_R_permutation"
"Forest-008","Forest","noise",1,24,0.983619580284996,0.982760698404561,-0.000858881880435591,0.9356379909613,"direct_R_permutation"
"Forest-008","Forest","noise",1,25,0.983619580284996,0.992298524294275,0.00867894400927893,0.9356379909613,"direct_R_permutation"
"Forest-008","Forest","noise",1,26,0.983619580284996,1.03178345499767,0.0481638747126762,0.9356379909613,"direct_R_permutation"
"Forest-008","Forest","noise",1,27,0.983619580284996,1.00183305828963,0.0182134780046324,0.9356379909613,"direct_R_permutation"
"Forest-008","Forest","noise",1,28,0.983619580284996,1.00496432247912,0.021344742194126,0.9356379909613,"direct_R_permutation"
"Forest-008","Forest","noise",1,29,0.983619580284996,1.00265100361488,0.0190314233298867,0.9356379909613,"direct_R_permutation"
"Forest-008","Forest","noise",1,30,0.983619580284996,0.976229475677948,-0.0073901046070487,0.9356379909613,"direct_R_permutation"
"Forest-009","Forest","signal",1,1,0.955929579325421,17.1793231273812,16.2233935480558,0.911911687140786,"direct_R_permutation"
"Forest-009","Forest","signal",1,2,0.955929579325421,17.0890499037432,16.1331203244177,0.911911687140786,"direct_R_permutation"
"Forest-009","Forest","signal",1,3,0.955929579325421,18.49611967074,17.5401900914146,0.911911687140786,"direct_R_permutation"
"Forest-009","Forest","signal",1,4,0.955929579325421,16.812014493403,15.8560849140776,0.911911687140786,"direct_R_permutation"
"Forest-009","Forest","signal",1,5,0.955929579325421,16.541432932772,15.5855033534466,0.911911687140786,"direct_R_permutation"
"Forest-009","Forest","signal",1,6,0.955929579325421,19.1454161885748,18.1894866092494,0.911911687140786,"direct_R_permutation"
"Forest-009","Forest","signal",1,7,0.955929579325421,20.0200326537765,19.0641030744511,0.911911687140786,"direct_R_permutation"
"Forest-009","Forest","signal",1,8,0.955929579325421,18.7034728474088,17.7475432680834,0.911911687140786,"direct_R_permutation"
"Forest-009","Forest","signal",1,9,0.955929579325421,14.9553103699065,13.9993807905811,0.911911687140786,"direct_R_permutation"
"Forest-009","Forest","signal",1,10,0.955929579325421,16.8871606715497,15.9312310922243,0.911911687140786,"direct_R_permutation"
"Forest-009","Forest","signal",1,11,0.955929579325421,17.1763346468828,16.2204050675573,0.911911687140786,"direct_R_permutation"
"Forest-009","Forest","signal",1,12,0.955929579325421,19.4131055701881,18.4571759908627,0.911911687140786,"direct_R_permutation"
"Forest-009","Forest","signal",1,13,0.955929579325421,18.1426297241103,17.1867001447849,0.911911687140786,"direct_R_permutation"
"Forest-009","Forest","signal",1,14,0.955929579325421,15.842861630347,14.8869320510215,0.911911687140786,"direct_R_permutation"
"Forest-009","Forest","signal",1,15,0.955929579325421,17.583095256836,16.6271656775106,0.911911687140786,"direct_R_permutation"
"Forest-009","Forest","signal",1,16,0.955929579325421,17.00695154541,16.0510219660846,0.911911687140786,"direct_R_permutation"
"Forest-009","Forest","signal",1,17,0.955929579325421,16.6538001483099,15.6978705689845,0.911911687140786,"direct_R_permutation"
"Forest-009","Forest","signal",1,18,0.955929579325421,12.6286477869799,11.6727182076545,0.911911687140786,"direct_R_permutation"
"Forest-009","Forest","signal",1,19,0.955929579325421,18.5757669289874,17.619837349662,0.911911687140786,"direct_R_permutation"
"Forest-009","Forest","signal",1,20,0.955929579325421,19.8805260883557,18.9245965090303,0.911911687140786,"direct_R_permutation"
"Forest-009","Forest","signal",1,21,0.955929579325421,18.3475423506964,17.3916127713709,0.911911687140786,"direct_R_permutation"
"Forest-009","Forest","signal",1,22,0.955929579325421,17.5082083569217,16.5522787775963,0.911911687140786,"direct_R_permutation"
"Forest-009","Forest","signal",1,23,0.955929579325421,17.5303470196341,16.5744174403086,0.911911687140786,"direct_R_permutation"
"Forest-009","Forest","signal",1,24,0.955929579325421,16.1288973656915,15.1729677863661,0.911911687140786,"direct_R_permutation"
"Forest-009","Forest","signal",1,25,0.955929579325421,18.9282948254486,17.9723652461231,0.911911687140786,"direct_R_permutation"
"Forest-009","Forest","signal",1,26,0.955929579325421,16.5704779923405,15.6145484130151,0.911911687140786,"direct_R_permutation"
"Forest-009","Forest","signal",1,27,0.955929579325421,17.0268860755465,16.0709564962211,0.911911687140786,"direct_R_permutation"
"Forest-009","Forest","signal",1,28,0.955929579325421,15.4848873511193,14.5289577717938,0.911911687140786,"direct_R_permutation"
"Forest-009","Forest","signal",1,29,0.955929579325421,20.3909842605726,19.4350546812472,0.911911687140786,"direct_R_permutation"
"Forest-009","Forest","signal",1,30,0.955929579325421,18.6706376208486,17.7147080415232,0.911911687140786,"direct_R_permutation"
"Forest-009","Forest","proxy",1,1,0.955929579325421,1.09680989470702,0.140880315381601,0.911911687140786,"direct_R_permutation"
"Forest-009","Forest","proxy",1,2,0.955929579325421,1.10995567412695,0.154026094801527,0.911911687140786,"direct_R_permutation"
"Forest-009","Forest","proxy",1,3,0.955929579325421,1.11646276256402,0.160533183238597,0.911911687140786,"direct_R_permutation"
"Forest-009","Forest","proxy",1,4,0.955929579325421,1.12724206501776,0.171312485692337,0.911911687140786,"direct_R_permutation"
"Forest-009","Forest","proxy",1,5,0.955929579325421,1.13101447941874,0.175084900093315,0.911911687140786,"direct_R_permutation"
"Forest-009","Forest","proxy",1,6,0.955929579325421,1.10677166921506,0.150842089889642,0.911911687140786,"direct_R_permutation"
"Forest-009","Forest","proxy",1,7,0.955929579325421,1.13095648477977,0.175026905454349,0.911911687140786,"direct_R_permutation"
"Forest-009","Forest","proxy",1,8,0.955929579325421,1.09485202866484,0.138922449339416,0.911911687140786,"direct_R_permutation"
"Forest-009","Forest","proxy",1,9,0.955929579325421,1.09131909092031,0.13538951159489,0.911911687140786,"direct_R_permutation"
"Forest-009","Forest","proxy",1,10,0.955929579325421,1.12015092134329,0.164221342017867,0.911911687140786,"direct_R_permutation"
"Forest-009","Forest","proxy",1,11,0.955929579325421,1.10994328044104,0.154013701115615,0.911911687140786,"direct_R_permutation"
"Forest-009","Forest","proxy",1,12,0.955929579325421,1.10721862821043,0.151289048885008,0.911911687140786,"direct_R_permutation"
"Forest-009","Forest","proxy",1,13,0.955929579325421,1.09697457802942,0.141044998703995,0.911911687140786,"direct_R_permutation"
"Forest-009","Forest","proxy",1,14,0.955929579325421,1.11980511130969,0.163875531984267,0.911911687140786,"direct_R_permutation"
"Forest-009","Forest","proxy",1,15,0.955929579325421,1.1372847569693,0.181355177643882,0.911911687140786,"direct_R_permutation"
"Forest-009","Forest","proxy",1,16,0.955929579325421,1.09145899926413,0.135529419938708,0.911911687140786,"direct_R_permutation"
"Forest-009","Forest","proxy",1,17,0.955929579325421,1.10038142967794,0.144451850352522,0.911911687140786,"direct_R_permutation"
"Forest-009","Forest","proxy",1,18,0.955929579325421,1.1340593596757,0.178129780350277,0.911911687140786,"direct_R_permutation"
"Forest-009","Forest","proxy",1,19,0.955929579325421,1.11791492838545,0.161985349060034,0.911911687140786,"direct_R_permutation"
"Forest-009","Forest","proxy",1,20,0.955929579325421,1.10229752258557,0.146367943260153,0.911911687140786,"direct_R_permutation"
"Forest-009","Forest","proxy",1,21,0.955929579325421,1.11542282256721,0.159493243241787,0.911911687140786,"direct_R_permutation"
"Forest-009","Forest","proxy",1,22,0.955929579325421,1.11267279690228,0.156743217576857,0.911911687140786,"direct_R_permutation"
"Forest-009","Forest","proxy",1,23,0.955929579325421,1.10143357940512,0.1455040000797,0.911911687140786,"direct_R_permutation"
"Forest-009","Forest","proxy",1,24,0.955929579325421,1.13537856026507,0.179448980939646,0.911911687140786,"direct_R_permutation"
"Forest-009","Forest","proxy",1,25,0.955929579325421,1.09698369968854,0.14105412036312,0.911911687140786,"direct_R_permutation"
"Forest-009","Forest","proxy",1,26,0.955929579325421,1.09737624777785,0.141446668452425,0.911911687140786,"direct_R_permutation"
"Forest-009","Forest","proxy",1,27,0.955929579325421,1.11496982963729,0.15904025031187,0.911911687140786,"direct_R_permutation"
"Forest-009","Forest","proxy",1,28,0.955929579325421,1.11290812941635,0.156978550090929,0.911911687140786,"direct_R_permutation"
"Forest-009","Forest","proxy",1,29,0.955929579325421,1.09093587519343,0.13500629586801,0.911911687140786,"direct_R_permutation"
"Forest-009","Forest","proxy",1,30,0.955929579325421,1.10158281626471,0.145653236939294,0.911911687140786,"direct_R_permutation"
"Forest-009","Forest","modifier",1,1,0.955929579325421,1.16490396074129,0.208974381415867,0.911911687140786,"direct_R_permutation"
"Forest-009","Forest","modifier",1,2,0.955929579325421,1.17535123028272,0.219421650957297,0.911911687140786,"direct_R_permutation"
"Forest-009","Forest","modifier",1,3,0.955929579325421,1.14414503505859,0.188215455733166,0.911911687140786,"direct_R_permutation"
"Forest-009","Forest","modifier",1,4,0.955929579325421,1.18057785917,0.224648279844584,0.911911687140786,"direct_R_permutation"
"Forest-009","Forest","modifier",1,5,0.955929579325421,1.17741946468151,0.221489885356086,0.911911687140786,"direct_R_permutation"
"Forest-009","Forest","modifier",1,6,0.955929579325421,1.15244189625488,0.196512316929462,0.911911687140786,"direct_R_permutation"
"Forest-009","Forest","modifier",1,7,0.955929579325421,1.20948790936539,0.253558330039973,0.911911687140786,"direct_R_permutation"
"Forest-009","Forest","modifier",1,8,0.955929579325421,1.1328263526504,0.176896773324982,0.911911687140786,"direct_R_permutation"
"Forest-009","Forest","modifier",1,9,0.955929579325421,1.1395776608543,0.183648081528879,0.911911687140786,"direct_R_permutation"
"Forest-009","Forest","modifier",1,10,0.955929579325421,1.15670421753115,0.200774638205725,0.911911687140786,"direct_R_permutation"
"Forest-009","Forest","modifier",1,11,0.955929579325421,1.15273745870894,0.196807879383521,0.911911687140786,"direct_R_permutation"
"Forest-009","Forest","modifier",1,12,0.955929579325421,1.0873749887751,0.131445409449675,0.911911687140786,"direct_R_permutation"
"Forest-009","Forest","modifier",1,13,0.955929579325421,1.12851422435794,0.172584645032517,0.911911687140786,"direct_R_permutation"
"Forest-009","Forest","modifier",1,14,0.955929579325421,1.1612609938681,0.205331414542674,0.911911687140786,"direct_R_permutation"
"Forest-009","Forest","modifier",1,15,0.955929579325421,1.18383027625535,0.22790069692993,0.911911687140786,"direct_R_permutation"
"Forest-009","Forest","modifier",1,16,0.955929579325421,1.10883401382885,0.152904434503429,0.911911687140786,"direct_R_permutation"
"Forest-009","Forest","modifier",1,17,0.955929579325421,1.19896026882837,0.243030689502946,0.911911687140786,"direct_R_permutation"
"Forest-009","Forest","modifier",1,18,0.955929579325421,1.14975942474499,0.19382984541957,0.911911687140786,"direct_R_permutation"
"Forest-009","Forest","modifier",1,19,0.955929579325421,1.09400211925752,0.138072539932095,0.911911687140786,"direct_R_permutation"
"Forest-009","Forest","modifier",1,20,0.955929579325421,1.18119069252282,0.225261113197395,0.911911687140786,"direct_R_permutation"
"Forest-009","Forest","modifier",1,21,0.955929579325421,1.24274218392571,0.286812604600288,0.911911687140786,"direct_R_permutation"
"Forest-009","Forest","modifier",1,22,0.955929579325421,1.21698203596443,0.261052456639011,0.911911687140786,"direct_R_permutation"
"Forest-009","Forest","modifier",1,23,0.955929579325421,1.18126953869096,0.225339959365537,0.911911687140786,"direct_R_permutation"
"Forest-009","Forest","modifier",1,24,0.955929579325421,1.14159602883803,0.185666449512612,0.911911687140786,"direct_R_permutation"
"Forest-009","Forest","modifier",1,25,0.955929579325421,1.09148374774332,0.135554168417895,0.911911687140786,"direct_R_permutation"
"Forest-009","Forest","modifier",1,26,0.955929579325421,1.25233210712478,0.296402527799357,0.911911687140786,"direct_R_permutation"
"Forest-009","Forest","modifier",1,27,0.955929579325421,1.07496058595726,0.119031006631835,0.911911687140786,"direct_R_permutation"
"Forest-009","Forest","modifier",1,28,0.955929579325421,1.27694922554535,0.32101964621993,0.911911687140786,"direct_R_permutation"
"Forest-009","Forest","modifier",1,29,0.955929579325421,1.11015496018508,0.154225380859657,0.911911687140786,"direct_R_permutation"
"Forest-009","Forest","modifier",1,30,0.955929579325421,1.23790454282173,0.281974963496305,0.911911687140786,"direct_R_permutation"
"Forest-009","Forest","noise",1,1,0.955929579325421,0.941468776249594,-0.014460803075827,0.911911687140786,"direct_R_permutation"
"Forest-009","Forest","noise",1,2,0.955929579325421,0.962172953400826,0.00624337407540476,0.911911687140786,"direct_R_permutation"
"Forest-009","Forest","noise",1,3,0.955929579325421,0.95145746734307,-0.0044721119823512,0.911911687140786,"direct_R_permutation"
"Forest-009","Forest","noise",1,4,0.955929579325421,0.953300983658755,-0.00262859566666573,0.911911687140786,"direct_R_permutation"
"Forest-009","Forest","noise",1,5,0.955929579325421,0.98901949441747,0.0330899150920493,0.911911687140786,"direct_R_permutation"
"Forest-009","Forest","noise",1,6,0.955929579325421,0.952874514623259,-0.00305506470216244,0.911911687140786,"direct_R_permutation"
"Forest-009","Forest","noise",1,7,0.955929579325421,0.930948947084122,-0.0249806322412992,0.911911687140786,"direct_R_permutation"
"Forest-009","Forest","noise",1,8,0.955929579325421,0.949158306684334,-0.00677127264108746,0.911911687140786,"direct_R_permutation"
"Forest-009","Forest","noise",1,9,0.955929579325421,0.955747681913952,-0.00018189741146879,0.911911687140786,"direct_R_permutation"
"Forest-009","Forest","noise",1,10,0.955929579325421,0.959710895037189,0.00378131571176799,0.911911687140786,"direct_R_permutation"
"Forest-009","Forest","noise",1,11,0.955929579325421,0.954431925373236,-0.00149765395218471,0.911911687140786,"direct_R_permutation"
"Forest-009","Forest","noise",1,12,0.955929579325421,1.00074975573124,0.0448201764058219,0.911911687140786,"direct_R_permutation"
"Forest-009","Forest","noise",1,13,0.955929579325421,0.97217860951219,0.0162490301867685,0.911911687140786,"direct_R_permutation"
"Forest-009","Forest","noise",1,14,0.955929579325421,0.928708519834249,-0.0272210594911719,0.911911687140786,"direct_R_permutation"
"Forest-009","Forest","noise",1,15,0.955929579325421,0.945506064210263,-0.0104235151151586,0.911911687140786,"direct_R_permutation"
"Forest-009","Forest","noise",1,16,0.955929579325421,0.964164607796009,0.00823502847058755,0.911911687140786,"direct_R_permutation"
"Forest-009","Forest","noise",1,17,0.955929579325421,0.98837668828627,0.0324471089608493,0.911911687140786,"direct_R_permutation"
"Forest-009","Forest","noise",1,18,0.955929579325421,0.974801383265984,0.018871803940563,0.911911687140786,"direct_R_permutation"
"Forest-009","Forest","noise",1,19,0.955929579325421,0.969463478238477,0.0135338989130555,0.911911687140786,"direct_R_permutation"
"Forest-009","Forest","noise",1,20,0.955929579325421,0.972995801230076,0.0170662219046551,0.911911687140786,"direct_R_permutation"
"Forest-009","Forest","noise",1,21,0.955929579325421,0.937117361402462,-0.0188122179229587,0.911911687140786,"direct_R_permutation"
"Forest-009","Forest","noise",1,22,0.955929579325421,0.976285132659697,0.0203555533342762,0.911911687140786,"direct_R_permutation"
"Forest-009","Forest","noise",1,23,0.955929579325421,0.954121573821037,-0.00180800550438365,0.911911687140786,"direct_R_permutation"
"Forest-009","Forest","noise",1,24,0.955929579325421,0.930970172543701,-0.0249594067817198,0.911911687140786,"direct_R_permutation"
"Forest-009","Forest","noise",1,25,0.955929579325421,0.933432553752266,-0.022497025573155,0.911911687140786,"direct_R_permutation"
"Forest-009","Forest","noise",1,26,0.955929579325421,0.981998378090229,0.0260687987648077,0.911911687140786,"direct_R_permutation"
"Forest-009","Forest","noise",1,27,0.955929579325421,0.973309964172545,0.0173803848471235,0.911911687140786,"direct_R_permutation"
"Forest-009","Forest","noise",1,28,0.955929579325421,0.951443338542248,-0.00448624078317339,0.911911687140786,"direct_R_permutation"
"Forest-009","Forest","noise",1,29,0.955929579325421,1.00505311587901,0.0491235365535913,0.911911687140786,"direct_R_permutation"
"Forest-009","Forest","noise",1,30,0.955929579325421,0.933335757947703,-0.0225938213777184,0.911911687140786,"direct_R_permutation"
